order_id,order_date,region,state,city,category,sub_category,product_name,units,unit_price,discount_pct,sales,profit
1000,2022-08-17,West,Gujarat,Ahmedabad,Furniture,Sofas,Recliner Sofa,6,41698.0,0,250188.0,17900.93
1001,2023-04-22,South,Kerala,Kochi,Clothing,Menswear,Sherwani,5,3155.2,15,15776.0,1797.05
1002,2023-11-21,East,West Bengal,Howrah,Office Supplies,Ink & Toner,Canon Toner,1,2195.0,0,2195.0,388.45
1003,2022-05-23,North,Haryana,Gurugram,Furniture,Sofas,L-Shaped Sofa,3,37961.0,15,113883.0,14999.79
1004,2022-05-27,North,Rajasthan,Udaipur,Furniture,Tables,Coffee Table,4,40448.7,10,161794.8,33566.16
1005,2022-04-25,South,Karnataka,Mysuru,Office Supplies,Stationery,A4 Paper Ream,5,8710.4,20,43552.0,11039.44
1006,2024-07-28,North,Uttar Pradesh,Varanasi,Clothing,Footwear,Formal Shoes,3,4292.0,0,12876.0,2882.03
1007,2022-08-13,North,Punjab,Amritsar,Electronics,Televisions,"LG 55"" UHD",5,69348.0,0,346740.0,39958.21
1008,2022-08-23,West,Goa,Panaji,Office Supplies,Printers,HP Inkjet Printer,4,5845.7,30,23382.8,6077.29
1009,2024-11-05,North,Haryana,Gurugram,Electronics,Accessories,Power Bank,1,22662.0,0,22662.0,1217.45
1010,2022-06-11,East,West Bengal,Siliguri,Furniture,Tables,Office Desk,4,18333.0,10,73332.0,19333.99
1011,2024-02-04,East,West Bengal,Kolkata,Furniture,Sofas,L-Shaped Sofa,1,41564.0,0,41564.0,8844.96
1012,2022-05-01,South,Karnataka,Bengaluru,Furniture,Chairs,Wooden Dining Chair,4,23003.4,40,92013.6,14603.88
1013,2023-01-25,East,Bihar,Gaya,Clothing,Womenswear,Kurti,6,3029.0,0,18174.0,1948.09
1014,2022-10-15,West,Madhya Pradesh,Indore,Electronics,Televisions,"Samsung 50"" Crystal",1,13167.0,10,13167.0,569.91
1015,2024-09-21,East,West Bengal,Kolkata,Clothing,Menswear,Sherwani,3,3601.5,25,10804.5,924.9
1016,2023-08-31,South,Kerala,Kozhikode,Electronics,Accessories,Wireless Earbuds,1,70493.0,0,70493.0,10891.81
1017,2022-05-21,North,Punjab,Chandigarh,Furniture,Sofas,Recliner Sofa,1,35063.35,15,35063.35,9291.17
1018,2023-10-06,East,Odisha,Cuttack,Clothing,Womenswear,Kurti,1,1069.0,0,1069.0,185.64
1019,2024-11-02,West,Maharashtra,Pune,Office Supplies,Printers,HP Inkjet Printer,4,10864.0,0,43456.0,8848.01
1020,2022-10-03,South,Kerala,Kochi,Office Supplies,Printers,HP Inkjet Printer,6,7989.1,30,47934.6,7782.77
1021,2022-04-15,East,Bihar,Patna,Electronics,Accessories,Smart Watch,6,33868.0,20,203208.0,20021.47
1022,2022-08-18,North,Rajasthan,Jaipur,Office Supplies,Ink & Toner,HP Ink Cartridge,4,5200.0,0,20800.0,5340.46
1023,2022-07-30,East,Odisha,Bhubaneswar,Furniture,Tables,Coffee Table,1,22293.0,10,22293.0,1930.92
1024,2022-08-10,South,Tamil Nadu,Chennai,Furniture,Storage,Bookshelf,3,14087.2,20,42261.6,5303.84
1025,2023-07-26,East,Bihar,Patna,Electronics,Accessories,Smart Watch,5,36375.75,15,181878.75,22188.54
1026,2023-10-05,South,Tamil Nadu,Madurai,Furniture,Chairs,Ergonomic Office Chair,6,2799.0,10,16794.0,2246.55
1027,2023-11-08,South,Karnataka,Hubballi,Office Supplies,Ink & Toner,Canon Toner,3,8309.7,10,24929.1,3657.17
1028,2022-12-23,West,Madhya Pradesh,Indore,Office Supplies,Printers,HP Inkjet Printer,4,6649.2,10,26596.8,4456.83
1029,2022-12-14,West,Goa,Panaji,Furniture,Chairs,Ergonomic Office Chair,2,3450.0,25,6900.0,1315.09
1030,2022-05-30,North,Punjab,Ludhiana,Clothing,Menswear,Jeans,6,1939.9,5,11639.4,2734.62
1031,2024-11-26,North,Delhi,Dwarka,Furniture,Storage,TV Unit,5,25603.2,20,128016.0,30855.81
1032,2024-08-30,North,Haryana,Faridabad,Furniture,Chairs,Gaming Chair,1,15611.95,15,15611.95,3987.23
1033,2022-06-15,North,Punjab,Amritsar,Furniture,Tables,Dining Table 6-Seater,4,19747.2,20,78988.8,5080.65
1034,2024-05-10,South,Kerala,Thiruvananthapuram,Clothing,Menswear,Casual T-Shirt,3,2833.8,40,8501.4,2180.58
1035,2024-09-26,East,Assam,Guwahati,Clothing,Womenswear,Ethnic Set,6,4625.0,0,27750.0,7175.97
1036,2022-02-25,East,Odisha,Cuttack,Furniture,Sofas,L-Shaped Sofa,4,14340.35,15,57361.4,12911.07
1037,2024-02-16,East,Bihar,Patna,Clothing,Menswear,Formal Shirt,3,579.0,0,1737.0,466.23
1038,2022-11-09,East,West Bengal,Siliguri,Furniture,Storage,TV Unit,3,13296.2,5,39888.6,10845.14
1039,2022-08-10,West,Madhya Pradesh,Bhopal,Furniture,Sofas,Recliner Sofa,6,5806.8,40,34840.8,8197.04
1040,2022-03-26,East,Bihar,Patna,Office Supplies,Stationery,Gel Pen Pack,4,5779.8,5,23119.2,3471.63
1041,2023-07-08,East,Assam,Dibrugarh,Office Supplies,Printers,HP Inkjet Printer,1,2487.0,40,2487.0,473.47
1042,2024-02-16,East,Bihar,Patna,Clothing,Menswear,Casual T-Shirt,3,1759.1,30,5277.3,276.19
1043,2023-01-27,East,Assam,Guwahati,Clothing,Footwear,Sandals,4,2394.0,10,9576.0,1369.49
1044,2023-05-14,West,Madhya Pradesh,Bhopal,Clothing,Footwear,Sandals,3,2484.9,10,7454.7,768.01
1045,2023-01-30,North,Uttar Pradesh,Kanpur,Clothing,Womenswear,Dress,1,3045.7,5,3045.7,364.03
1046,2024-12-29,South,Andhra Pradesh,Guntur,Furniture,Storage,Wardrobe 4-Door,1,28697.7,15,28697.7,2651.77
1047,2022-04-16,East,West Bengal,Kolkata,Clothing,Womenswear,Kurti,5,4374.0,10,21870.0,1521.97
1048,2023-05-24,East,Odisha,Cuttack,Clothing,Womenswear,Dress,5,445.8,40,2229.0,603.67
1049,2022-11-18,South,Telangana,Hyderabad,Clothing,Womenswear,Ethnic Set,3,1924.5,25,5773.5,383.19
1050,2023-02-10,North,Uttar Pradesh,Varanasi,Furniture,Sofas,3-Seater Fabric Sofa,2,31497.0,25,62994.0,4951.41
1051,2023-09-15,West,Madhya Pradesh,Bhopal,Electronics,Mobile Phones,OnePlus 12R,6,50247.0,0,301482.0,15691.96
1052,2023-07-06,North,Punjab,Amritsar,Clothing,Womenswear,Saree,5,747.75,25,3738.75,486.15
1053,2023-11-14,South,Telangana,Warangal,Clothing,Footwear,Formal Shoes,3,3975.0,0,11925.0,1458.89
1054,2023-10-25,East,West Bengal,Siliguri,Clothing,Womenswear,Kurti,2,3871.0,0,7742.0,749.57
1055,2024-09-19,North,Uttar Pradesh,Varanasi,Electronics,Televisions,"Sony Bravia 43""",2,17153.25,25,34306.5,5165.58
1056,2023-08-21,West,Madhya Pradesh,Bhopal,Clothing,Menswear,Sherwani,5,4192.35,5,20961.75,5213.74
1057,2024-04-29,West,Maharashtra,Nagpur,Office Supplies,Ink & Toner,Canon Toner,2,6872.25,15,13744.5,2431.97
1058,2024-02-12,West,Gujarat,Vadodara,Furniture,Storage,Wardrobe 4-Door,4,19081.6,20,76326.4,21168.0
1059,2022-11-08,South,Telangana,Karimnagar,Office Supplies,Stationery,Gel Pen Pack,1,9588.8,20,9588.8,2400.22
1060,2022-11-13,West,Goa,Margao,Electronics,Accessories,Power Bank,3,64760.4,10,194281.2,21052.8
1061,2022-07-05,South,Andhra Pradesh,Tirupati,Furniture,Chairs,Ergonomic Office Chair,1,5675.45,15,5675.45,845.97
1062,2023-05-16,North,Uttar Pradesh,Kanpur,Electronics,Televisions,"Samsung 50"" Crystal",6,35609.4,10,213656.4,18067.0
1063,2023-06-05,South,Tamil Nadu,Coimbatore,Furniture,Sofas,L-Shaped Sofa,3,33654.75,25,100964.25,24677.67
1064,2024-09-16,East,Bihar,Gaya,Office Supplies,Stationery,Notebook Bundle,4,5653.2,40,22612.8,5006.24
1065,2023-04-17,West,Gujarat,Vadodara,Furniture,Chairs,Wooden Dining Chair,6,39754.8,10,238528.8,55190.89
1066,2022-03-10,North,Delhi,Dwarka,Office Supplies,Ink & Toner,Canon Toner,2,6290.9,30,12581.8,2081.19
1067,2023-08-28,West,Maharashtra,Nashik,Electronics,Laptops,HP Pavilion,6,48071.2,20,288427.2,6330.58
1068,2022-09-11,West,Madhya Pradesh,Bhopal,Electronics,Laptops,Asus Vivobook,1,38244.0,25,38244.0,5633.89
1069,2023-09-11,South,Telangana,Hyderabad,Electronics,Accessories,Power Bank,1,16591.2,20,16591.2,1385.53
1070,2024-05-08,North,Punjab,Amritsar,Electronics,Televisions,"Samsung 50"" Crystal",4,40199.4,10,160797.6,13197.24
1071,2024-01-05,West,Gujarat,Ahmedabad,Clothing,Menswear,Jeans,6,2132.75,5,12796.5,2956.06
1072,2023-02-25,North,Rajasthan,Jaipur,Furniture,Chairs,Ergonomic Office Chair,5,14819.7,30,74098.5,7976.74
1073,2022-12-24,South,Telangana,Hyderabad,Office Supplies,Stationery,Notebook Bundle,3,4272.15,5,12816.45,2827.25
1074,2024-12-13,South,Tamil Nadu,Coimbatore,Office Supplies,Ink & Toner,HP Ink Cartridge,4,7158.9,30,28635.6,3418.37
1075,2022-03-05,East,Assam,Dibrugarh,Electronics,Televisions,"Samsung 50"" Crystal",4,17632.0,0,70528.0,2656.57
1076,2023-10-28,West,Madhya Pradesh,Bhopal,Electronics,Mobile Phones,Redmi Note 13,4,50389.5,25,201558.0,15282.58
1077,2022-07-14,West,Goa,Margao,Furniture,Storage,Wardrobe 4-Door,1,7742.65,15,7742.65,1832.74
1078,2022-05-03,West,Maharashtra,Nashik,Office Supplies,Ink & Toner,Canon Toner,6,8488.95,15,50933.7,3760.34
1079,2024-11-05,East,Odisha,Bhubaneswar,Office Supplies,Ink & Toner,Canon Toner,1,2698.5,30,2698.5,739.78
1080,2023-07-02,West,Goa,Margao,Office Supplies,Stationery,A4 Paper Ream,2,2474.0,0,4948.0,1096.51
1081,2023-03-17,East,Bihar,Patna,Office Supplies,Printers,Canon Laser Printer,5,1619.4,40,8097.0,497.52
1082,2022-06-17,East,Assam,Dibrugarh,Clothing,Womenswear,Saree,5,1042.2,10,5211.0,1073.41
1083,2024-09-23,West,Maharashtra,Pune,Clothing,Footwear,Running Shoes,1,1236.6,10,1236.6,144.15
1084,2022-09-03,East,Odisha,Bhubaneswar,Clothing,Footwear,Sandals,2,3151.0,0,6302.0,890.64
1085,2022-03-28,East,West Bengal,Howrah,Clothing,Footwear,Formal Shoes,6,3568.0,0,21408.0,5827.81
1086,2022-12-18,East,Bihar,Patna,Clothing,Menswear,Jeans,4,3142.8,10,12571.2,2784.96
1087,2023-03-30,North,Delhi,New Delhi,Furniture,Chairs,Gaming Chair,6,16635.6,10,99813.6,9519.47
1088,2022-11-10,South,Telangana,Karimnagar,Clothing,Womenswear,Ethnic Set,6,1114.5,25,6687.0,439.37
1089,2023-07-17,West,Maharashtra,Nagpur,Clothing,Womenswear,Kurti,1,593.4,40,593.4,110.75
1090,2024-02-27,South,Tamil Nadu,Madurai,Furniture,Chairs,Wooden Dining Chair,4,12886.0,0,51544.0,12191.31
1091,2022-06-22,North,Delhi,New Delhi,Clothing,Womenswear,Saree,3,3058.3,15,9174.9,1891.37
1092,2023-11-17,South,Kerala,Kozhikode,Clothing,Womenswear,Dress,6,1196.8,15,7180.8,871.41
1093,2024-03-13,South,Karnataka,Hubballi,Clothing,Footwear,Formal Shoes,2,3214.0,0,6428.0,857.48
1094,2024-09-22,North,Uttar Pradesh,Lucknow,Office Supplies,Stationery,Notebook Bundle,5,6165.0,40,30825.0,4212.1
1095,2022-11-29,North,Punjab,Chandigarh,Clothing,Womenswear,Saree,4,4161.6,10,16646.4,2017.17
1096,2023-02-02,East,Assam,Dibrugarh,Clothing,Footwear,Sandals,4,1244.7,10,4978.8,308.69
1097,2024-11-22,West,Maharashtra,Pune,Office Supplies,Printers,HP Inkjet Printer,4,7541.0,0,30164.0,4386.64
1098,2024-03-22,North,Punjab,Chandigarh,Office Supplies,Stationery,A4 Paper Ream,3,2542.0,0,7626.0,884.48
1099,2024-08-25,North,Punjab,Ludhiana,Electronics,Mobile Phones,Samsung Galaxy A54,3,29012.8,20,87038.4,3095.62
1100,2023-08-14,South,Andhra Pradesh,Visakhapatnam,Clothing,Footwear,Sandals,4,4641.0,0,18564.0,3626.47
1101,2023-08-20,West,Gujarat,Vadodara,Clothing,Menswear,Formal Shirt,5,3294.9,30,16474.5,3803.55
1102,2024-11-05,East,Assam,Guwahati,Clothing,Womenswear,Dress,6,2766.6,10,16599.6,3628.28
1103,2023-11-12,West,Goa,Panaji,Clothing,Footwear,Formal Shoes,6,3999.0,0,23994.0,2819.1
1104,2022-03-27,West,Madhya Pradesh,Bhopal,Office Supplies,Stationery,Notebook Bundle,2,839.7,10,1679.4,132.05
1105,2024-01-24,East,Assam,Dibrugarh,Office Supplies,Stationery,Gel Pen Pack,6,8657.0,0,51942.0,11283.29
1106,2022-06-11,North,Rajasthan,Jodhpur,Office Supplies,Stationery,A4 Paper Ream,3,7082.25,5,21246.75,4433.05
1107,2023-12-21,West,Madhya Pradesh,Bhopal,Electronics,Mobile Phones,OnePlus 12R,3,28969.0,0,86907.0,3273.98
1108,2024-01-21,South,Kerala,Kochi,Clothing,Womenswear,Dress,4,3898.95,15,15595.8,2207.55
1109,2023-07-25,South,Andhra Pradesh,Visakhapatnam,Clothing,Footwear,Formal Shoes,5,3514.5,10,17572.5,4905.61
1110,2023-08-08,East,Odisha,Bhubaneswar,Furniture,Sofas,L-Shaped Sofa,2,7440.05,15,14880.1,3172.35
1111,2022-11-19,North,Haryana,Gurugram,Electronics,Laptops,HP Pavilion,2,43651.2,40,87302.4,6255.0
1112,2022-09-23,South,Andhra Pradesh,Guntur,Clothing,Footwear,Sandals,4,811.3,5,3245.2,888.04
1113,2022-06-01,West,Gujarat,Vadodara,Furniture,Tables,Coffee Table,5,10023.3,10,50116.5,4403.79
1114,2023-10-23,North,Haryana,Faridabad,Electronics,Accessories,Smart Watch,6,26383.2,40,158299.2,14988.86
1115,2024-10-26,North,Uttar Pradesh,Varanasi,Electronics,Mobile Phones,Samsung Galaxy A54,1,25612.8,40,25612.8,2803.55
1116,2024-10-16,West,Goa,Margao,Furniture,Storage,Bookshelf,4,5540.8,20,22163.2,3576.65
1117,2023-02-22,North,Haryana,Faridabad,Office Supplies,Printers,HP Inkjet Printer,3,4110.0,0,12330.0,1375.02
1118,2023-05-23,South,Karnataka,Mysuru,Clothing,Menswear,Jeans,3,3031.7,30,9095.1,1431.27
1119,2023-09-24,South,Tamil Nadu,Madurai,Clothing,Menswear,Jeans,5,1915.5,25,9577.5,1795.1
1120,2024-08-21,South,Andhra Pradesh,Tirupati,Furniture,Chairs,Wooden Dining Chair,3,26982.0,0,80946.0,14664.56
1121,2023-02-03,West,Maharashtra,Nashik,Clothing,Footwear,Formal Shoes,5,2954.6,15,14773.0,3439.54
1122,2023-11-26,West,Gujarat,Ahmedabad,Clothing,Footwear,Running Shoes,1,2233.5,25,2233.5,378.46
1123,2022-11-02,North,Haryana,Faridabad,Furniture,Storage,TV Unit,6,29337.0,30,176022.0,30352.91
1124,2023-09-06,South,Karnataka,Mysuru,Electronics,Televisions,"Samsung 50"" Crystal",3,6895.2,40,20685.6,2086.53
1125,2022-04-16,North,Rajasthan,Udaipur,Clothing,Menswear,Jeans,1,3282.7,15,3282.7,480.32
1126,2024-04-20,East,West Bengal,Siliguri,Furniture,Tables,Office Desk,3,35565.15,5,106695.45,16614.89
1127,2024-12-27,West,Goa,Margao,Furniture,Tables,Coffee Table,5,15962.4,10,79812.0,16661.17
1128,2024-09-28,West,Goa,Margao,Electronics,Televisions,"LG 55"" UHD",3,27198.0,0,81594.0,5588.45
1129,2024-09-08,West,Goa,Panaji,Electronics,Laptops,HP Pavilion,1,37579.0,0,37579.0,2925.98
1130,2024-08-25,North,Delhi,New Delhi,Clothing,Footwear,Formal Shoes,4,2588.0,0,10352.0,2679.36
1131,2023-04-21,South,Telangana,Warangal,Furniture,Sofas,L-Shaped Sofa,4,19773.0,10,79092.0,14286.49
1132,2023-11-18,East,Odisha,Cuttack,Office Supplies,Stationery,A4 Paper Ream,3,10232.45,5,30697.35,1634.31
1133,2023-11-22,North,Uttar Pradesh,Noida,Clothing,Footwear,Formal Shoes,1,1050.75,25,1050.75,130.74
1134,2023-05-24,East,Odisha,Cuttack,Office Supplies,Printers,Canon Laser Printer,5,9773.1,10,48865.5,3141.49
1135,2022-08-31,North,Punjab,Amritsar,Office Supplies,Ink & Toner,HP Ink Cartridge,6,9198.0,10,55188.0,14911.41
1136,2024-09-06,West,Madhya Pradesh,Bhopal,Furniture,Tables,Office Desk,5,31823.15,15,159115.75,10814.08
1137,2022-08-18,North,Rajasthan,Udaipur,Furniture,Tables,Coffee Table,5,6370.2,40,31851.0,5173.57
1138,2024-11-11,South,Tamil Nadu,Chennai,Clothing,Womenswear,Kurti,5,342.4,20,1712.0,185.8
1139,2022-05-30,West,Maharashtra,Mumbai,Electronics,Televisions,"Sony Bravia 43""",3,52352.35,15,157057.05,24972.06
1140,2024-02-23,East,Assam,Guwahati,Furniture,Chairs,Ergonomic Office Chair,2,37658.0,0,75316.0,16864.85
1141,2023-09-04,East,Assam,Guwahati,Furniture,Storage,Bookshelf,2,12281.6,20,24563.2,4702.19
1142,2022-02-02,South,Andhra Pradesh,Vijayawada,Clothing,Footwear,Sandals,6,2658.75,25,15952.5,1657.43
1143,2022-04-26,West,Gujarat,Vadodara,Office Supplies,Ink & Toner,Canon Toner,2,9869.4,10,19738.8,2864.47
1144,2023-07-18,North,Punjab,Amritsar,Clothing,Menswear,Casual T-Shirt,6,2928.0,20,17568.0,1481.33
1145,2024-02-10,East,Odisha,Bhubaneswar,Office Supplies,Ink & Toner,HP Ink Cartridge,4,4837.7,30,19350.8,3326.37
1146,2024-03-06,North,Haryana,Gurugram,Clothing,Womenswear,Kurti,5,2003.4,40,10017.0,1889.93
1147,2022-05-30,North,Punjab,Chandigarh,Office Supplies,Printers,HP Inkjet Printer,2,4797.6,40,9595.2,2032.9
1148,2023-10-21,East,Assam,Dibrugarh,Office Supplies,Printers,Canon Laser Printer,5,1500.25,15,7501.25,1952.55
1149,2024-01-30,South,Kerala,Kochi,Furniture,Sofas,L-Shaped Sofa,5,18993.25,15,94966.25,9772.43
1150,2023-05-19,West,Goa,Margao,Clothing,Womenswear,Saree,6,3545.25,25,21271.5,1964.02
1151,2022-05-01,South,Andhra Pradesh,Vijayawada,Clothing,Menswear,Jeans,1,3294.0,25,3294.0,447.44
1152,2024-09-16,South,Andhra Pradesh,Tirupati,Electronics,Mobile Phones,iPhone 14,5,43297.2,5,216486.0,7573.18
1153,2022-07-17,North,Uttar Pradesh,Varanasi,Office Supplies,Printers,Canon Laser Printer,1,6903.0,10,6903.0,1917.33
1154,2023-04-08,South,Andhra Pradesh,Vijayawada,Clothing,Womenswear,Ethnic Set,5,310.65,5,1553.25,107.2
1155,2023-11-10,South,Kerala,Kochi,Furniture,Tables,Office Desk,5,18689.4,10,93447.0,24001.08
1156,2022-03-09,West,Maharashtra,Pune,Furniture,Storage,Wardrobe 4-Door,3,31967.2,20,95901.6,19728.69
1157,2023-11-11,North,Delhi,Dwarka,Electronics,Mobile Phones,OnePlus 12R,2,15268.55,15,30537.1,737.4
1158,2024-07-11,West,Madhya Pradesh,Bhopal,Furniture,Storage,Wardrobe 4-Door,5,19151.0,0,95755.0,10689.47
1159,2022-11-12,West,Goa,Panaji,Electronics,Mobile Phones,iPhone 14,4,55175.0,0,220700.0,10204.03
1160,2024-07-08,East,West Bengal,Kolkata,Electronics,Accessories,Wireless Earbuds,5,40418.4,20,202092.0,15013.81
1161,2023-05-13,North,Punjab,Chandigarh,Furniture,Chairs,Gaming Chair,3,10050.4,20,30151.2,3421.29
1162,2023-09-06,South,Karnataka,Mysuru,Furniture,Storage,TV Unit,5,29705.4,10,148527.0,7657.53
1163,2024-03-21,East,Bihar,Gaya,Office Supplies,Printers,HP Inkjet Printer,3,8655.75,25,25967.25,3174.81
1164,2023-08-20,East,Odisha,Cuttack,Clothing,Womenswear,Ethnic Set,3,4483.05,5,13449.15,2781.2
1165,2023-03-06,West,Maharashtra,Nashik,Clothing,Menswear,Casual T-Shirt,2,2972.8,20,5945.6,398.43
1166,2024-09-08,East,West Bengal,Howrah,Electronics,Mobile Phones,Redmi Note 13,6,32718.6,40,196311.6,30959.35
1167,2024-05-31,South,Karnataka,Bengaluru,Furniture,Storage,Bookshelf,4,39494.35,5,157977.4,20433.19
1168,2022-02-20,West,Madhya Pradesh,Indore,Electronics,Laptops,Lenovo IdeaPad,3,39724.5,25,119173.5,8194.61
1169,2022-07-19,East,Bihar,Patna,Office Supplies,Stationery,Notebook Bundle,1,10227.7,5,10227.7,2698.91
1170,2023-05-15,North,Haryana,Faridabad,Clothing,Menswear,Sherwani,6,3032.0,20,18192.0,1031.75
1171,2023-02-09,East,Assam,Guwahati,Furniture,Tables,Coffee Table,6,38795.15,5,232770.9,31222.12
1172,2023-02-08,West,Madhya Pradesh,Bhopal,Clothing,Footwear,Formal Shoes,5,2400.0,40,12000.0,1076.18
1173,2023-10-04,West,Maharashtra,Pune,Office Supplies,Ink & Toner,HP Ink Cartridge,5,5952.6,40,29763.0,4114.83
1174,2023-01-16,North,Rajasthan,Jaipur,Clothing,Womenswear,Saree,2,585.65,15,1171.3,314.99
1175,2024-09-19,East,Assam,Dibrugarh,Clothing,Womenswear,Ethnic Set,4,451.8,10,1807.2,211.77
1176,2023-07-17,West,Gujarat,Surat,Clothing,Footwear,Sandals,1,2278.5,30,2278.5,545.02
1177,2024-06-22,East,West Bengal,Siliguri,Furniture,Chairs,Ergonomic Office Chair,4,25844.0,0,103376.0,23610.59
1178,2023-05-01,West,Madhya Pradesh,Indore,Furniture,Tables,Dining Table 6-Seater,1,35988.85,5,35988.85,4478.46
1179,2023-08-23,West,Maharashtra,Pune,Clothing,Menswear,Casual T-Shirt,6,1230.8,15,7384.8,1776.42
1180,2024-03-15,West,Madhya Pradesh,Bhopal,Clothing,Menswear,Formal Shirt,4,3610.8,15,14443.2,2655.38
1181,2024-12-30,East,Odisha,Cuttack,Office Supplies,Printers,Canon Laser Printer,3,8101.0,0,24303.0,1471.96
1182,2024-07-30,North,Punjab,Ludhiana,Electronics,Televisions,"Sony Bravia 43""",6,25290.0,0,151740.0,16940.6
1183,2023-05-28,North,Delhi,Dwarka,Office Supplies,Ink & Toner,HP Ink Cartridge,4,125.25,25,501.0,34.03
1184,2023-04-09,East,West Bengal,Kolkata,Office Supplies,Stationery,Gel Pen Pack,6,1048.0,20,6288.0,443.59
1185,2022-07-29,West,Goa,Panaji,Clothing,Menswear,Jeans,1,1195.5,25,1195.5,156.34
1186,2022-11-07,East,Odisha,Bhubaneswar,Electronics,Laptops,Dell Inspiron 15,5,55418.25,5,277091.25,15154.15
1187,2022-06-22,West,Maharashtra,Nagpur,Furniture,Tables,Office Desk,4,5260.8,20,21043.2,1597.83
1188,2024-10-20,South,Kerala,Kochi,Office Supplies,Printers,HP Inkjet Printer,4,6825.75,25,27303.0,7358.82
1189,2022-05-30,South,Andhra Pradesh,Guntur,Furniture,Sofas,3-Seater Fabric Sofa,4,17420.0,20,69680.0,10272.39
1190,2024-04-03,North,Haryana,Gurugram,Office Supplies,Stationery,Notebook Bundle,2,3301.8,40,6603.6,1293.56
1191,2022-05-16,East,Odisha,Bhubaneswar,Furniture,Sofas,L-Shaped Sofa,1,38814.3,10,38814.3,7887.0
1192,2022-12-26,North,Delhi,New Delhi,Clothing,Womenswear,Dress,2,1217.0,0,2434.0,309.25
1193,2024-05-29,South,Karnataka,Hubballi,Electronics,Televisions,"LG 55"" UHD",5,52441.9,5,262209.5,18741.76
1194,2022-08-25,South,Andhra Pradesh,Vijayawada,Furniture,Sofas,L-Shaped Sofa,3,8984.5,30,26953.5,6326.43
1195,2024-05-08,North,Punjab,Amritsar,Office Supplies,Printers,HP Inkjet Printer,5,7956.25,5,39781.25,4031.14
1196,2024-04-01,East,Bihar,Gaya,Office Supplies,Stationery,Notebook Bundle,4,2062.2,40,8248.8,1900.83
1197,2023-05-12,East,Odisha,Bhubaneswar,Furniture,Sofas,L-Shaped Sofa,1,32716.5,15,32716.5,1646.83
1198,2023-09-22,North,Punjab,Ludhiana,Electronics,Laptops,Lenovo IdeaPad,1,11690.9,15,11690.9,984.19
1199,2022-06-23,North,Punjab,Chandigarh,Electronics,Televisions,"Samsung 50"" Crystal",2,31227.2,20,62454.4,7375.96
1200,2023-10-31,West,Gujarat,Ahmedabad,Furniture,Tables,Office Desk,1,7443.0,25,7443.0,909.74
1201,2022-09-05,North,Punjab,Ludhiana,Clothing,Womenswear,Kurti,1,522.0,10,522.0,126.46
1202,2023-11-03,North,Haryana,Faridabad,Electronics,Accessories,Bluetooth Speaker,2,8451.1,30,16902.2,929.27
1203,2024-08-04,North,Delhi,New Delhi,Electronics,Laptops,HP Pavilion,2,36303.0,40,72606.0,7409.92
1204,2022-06-03,South,Telangana,Karimnagar,Clothing,Menswear,Formal Shirt,3,630.8,5,1892.4,496.85
1205,2024-03-19,East,Assam,Guwahati,Office Supplies,Stationery,A4 Paper Ream,3,1551.0,40,4653.0,895.29
1206,2023-05-19,East,Assam,Dibrugarh,Electronics,Mobile Phones,iPhone 14,4,23388.3,10,93553.2,10132.34
1207,2024-01-06,East,Bihar,Gaya,Clothing,Womenswear,Saree,1,441.0,10,441.0,27.99
1208,2024-08-24,North,Uttar Pradesh,Lucknow,Furniture,Tables,Coffee Table,5,14772.15,15,73860.75,19580.29
1209,2022-12-22,West,Goa,Panaji,Office Supplies,Ink & Toner,HP Ink Cartridge,5,8580.4,5,42902.0,6984.46
1210,2022-07-04,North,Delhi,Dwarka,Electronics,Accessories,Smart Watch,2,52663.0,0,105326.0,4284.63
1211,2022-10-18,West,Maharashtra,Nagpur,Clothing,Footwear,Running Shoes,3,1232.0,20,3696.0,857.93
1212,2024-09-24,North,Rajasthan,Udaipur,Office Supplies,Stationery,Notebook Bundle,5,4917.2,5,24586.0,2234.2
1213,2022-03-08,West,Gujarat,Vadodara,Electronics,Televisions,"Sony Bravia 43""",3,17288.1,5,51864.3,5656.64
1214,2023-11-19,West,Gujarat,Ahmedabad,Electronics,Accessories,Bluetooth Speaker,1,6533.6,20,6533.6,1017.11
1215,2024-04-27,East,Bihar,Gaya,Electronics,Televisions,"Samsung 50"" Crystal",6,37567.0,0,225402.0,13814.26
1216,2023-10-15,South,Andhra Pradesh,Guntur,Furniture,Storage,Wardrobe 4-Door,6,23310.6,40,139863.6,38688.16
1217,2024-09-15,East,Odisha,Cuttack,Furniture,Sofas,3-Seater Fabric Sofa,3,10815.0,30,32445.0,3601.75
1218,2023-07-31,South,Andhra Pradesh,Tirupati,Clothing,Menswear,Formal Shirt,3,1597.2,40,4791.6,768.93
1219,2022-07-18,North,Haryana,Gurugram,Clothing,Menswear,Casual T-Shirt,4,2420.0,0,9680.0,1913.05
1220,2024-03-04,East,Bihar,Patna,Clothing,Menswear,Casual T-Shirt,4,1470.0,40,5880.0,377.36
1221,2022-07-18,West,Madhya Pradesh,Indore,Electronics,Televisions,"Samsung 50"" Crystal",4,63212.4,10,252849.6,7851.92
1222,2022-03-13,North,Delhi,Dwarka,Furniture,Tables,Dining Table 6-Seater,2,4636.8,20,9273.6,894.36
1223,2022-10-30,West,Goa,Panaji,Electronics,Televisions,"Samsung 50"" Crystal",4,50746.0,0,202984.0,26411.69
1224,2024-12-06,South,Tamil Nadu,Chennai,Furniture,Sofas,3-Seater Fabric Sofa,5,17399.2,20,86996.0,9634.93
1225,2024-09-21,East,West Bengal,Kolkata,Office Supplies,Printers,HP Inkjet Printer,5,5970.6,10,29853.0,1831.09
1226,2024-02-02,West,Goa,Margao,Clothing,Footwear,Sandals,1,3297.15,15,3297.15,369.17
1227,2024-05-03,South,Telangana,Warangal,Furniture,Storage,TV Unit,4,6683.0,0,26732.0,3249.5
1228,2024-11-03,South,Telangana,Hyderabad,Furniture,Sofas,3-Seater Fabric Sofa,1,5681.7,10,5681.7,765.44
1229,2024-08-08,South,Andhra Pradesh,Visakhapatnam,Office Supplies,Printers,Canon Laser Printer,2,7805.55,15,15611.1,1367.66
1230,2022-07-05,East,West Bengal,Kolkata,Furniture,Tables,Office Desk,2,14443.8,30,28887.6,1577.61
1231,2022-01-19,North,Uttar Pradesh,Lucknow,Furniture,Chairs,Wooden Dining Chair,3,23080.5,25,69241.5,7475.29
1232,2024-08-13,East,West Bengal,Kolkata,Office Supplies,Ink & Toner,Canon Toner,3,1075.5,10,3226.5,636.71
1233,2023-07-22,West,Gujarat,Ahmedabad,Furniture,Sofas,Recliner Sofa,4,9127.5,25,36510.0,10201.55
1234,2024-04-08,South,Kerala,Kozhikode,Furniture,Chairs,Wooden Dining Chair,6,32331.45,15,193988.7,32334.51
1235,2023-01-06,East,Odisha,Cuttack,Furniture,Chairs,Wooden Dining Chair,1,21026.4,20,21026.4,4862.58
1236,2023-11-10,West,Madhya Pradesh,Indore,Clothing,Menswear,Formal Shirt,4,2363.2,30,9452.8,1121.31
1237,2022-11-05,North,Haryana,Faridabad,Clothing,Menswear,Casual T-Shirt,6,2825.3,5,16951.8,2069.56
1238,2022-04-29,West,Gujarat,Ahmedabad,Furniture,Storage,Wardrobe 4-Door,2,35612.8,20,71225.6,19375.17
1239,2024-02-25,North,Haryana,Gurugram,Office Supplies,Ink & Toner,HP Ink Cartridge,1,3592.1,15,3592.1,437.45
1240,2022-07-30,West,Gujarat,Ahmedabad,Electronics,Accessories,Bluetooth Speaker,4,44438.0,15,177752.0,28344.24
1241,2024-09-30,North,Uttar Pradesh,Noida,Electronics,Laptops,HP Pavilion,6,23937.15,5,143622.9,5348.9
1242,2022-03-18,West,Maharashtra,Mumbai,Electronics,Mobile Phones,Samsung Galaxy A54,6,23176.0,0,139056.0,13435.53
1243,2024-08-29,North,Delhi,Dwarka,Clothing,Footwear,Running Shoes,6,1098.4,20,6590.4,1588.62
1244,2022-08-03,South,Karnataka,Bengaluru,Electronics,Televisions,"Sony Bravia 43""",5,29053.85,15,145269.25,17211.67
1245,2023-08-28,East,Odisha,Cuttack,Office Supplies,Stationery,A4 Paper Ream,1,9078.2,5,9078.2,2436.34
1246,2024-11-13,South,Karnataka,Hubballi,Furniture,Storage,Bookshelf,3,6282.0,0,18846.0,4636.44
1247,2023-10-03,South,Andhra Pradesh,Vijayawada,Electronics,Laptops,HP Pavilion,3,54861.0,0,164583.0,11877.48
1248,2023-12-03,East,Assam,Dibrugarh,Office Supplies,Printers,Canon Laser Printer,4,2204.95,5,8819.8,651.38
1249,2024-06-16,East,Bihar,Patna,Furniture,Storage,Bookshelf,1,28692.0,10,28692.0,5756.88
1250,2024-12-10,North,Haryana,Gurugram,Clothing,Footwear,Sandals,2,3231.9,5,6463.8,1570.56
1251,2022-04-22,North,Rajasthan,Jodhpur,Clothing,Menswear,Formal Shirt,4,2528.0,0,10112.0,1684.6
1252,2024-02-15,North,Delhi,Dwarka,Clothing,Footwear,Formal Shoes,1,916.5,25,916.5,202.92
1253,2022-02-06,East,West Bengal,Siliguri,Electronics,Mobile Phones,iPhone 14,5,35112.0,0,175560.0,23581.64
1254,2024-07-19,East,Bihar,Gaya,Electronics,Mobile Phones,Redmi Note 13,1,36919.4,30,36919.4,3436.38
1255,2022-08-06,North,Punjab,Chandigarh,Clothing,Menswear,Casual T-Shirt,5,3121.2,10,15606.0,2420.81
1256,2024-07-11,North,Punjab,Chandigarh,Electronics,Televisions,"Samsung 50"" Crystal",4,70896.6,5,283586.4,34673.9
1257,2022-09-20,West,Madhya Pradesh,Bhopal,Furniture,Chairs,Gaming Chair,3,26141.6,20,78424.8,14789.4
1258,2024-11-15,West,Gujarat,Ahmedabad,Furniture,Chairs,Wooden Dining Chair,3,12455.05,15,37365.15,7973.02
1259,2023-12-23,East,Bihar,Gaya,Electronics,Mobile Phones,Samsung Galaxy A54,4,24343.2,10,97372.8,5586.96
1260,2023-05-29,South,Karnataka,Bengaluru,Electronics,Accessories,Power Bank,1,26180.0,30,26180.0,3398.24
1261,2023-08-13,South,Tamil Nadu,Coimbatore,Clothing,Footwear,Formal Shoes,5,1147.8,40,5739.0,1433.81
1262,2023-02-01,North,Delhi,New Delhi,Furniture,Sofas,L-Shaped Sofa,1,20226.45,5,20226.45,1759.98
1263,2023-06-07,East,Odisha,Bhubaneswar,Furniture,Chairs,Wooden Dining Chair,1,29875.8,15,29875.8,1994.59
1264,2023-10-13,North,Rajasthan,Jaipur,Furniture,Storage,TV Unit,5,8122.5,10,40612.5,8226.75
1265,2023-11-10,North,Rajasthan,Udaipur,Clothing,Footwear,Sandals,1,1330.8,40,1330.8,347.71
1266,2023-10-20,South,Tamil Nadu,Coimbatore,Office Supplies,Stationery,Notebook Bundle,3,7312.5,10,21937.5,5629.27
1267,2023-01-30,South,Andhra Pradesh,Visakhapatnam,Electronics,Mobile Phones,Redmi Note 13,6,25158.7,30,150952.2,20533.24
1268,2022-11-11,West,Maharashtra,Mumbai,Electronics,Mobile Phones,Redmi Note 13,3,13785.6,20,41356.8,3073.83
1269,2024-04-08,South,Tamil Nadu,Madurai,Electronics,Mobile Phones,Samsung Galaxy A54,6,13965.0,0,83790.0,5075.76
1270,2023-09-10,West,Madhya Pradesh,Bhopal,Clothing,Footwear,Running Shoes,4,1093.6,20,4374.4,1020.36
1271,2022-10-23,West,Maharashtra,Pune,Electronics,Mobile Phones,Samsung Galaxy A54,5,53687.7,10,268438.5,13262.85
1272,2023-12-06,North,Uttar Pradesh,Kanpur,Furniture,Chairs,Ergonomic Office Chair,1,30133.5,25,30133.5,5974.72
1273,2022-05-30,South,Karnataka,Bengaluru,Furniture,Storage,Bookshelf,3,11022.0,40,33066.0,2184.21
1274,2023-02-01,East,Bihar,Gaya,Furniture,Chairs,Gaming Chair,4,2984.4,10,11937.6,2552.33
1275,2024-06-12,West,Gujarat,Vadodara,Office Supplies,Printers,Canon Laser Printer,4,8128.0,0,32512.0,2939.97
1276,2022-10-14,North,Haryana,Gurugram,Electronics,Mobile Phones,Samsung Galaxy A54,5,42770.7,30,213853.5,12079.79
1277,2024-08-24,North,Haryana,Faridabad,Furniture,Chairs,Ergonomic Office Chair,4,30982.5,15,123930.0,20510.23
1278,2022-12-06,North,Punjab,Chandigarh,Furniture,Tables,Office Desk,6,19885.5,25,119313.0,12325.33
1279,2023-06-26,South,Telangana,Karimnagar,Office Supplies,Printers,Canon Laser Printer,4,10775.0,0,43100.0,9131.14
1280,2024-12-03,West,Goa,Panaji,Clothing,Footwear,Formal Shoes,3,2998.8,10,8996.4,1518.28
1281,2023-12-08,East,West Bengal,Siliguri,Furniture,Storage,Wardrobe 4-Door,2,33048.0,10,66096.0,5588.77
1282,2022-11-19,South,Telangana,Warangal,Office Supplies,Ink & Toner,HP Ink Cartridge,4,2881.6,20,11526.4,635.83
1283,2022-03-30,North,Uttar Pradesh,Lucknow,Furniture,Sofas,3-Seater Fabric Sofa,3,36858.0,0,110574.0,27870.96
1284,2023-03-20,East,Assam,Guwahati,Furniture,Storage,TV Unit,2,39457.8,10,78915.6,6990.03
1285,2022-05-21,East,Odisha,Bhubaneswar,Electronics,Laptops,Asus Vivobook,2,14435.4,30,28870.8,2611.83
1286,2022-08-29,North,Rajasthan,Udaipur,Electronics,Televisions,"Samsung 50"" Crystal",4,45236.8,20,180947.2,9432.43
1287,2024-02-20,South,Tamil Nadu,Chennai,Office Supplies,Printers,HP Inkjet Printer,1,8152.2,10,8152.2,762.03
1288,2022-08-30,East,Odisha,Cuttack,Clothing,Womenswear,Kurti,2,1673.0,30,3346.0,493.26
1289,2024-04-26,East,Odisha,Cuttack,Clothing,Womenswear,Dress,5,1102.5,10,5512.5,841.85
1290,2022-11-28,East,Bihar,Patna,Furniture,Storage,TV Unit,1,12524.0,0,12524.0,810.79
1291,2023-03-31,South,Tamil Nadu,Coimbatore,Office Supplies,Ink & Toner,HP Ink Cartridge,2,227.5,30,455.0,52.68
1292,2024-11-11,North,Rajasthan,Jaipur,Electronics,Accessories,Smart Watch,6,6429.6,20,38577.6,2678.75
1293,2024-03-20,North,Rajasthan,Jaipur,Electronics,Mobile Phones,iPhone 14,6,32175.0,40,193050.0,29889.55
1294,2022-01-10,East,West Bengal,Siliguri,Electronics,Accessories,Bluetooth Speaker,1,31332.0,25,31332.0,4864.22
1295,2022-02-26,West,Maharashtra,Nashik,Furniture,Tables,Coffee Table,4,33164.1,10,132656.4,14207.4
1296,2022-07-10,West,Maharashtra,Pune,Clothing,Womenswear,Dress,2,1355.25,25,2710.5,595.05
1297,2023-06-28,North,Uttar Pradesh,Varanasi,Furniture,Sofas,3-Seater Fabric Sofa,1,43227.0,0,43227.0,10592.45
1298,2024-10-05,West,Madhya Pradesh,Indore,Office Supplies,Printers,HP Inkjet Printer,5,6572.25,25,32861.25,8745.05
1299,2022-03-08,East,Odisha,Cuttack,Electronics,Televisions,"LG 55"" UHD",6,7282.4,20,43694.4,4428.04
1300,2023-10-29,West,Gujarat,Vadodara,Office Supplies,Stationery,Gel Pen Pack,4,2530.4,20,10121.6,996.19
1301,2024-02-02,East,Bihar,Gaya,Furniture,Tables,Office Desk,6,8590.5,10,51543.0,9160.65
1302,2024-02-20,North,Punjab,Chandigarh,Furniture,Storage,Bookshelf,2,24423.7,30,48847.4,12087.56
1303,2022-04-08,North,Delhi,New Delhi,Office Supplies,Printers,HP Inkjet Printer,4,4244.8,30,16979.2,3026.08
1304,2023-06-12,East,West Bengal,Howrah,Furniture,Tables,Coffee Table,3,36452.0,0,109356.0,15052.45
1305,2023-08-10,North,Uttar Pradesh,Varanasi,Clothing,Footwear,Sandals,5,1340.45,15,6702.25,686.91
1306,2023-10-11,West,Madhya Pradesh,Bhopal,Clothing,Womenswear,Ethnic Set,4,1146.6,10,4586.4,927.67
1307,2022-06-13,East,West Bengal,Kolkata,Electronics,Televisions,"Samsung 50"" Crystal",1,11455.0,0,11455.0,649.99
1308,2022-11-15,East,Bihar,Patna,Furniture,Chairs,Gaming Chair,6,11603.0,0,69618.0,4043.81
1309,2023-10-29,East,Bihar,Gaya,Furniture,Tables,Office Desk,5,35484.8,20,177424.0,30232.3
1310,2024-12-29,West,Madhya Pradesh,Indore,Electronics,Televisions,"LG 55"" UHD",3,62028.0,0,186084.0,3724.09
1311,2022-10-07,East,West Bengal,Siliguri,Clothing,Womenswear,Dress,1,2144.0,0,2144.0,377.53
1312,2023-01-22,East,Assam,Guwahati,Furniture,Storage,Bookshelf,2,5733.7,30,11467.4,2589.84
1313,2023-07-11,West,Madhya Pradesh,Indore,Electronics,Laptops,HP Pavilion,3,20217.6,10,60652.8,7161.04
1314,2024-10-04,South,Telangana,Hyderabad,Electronics,Laptops,Dell Inspiron 15,3,43283.0,0,129849.0,6829.21
1315,2022-11-05,North,Haryana,Faridabad,Office Supplies,Printers,Canon Laser Printer,4,1464.0,0,5856.0,651.75
1316,2024-03-14,East,Odisha,Bhubaneswar,Office Supplies,Printers,HP Inkjet Printer,1,7407.0,0,7407.0,709.67
1317,2022-07-12,North,Punjab,Ludhiana,Office Supplies,Printers,HP Inkjet Printer,6,7815.6,10,46893.6,7535.0
1318,2023-09-04,South,Telangana,Hyderabad,Furniture,Storage,Bookshelf,1,16875.2,20,16875.2,3906.66
1319,2024-08-31,North,Haryana,Gurugram,Furniture,Tables,Coffee Table,1,37372.8,15,37372.8,7409.24
1320,2022-08-08,North,Haryana,Faridabad,Clothing,Footwear,Running Shoes,1,2303.0,0,2303.0,372.21
1321,2024-06-15,East,Odisha,Bhubaneswar,Office Supplies,Printers,Canon Laser Printer,3,6639.0,25,19917.0,2350.3
1322,2023-06-24,East,West Bengal,Siliguri,Clothing,Footwear,Running Shoes,1,2877.0,0,2877.0,579.45
1323,2024-03-04,East,Odisha,Cuttack,Office Supplies,Printers,Canon Laser Printer,1,10945.0,0,10945.0,2649.72
1324,2022-09-23,South,Telangana,Hyderabad,Clothing,Menswear,Formal Shirt,1,2346.0,0,2346.0,314.98
1325,2022-05-26,North,Punjab,Chandigarh,Clothing,Footwear,Running Shoes,3,436.2,40,1308.6,145.43
1326,2023-09-15,North,Rajasthan,Jaipur,Electronics,Laptops,Asus Vivobook,2,19987.2,40,39974.4,4299.07
1327,2022-12-08,East,Bihar,Patna,Clothing,Womenswear,Dress,5,3210.45,15,16052.25,3048.89
1328,2023-03-15,West,Goa,Margao,Clothing,Womenswear,Kurti,6,268.1,30,1608.6,130.41
1329,2023-09-11,North,Uttar Pradesh,Varanasi,Electronics,Accessories,Smart Watch,1,12298.7,5,12298.7,702.24
1330,2023-05-27,West,Maharashtra,Nashik,Furniture,Sofas,Recliner Sofa,3,14331.0,0,42993.0,8035.53
1331,2023-09-08,East,West Bengal,Kolkata,Office Supplies,Printers,Canon Laser Printer,4,8676.0,20,34704.0,2167.24
1332,2024-12-09,North,Haryana,Gurugram,Furniture,Sofas,Recliner Sofa,6,22542.1,30,135252.6,9564.94
1333,2024-06-03,East,Odisha,Bhubaneswar,Office Supplies,Stationery,Gel Pen Pack,5,6690.0,0,33450.0,4738.57
1334,2024-09-11,East,Assam,Guwahati,Furniture,Tables,Dining Table 6-Seater,3,24195.0,0,72585.0,5507.89
1335,2024-04-27,West,Gujarat,Surat,Office Supplies,Ink & Toner,HP Ink Cartridge,3,6147.6,40,18442.8,1540.68
1336,2023-04-24,West,Gujarat,Vadodara,Electronics,Mobile Phones,Samsung Galaxy A54,2,27356.0,0,54712.0,3431.35
1337,2024-08-22,North,Rajasthan,Jaipur,Furniture,Chairs,Wooden Dining Chair,4,4205.0,0,16820.0,1829.26
1338,2022-05-04,West,Maharashtra,Nashik,Electronics,Mobile Phones,OnePlus 12R,6,39204.9,10,235229.4,33270.25
1339,2024-03-02,East,West Bengal,Howrah,Clothing,Footwear,Sandals,1,2800.7,30,2800.7,736.75
1340,2022-02-14,West,Goa,Margao,Clothing,Footwear,Running Shoes,1,2453.4,10,2453.4,684.69
1341,2024-10-23,South,Karnataka,Mysuru,Electronics,Accessories,Smart Watch,2,52798.0,0,105596.0,12902.2
1342,2023-04-11,North,Punjab,Ludhiana,Office Supplies,Printers,HP Inkjet Printer,2,8568.05,5,17136.1,2074.66
1343,2022-10-25,North,Haryana,Gurugram,Electronics,Laptops,Lenovo IdeaPad,2,10677.6,10,21355.2,1751.57
1344,2023-07-15,North,Delhi,New Delhi,Furniture,Sofas,Recliner Sofa,5,25612.8,40,128064.0,13242.07
1345,2022-02-23,East,Odisha,Cuttack,Office Supplies,Stationery,Gel Pen Pack,4,2549.7,10,10198.8,585.54
1346,2024-04-25,North,Uttar Pradesh,Lucknow,Furniture,Storage,TV Unit,4,26388.0,20,105552.0,24121.73
1347,2024-03-18,South,Kerala,Kochi,Clothing,Womenswear,Kurti,2,2396.1,30,4792.2,1082.97
1348,2022-04-11,East,Assam,Dibrugarh,Office Supplies,Printers,HP Inkjet Printer,4,990.85,5,3963.4,620.76
1349,2024-07-14,South,Telangana,Karimnagar,Furniture,Storage,Bookshelf,3,2779.2,40,8337.6,2136.28
1350,2022-07-04,North,Delhi,New Delhi,Electronics,Televisions,"Samsung 50"" Crystal",3,13426.7,30,40280.1,4257.21
1351,2022-11-24,East,West Bengal,Kolkata,Office Supplies,Ink & Toner,HP Ink Cartridge,2,9452.8,20,18905.6,2284.82
1352,2024-07-02,North,Delhi,New Delhi,Furniture,Sofas,Recliner Sofa,3,23139.9,30,69419.7,16363.23
1353,2024-10-07,East,Assam,Dibrugarh,Clothing,Menswear,Formal Shirt,2,4335.3,10,8670.6,531.09
1354,2022-10-31,West,Maharashtra,Pune,Electronics,Accessories,Bluetooth Speaker,1,13704.7,5,13704.7,1563.61
1355,2023-10-24,East,West Bengal,Howrah,Electronics,Accessories,Power Bank,2,19194.4,20,38388.8,3587.45
1356,2023-03-05,South,Kerala,Kozhikode,Electronics,Televisions,"Samsung 50"" Crystal",6,41077.8,10,246466.8,23058.15
1357,2024-10-13,East,Assam,Guwahati,Furniture,Chairs,Ergonomic Office Chair,1,4113.9,10,4113.9,962.24
1358,2024-04-29,West,Goa,Panaji,Electronics,Laptops,Lenovo IdeaPad,3,11823.7,30,35471.1,2318.01
1359,2022-01-13,West,Goa,Margao,Electronics,Laptops,HP Pavilion,3,49679.3,5,149037.9,13027.31
1360,2023-11-18,East,West Bengal,Siliguri,Office Supplies,Ink & Toner,Canon Toner,5,8168.5,15,40842.5,2664.12
1361,2022-11-02,South,Karnataka,Mysuru,Furniture,Storage,Wardrobe 4-Door,5,23203.0,0,116015.0,13045.24
1362,2022-06-27,North,Haryana,Faridabad,Office Supplies,Stationery,Notebook Bundle,3,5652.9,10,16958.7,4410.47
1363,2024-06-27,East,Odisha,Bhubaneswar,Office Supplies,Printers,Canon Laser Printer,3,7745.4,10,23236.2,5034.15
1364,2024-07-29,South,Andhra Pradesh,Guntur,Electronics,Mobile Phones,iPhone 14,4,14047.0,0,56188.0,5667.03
1365,2023-10-02,North,Haryana,Gurugram,Furniture,Chairs,Gaming Chair,5,28717.2,10,143586.0,12110.58
1366,2023-07-15,South,Telangana,Karimnagar,Office Supplies,Ink & Toner,Canon Toner,3,9077.25,5,27231.75,1807.8
1367,2023-11-25,South,Telangana,Hyderabad,Clothing,Footwear,Running Shoes,1,2994.4,20,2994.4,272.99
1368,2024-07-02,West,Goa,Panaji,Electronics,Televisions,"Samsung 50"" Crystal",2,18160.2,10,36320.4,4206.88
1369,2024-08-11,North,Uttar Pradesh,Varanasi,Office Supplies,Printers,HP Inkjet Printer,6,7576.0,0,45456.0,2956.19
1370,2022-08-20,East,Odisha,Cuttack,Office Supplies,Ink & Toner,HP Ink Cartridge,5,10074.2,15,50371.0,8961.73
1371,2024-12-27,East,Odisha,Bhubaneswar,Furniture,Storage,Bookshelf,1,13317.6,20,13317.6,2403.28
1372,2023-12-02,North,Uttar Pradesh,Lucknow,Clothing,Menswear,Sherwani,3,2218.4,20,6655.2,439.31
1373,2022-08-11,East,Bihar,Gaya,Electronics,Mobile Phones,Redmi Note 13,2,6018.0,25,12036.0,1135.91
1374,2024-03-09,East,Odisha,Bhubaneswar,Office Supplies,Printers,Canon Laser Printer,4,5818.2,40,23272.8,6443.7
1375,2023-08-26,South,Andhra Pradesh,Guntur,Electronics,Accessories,Wireless Earbuds,2,51668.0,20,103336.0,7940.81
1376,2024-06-10,North,Punjab,Chandigarh,Furniture,Storage,Bookshelf,4,20809.75,5,83239.0,4384.08
1377,2022-02-02,East,Assam,Guwahati,Electronics,Laptops,Asus Vivobook,4,44657.9,30,178631.6,14179.32
1378,2024-07-10,North,Uttar Pradesh,Noida,Electronics,Televisions,"Samsung 50"" Crystal",2,44257.2,40,88514.4,6317.79
1379,2022-03-19,West,Maharashtra,Nashik,Electronics,Laptops,Lenovo IdeaPad,4,16428.6,10,65714.4,5660.85
1380,2023-10-02,West,Maharashtra,Nashik,Clothing,Footwear,Formal Shoes,5,2396.7,10,11983.5,1060.86
1381,2023-09-15,West,Maharashtra,Nashik,Furniture,Sofas,Recliner Sofa,3,20706.2,5,62118.6,10329.52
1382,2023-07-24,West,Goa,Margao,Electronics,Mobile Phones,Redmi Note 13,5,25028.1,10,125140.5,16212.44
1383,2023-04-29,South,Karnataka,Bengaluru,Furniture,Tables,Coffee Table,4,17664.3,5,70657.2,6959.53
1384,2023-12-08,West,Maharashtra,Mumbai,Furniture,Storage,Bookshelf,4,27369.6,20,109478.4,22684.72
1385,2024-03-09,North,Rajasthan,Jodhpur,Electronics,Accessories,Power Bank,4,49377.0,0,197508.0,29325.93
1386,2024-06-03,West,Goa,Margao,Office Supplies,Stationery,Gel Pen Pack,6,6727.8,40,40366.8,9171.92
1387,2024-11-30,North,Haryana,Gurugram,Electronics,Mobile Phones,Samsung Galaxy A54,4,17684.25,15,70737.0,3587.66
1388,2023-08-04,South,Andhra Pradesh,Vijayawada,Electronics,Laptops,Dell Inspiron 15,6,18980.0,20,113880.0,12742.63
1389,2023-01-13,East,West Bengal,Siliguri,Clothing,Womenswear,Ethnic Set,6,770.4,10,4622.4,1057.3
1390,2024-02-23,South,Karnataka,Mysuru,Furniture,Storage,Wardrobe 4-Door,4,32247.0,25,128988.0,9666.23
1391,2024-06-02,South,Tamil Nadu,Madurai,Office Supplies,Stationery,A4 Paper Ream,1,4255.0,0,4255.0,1090.12
1392,2022-11-01,South,Andhra Pradesh,Tirupati,Office Supplies,Stationery,Notebook Bundle,3,157.5,25,472.5,75.59
1393,2022-05-24,South,Tamil Nadu,Madurai,Clothing,Menswear,Casual T-Shirt,3,843.2,15,2529.6,437.53
1394,2023-11-28,East,Bihar,Patna,Furniture,Sofas,L-Shaped Sofa,6,22586.0,0,135516.0,26431.3
1395,2024-01-06,East,Odisha,Bhubaneswar,Electronics,Laptops,Dell Inspiron 15,6,27480.6,30,164883.6,18149.9
1396,2024-10-20,East,West Bengal,Kolkata,Office Supplies,Stationery,Gel Pen Pack,6,1460.2,30,8761.2,1361.71
1397,2022-11-02,North,Delhi,New Delhi,Furniture,Storage,TV Unit,1,41348.75,5,41348.75,2204.05
1398,2022-07-19,North,Rajasthan,Jaipur,Electronics,Mobile Phones,OnePlus 12R,5,31373.5,15,156867.5,20959.53
1399,2024-04-03,North,Haryana,Gurugram,Electronics,Laptops,Lenovo IdeaPad,1,22634.7,5,22634.7,2659.16
1400,2022-12-04,South,Telangana,Hyderabad,Clothing,Menswear,Formal Shirt,4,1719.0,0,6876.0,1461.5
1401,2023-08-05,East,Odisha,Bhubaneswar,Furniture,Chairs,Wooden Dining Chair,4,11207.4,40,44829.6,4097.43
1402,2024-10-20,South,Karnataka,Mysuru,Clothing,Menswear,Jeans,2,2249.8,30,4499.6,750.24
1403,2023-03-03,North,Delhi,New Delhi,Clothing,Womenswear,Saree,2,2909.7,10,5819.4,571.5
1404,2023-05-30,East,West Bengal,Kolkata,Electronics,Laptops,HP Pavilion,1,64419.3,10,64419.3,7794.51
1405,2023-10-30,West,Gujarat,Ahmedabad,Office Supplies,Stationery,A4 Paper Ream,2,6302.0,0,12604.0,1995.56
1406,2024-09-19,East,Odisha,Bhubaneswar,Clothing,Menswear,Sherwani,3,1564.0,15,4692.0,1287.38
1407,2023-02-19,South,Kerala,Kochi,Office Supplies,Stationery,A4 Paper Ream,4,2658.6,10,10634.4,2699.8
1408,2022-11-18,North,Rajasthan,Udaipur,Furniture,Sofas,L-Shaped Sofa,5,12888.0,25,64440.0,7359.65
1409,2023-05-21,East,Odisha,Bhubaneswar,Electronics,Televisions,"Sony Bravia 43""",1,48782.3,30,48782.3,3668.66
1410,2022-07-20,North,Delhi,New Delhi,Clothing,Menswear,Jeans,3,993.0,0,2979.0,477.68
1411,2023-09-17,East,West Bengal,Howrah,Clothing,Menswear,Sherwani,2,261.0,0,522.0,72.31
1412,2023-11-13,West,Madhya Pradesh,Bhopal,Furniture,Sofas,Recliner Sofa,3,36733.0,0,110199.0,8322.48
1413,2024-01-19,South,Karnataka,Mysuru,Furniture,Sofas,Recliner Sofa,6,8449.0,30,50694.0,3858.74
1414,2024-09-06,North,Uttar Pradesh,Varanasi,Office Supplies,Printers,Canon Laser Printer,3,4693.5,25,14080.5,2278.68
1415,2024-08-20,West,Madhya Pradesh,Bhopal,Electronics,Laptops,Asus Vivobook,1,18508.0,0,18508.0,653.54
1416,2023-07-20,North,Punjab,Chandigarh,Furniture,Sofas,L-Shaped Sofa,4,25542.75,25,102171.0,22444.22
1417,2022-02-13,South,Andhra Pradesh,Visakhapatnam,Office Supplies,Printers,Canon Laser Printer,6,6909.7,30,41458.2,6318.6
1418,2023-09-15,West,Gujarat,Surat,Furniture,Storage,Bookshelf,3,9540.75,25,28622.25,7725.98
1419,2022-11-26,West,Gujarat,Ahmedabad,Furniture,Tables,Dining Table 6-Seater,1,17812.5,25,17812.5,1957.48
1420,2023-01-13,South,Karnataka,Mysuru,Furniture,Chairs,Gaming Chair,5,37972.0,0,189860.0,27159.35
1421,2024-10-19,East,Bihar,Patna,Electronics,Accessories,Bluetooth Speaker,4,27592.8,40,110371.2,13464.86
1422,2024-06-24,South,Tamil Nadu,Chennai,Furniture,Sofas,L-Shaped Sofa,1,36948.65,15,36948.65,2633.35
1423,2022-04-23,North,Rajasthan,Udaipur,Furniture,Chairs,Ergonomic Office Chair,1,26799.5,30,26799.5,3771.16
1424,2024-10-01,South,Karnataka,Mysuru,Furniture,Storage,Bookshelf,4,3228.3,15,12913.2,1560.68
1425,2022-06-29,East,Assam,Dibrugarh,Office Supplies,Stationery,Notebook Bundle,4,9281.5,5,37126.0,3630.56
1426,2024-02-09,East,Bihar,Gaya,Furniture,Storage,TV Unit,5,14452.2,10,72261.0,12818.33
1427,2023-09-15,East,Odisha,Bhubaneswar,Electronics,Laptops,Lenovo IdeaPad,3,55948.8,20,167846.4,7571.91
1428,2023-05-17,West,Madhya Pradesh,Indore,Office Supplies,Ink & Toner,Canon Toner,5,10439.0,0,52195.0,7089.99
1429,2022-11-30,North,Haryana,Faridabad,Furniture,Chairs,Ergonomic Office Chair,1,26669.0,0,26669.0,3111.39
1430,2024-12-20,South,Kerala,Kochi,Furniture,Sofas,Recliner Sofa,2,21350.7,10,42701.4,8867.03
1431,2024-01-13,West,Gujarat,Ahmedabad,Furniture,Chairs,Gaming Chair,4,22771.8,10,91087.2,7792.29
1432,2022-08-22,South,Andhra Pradesh,Visakhapatnam,Electronics,Televisions,"LG 55"" UHD",3,47193.7,15,141581.1,6245.0
1433,2023-09-16,South,Telangana,Hyderabad,Furniture,Tables,Coffee Table,2,11533.0,0,23066.0,1565.7
1434,2022-03-29,South,Kerala,Kozhikode,Electronics,Televisions,"Sony Bravia 43""",3,13672.0,0,41016.0,5312.88
1435,2023-02-14,West,Maharashtra,Mumbai,Furniture,Chairs,Wooden Dining Chair,3,9465.4,30,28396.2,5144.09
1436,2024-10-29,East,Bihar,Patna,Clothing,Footwear,Running Shoes,2,1403.5,30,2807.0,287.26
1437,2023-10-06,South,Kerala,Kochi,Clothing,Womenswear,Dress,5,4294.0,0,21470.0,2973.59
1438,2024-07-24,West,Madhya Pradesh,Indore,Clothing,Womenswear,Ethnic Set,2,3097.0,5,6194.0,327.91
1439,2024-10-03,East,Assam,Guwahati,Electronics,Laptops,Asus Vivobook,4,19198.8,10,76795.2,5176.64
1440,2024-04-07,East,Assam,Dibrugarh,Office Supplies,Ink & Toner,Canon Toner,3,4743.2,30,14229.6,1624.24
1441,2024-07-20,West,Madhya Pradesh,Bhopal,Furniture,Tables,Dining Table 6-Seater,1,7097.45,5,7097.45,979.49
1442,2023-11-01,South,Andhra Pradesh,Tirupati,Clothing,Menswear,Casual T-Shirt,6,1675.1,30,10050.6,1296.84
1443,2022-09-01,West,Madhya Pradesh,Bhopal,Clothing,Menswear,Formal Shirt,2,3589.1,5,7178.2,874.78
1444,2024-03-07,South,Kerala,Kozhikode,Clothing,Footwear,Sandals,6,1071.0,30,6426.0,403.68
1445,2023-06-24,East,Bihar,Gaya,Office Supplies,Stationery,A4 Paper Ream,5,3691.8,40,18459.0,1037.16
1446,2023-11-30,East,Bihar,Gaya,Clothing,Womenswear,Kurti,6,1683.6,40,10101.6,702.43
1447,2022-08-23,South,Kerala,Thiruvananthapuram,Electronics,Televisions,"Samsung 50"" Crystal",4,37921.8,40,151687.2,3505.96
1448,2023-10-11,East,Bihar,Patna,Clothing,Menswear,Jeans,3,2879.45,5,8638.35,1653.47
1449,2023-02-18,South,Kerala,Kochi,Office Supplies,Printers,HP Inkjet Printer,3,6229.2,40,18687.6,1341.56
1450,2023-11-21,East,Assam,Guwahati,Office Supplies,Stationery,Notebook Bundle,3,6155.7,15,18467.1,1773.17
1451,2024-04-03,East,Odisha,Bhubaneswar,Furniture,Storage,Wardrobe 4-Door,6,12335.4,40,74012.4,18217.28
1452,2022-05-03,West,Madhya Pradesh,Indore,Furniture,Tables,Office Desk,6,31533.0,0,189198.0,37045.6
1453,2024-04-24,West,Gujarat,Surat,Furniture,Storage,Wardrobe 4-Door,1,14019.3,10,14019.3,2197.62
1454,2024-06-12,South,Telangana,Hyderabad,Office Supplies,Stationery,A4 Paper Ream,3,2274.75,25,6824.25,1568.99
1455,2022-06-21,West,Maharashtra,Nashik,Office Supplies,Ink & Toner,HP Ink Cartridge,4,1388.1,30,5552.4,1469.03
1456,2024-12-04,West,Madhya Pradesh,Indore,Furniture,Sofas,L-Shaped Sofa,3,17538.9,5,52616.7,3923.48
1457,2024-06-19,South,Tamil Nadu,Madurai,Office Supplies,Ink & Toner,HP Ink Cartridge,3,10201.5,10,30604.5,7720.59
1458,2022-10-24,West,Goa,Panaji,Electronics,Mobile Phones,Redmi Note 13,3,58422.0,0,175266.0,16630.55
1459,2024-03-06,East,Bihar,Gaya,Electronics,Laptops,Lenovo IdeaPad,2,23200.8,20,46401.6,6055.61
1460,2024-10-03,East,Bihar,Gaya,Electronics,Laptops,Lenovo IdeaPad,5,14193.3,15,70966.5,5922.63
1461,2022-10-06,North,Haryana,Faridabad,Electronics,Mobile Phones,Redmi Note 13,2,21293.35,15,42586.7,3543.58
1462,2022-10-01,West,Goa,Panaji,Electronics,Televisions,"LG 55"" UHD",2,59576.0,0,119152.0,18198.72
1463,2024-08-05,North,Delhi,Dwarka,Clothing,Footwear,Formal Shoes,2,4896.0,0,9792.0,521.39
1464,2024-12-12,East,Assam,Guwahati,Furniture,Tables,Dining Table 6-Seater,3,28308.0,20,84924.0,20972.63
1465,2023-08-03,North,Punjab,Chandigarh,Clothing,Menswear,Formal Shirt,3,3549.6,10,10648.8,1437.77
1466,2024-07-27,East,Odisha,Cuttack,Clothing,Footwear,Running Shoes,6,2349.0,0,14094.0,1013.56
1467,2022-05-01,North,Punjab,Ludhiana,Electronics,Mobile Phones,iPhone 14,5,55033.5,5,275167.5,42796.28
1468,2022-03-26,West,Gujarat,Vadodara,Clothing,Womenswear,Ethnic Set,2,3676.0,20,7352.0,607.37
1469,2022-08-28,North,Punjab,Ludhiana,Office Supplies,Printers,Canon Laser Printer,3,5014.1,5,15042.3,1843.81
1470,2024-10-03,North,Rajasthan,Udaipur,Clothing,Menswear,Jeans,2,407.25,25,814.5,89.47
1471,2024-08-14,East,West Bengal,Howrah,Office Supplies,Ink & Toner,Canon Toner,4,11942.0,0,47768.0,6229.38
1472,2024-11-07,North,Rajasthan,Jaipur,Furniture,Storage,Wardrobe 4-Door,2,8262.0,10,16524.0,3415.54
1473,2022-09-07,South,Karnataka,Bengaluru,Electronics,Mobile Phones,OnePlus 12R,6,42537.0,40,255222.0,28615.72
1474,2024-07-16,North,Uttar Pradesh,Lucknow,Office Supplies,Printers,HP Inkjet Printer,6,10017.0,0,60102.0,8518.7
1475,2022-12-31,East,West Bengal,Kolkata,Furniture,Tables,Coffee Table,4,9825.75,25,39303.0,9206.85
1476,2022-09-26,South,Karnataka,Hubballi,Furniture,Storage,Bookshelf,4,20595.0,0,82380.0,18452.53
1477,2022-07-10,West,Madhya Pradesh,Indore,Furniture,Storage,TV Unit,6,22051.0,0,132306.0,34221.98
1478,2024-09-05,North,Haryana,Gurugram,Clothing,Womenswear,Kurti,5,791.7,30,3958.5,584.79
1479,2022-07-13,West,Goa,Margao,Electronics,Mobile Phones,Samsung Galaxy A54,6,68670.0,0,412020.0,13044.83
1480,2023-09-02,East,Assam,Dibrugarh,Office Supplies,Stationery,A4 Paper Ream,2,3518.4,20,7036.8,1216.71
1481,2022-01-12,South,Telangana,Karimnagar,Clothing,Womenswear,Ethnic Set,6,2564.0,20,15384.0,3616.28
1482,2022-06-29,South,Telangana,Hyderabad,Electronics,Laptops,Dell Inspiron 15,2,56848.0,20,113696.0,15677.83
1483,2023-01-26,East,Odisha,Cuttack,Clothing,Menswear,Formal Shirt,2,4112.0,0,8224.0,2037.52
1484,2023-05-12,East,West Bengal,Howrah,Electronics,Mobile Phones,OnePlus 12R,4,65674.8,10,262699.2,6615.4
1485,2024-03-29,East,Odisha,Bhubaneswar,Electronics,Televisions,"Samsung 50"" Crystal",3,12243.0,25,36729.0,1335.9
1486,2023-12-12,East,West Bengal,Kolkata,Office Supplies,Ink & Toner,HP Ink Cartridge,4,3556.8,10,14227.2,2634.33
1487,2023-11-26,East,Odisha,Cuttack,Clothing,Womenswear,Dress,4,2563.0,0,10252.0,2085.49
1488,2022-09-22,North,Rajasthan,Jodhpur,Electronics,Televisions,"LG 55"" UHD",3,38765.0,0,116295.0,8167.41
1489,2023-06-19,North,Uttar Pradesh,Lucknow,Electronics,Accessories,Power Bank,1,28284.0,25,28284.0,1586.59
1490,2023-11-28,South,Kerala,Thiruvananthapuram,Furniture,Sofas,Recliner Sofa,1,19774.8,40,19774.8,3761.58
1491,2022-03-27,North,Delhi,New Delhi,Office Supplies,Stationery,Notebook Bundle,3,7899.25,5,23697.75,4711.86
1492,2023-11-17,South,Telangana,Warangal,Clothing,Menswear,Jeans,4,1652.0,0,6608.0,734.7
1493,2024-04-29,North,Uttar Pradesh,Noida,Furniture,Tables,Coffee Table,4,33064.0,0,132256.0,20075.55
1494,2022-06-23,East,Odisha,Cuttack,Electronics,Televisions,"Sony Bravia 43""",6,25006.5,10,150039.0,11808.48
1495,2023-09-16,West,Goa,Panaji,Office Supplies,Ink & Toner,HP Ink Cartridge,6,7489.3,30,44935.8,8699.69
1496,2023-09-10,West,Madhya Pradesh,Indore,Office Supplies,Stationery,A4 Paper Ream,5,5732.0,0,28660.0,1616.85
1497,2023-06-14,West,Madhya Pradesh,Indore,Electronics,Accessories,Bluetooth Speaker,6,74518.0,0,447108.0,37030.9
1498,2022-01-11,North,Rajasthan,Udaipur,Furniture,Chairs,Gaming Chair,3,27750.0,0,83250.0,10439.95
1499,2024-01-10,North,Punjab,Ludhiana,Electronics,Mobile Phones,Samsung Galaxy A54,4,25047.0,0,100188.0,7183.6
1500,2024-12-13,East,Bihar,Gaya,Clothing,Womenswear,Ethnic Set,6,4173.35,5,25040.1,4043.87
1501,2024-07-26,South,Telangana,Warangal,Clothing,Menswear,Jeans,5,3597.0,0,17985.0,1399.22
1502,2023-08-17,North,Delhi,Dwarka,Office Supplies,Printers,Canon Laser Printer,3,1494.0,40,4482.0,658.87
1503,2023-03-18,East,West Bengal,Kolkata,Office Supplies,Stationery,A4 Paper Ream,4,3918.0,25,15672.0,4028.74
1504,2024-02-12,North,Uttar Pradesh,Noida,Clothing,Footwear,Formal Shoes,2,2884.0,20,5768.0,597.27
1505,2024-03-20,South,Tamil Nadu,Madurai,Office Supplies,Ink & Toner,HP Ink Cartridge,2,7331.1,30,14662.2,2908.79
1506,2022-06-24,South,Kerala,Kozhikode,Furniture,Storage,TV Unit,1,34069.5,10,34069.5,7868.49
1507,2024-06-28,West,Madhya Pradesh,Indore,Clothing,Menswear,Casual T-Shirt,4,3887.9,15,15551.6,2143.98
1508,2022-07-06,South,Kerala,Kochi,Office Supplies,Stationery,A4 Paper Ream,3,4917.2,5,14751.6,937.47
1509,2023-10-29,South,Karnataka,Mysuru,Electronics,Accessories,Smart Watch,4,50495.0,0,201980.0,9767.41
1510,2023-04-30,East,West Bengal,Howrah,Electronics,Accessories,Power Bank,5,49084.8,20,245424.0,26676.55
1511,2022-02-08,South,Telangana,Karimnagar,Furniture,Chairs,Wooden Dining Chair,4,7649.1,10,30596.4,7039.09
1512,2022-10-19,North,Uttar Pradesh,Noida,Clothing,Menswear,Formal Shirt,4,556.5,25,2226.0,251.23
1513,2023-03-12,West,Maharashtra,Pune,Electronics,Accessories,Wireless Earbuds,4,19294.4,20,77177.6,3821.76
1514,2024-10-30,West,Goa,Margao,Clothing,Womenswear,Saree,6,2409.6,40,14457.6,1815.08
1515,2022-10-01,South,Kerala,Thiruvananthapuram,Electronics,Mobile Phones,Redmi Note 13,4,72091.0,0,288364.0,27513.07
1516,2024-01-04,South,Andhra Pradesh,Tirupati,Office Supplies,Stationery,Gel Pen Pack,1,4280.4,10,4280.4,302.59
1517,2023-03-29,East,Bihar,Patna,Office Supplies,Printers,HP Inkjet Printer,1,5975.1,10,5975.1,1080.86
1518,2024-10-08,North,Rajasthan,Udaipur,Furniture,Sofas,Recliner Sofa,2,10215.9,10,20431.8,5161.7
1519,2023-07-16,South,Kerala,Kozhikode,Office Supplies,Ink & Toner,Canon Toner,1,4353.6,20,4353.6,492.08
1520,2024-11-27,West,Maharashtra,Pune,Electronics,Accessories,Power Bank,5,60149.7,10,300748.5,20107.69
1521,2023-05-27,West,Goa,Panaji,Electronics,Mobile Phones,OnePlus 12R,4,10033.2,10,40132.8,2191.31
1522,2024-08-27,West,Maharashtra,Nagpur,Furniture,Sofas,Recliner Sofa,5,5561.4,40,27807.0,2188.69
1523,2024-02-12,South,Telangana,Hyderabad,Clothing,Menswear,Casual T-Shirt,5,494.9,30,2474.5,153.44
1524,2024-02-21,East,Odisha,Bhubaneswar,Clothing,Womenswear,Ethnic Set,4,346.5,25,1386.0,234.18
1525,2023-01-30,South,Kerala,Kozhikode,Electronics,Laptops,HP Pavilion,6,56026.5,25,336159.0,40825.58
1526,2024-06-29,North,Delhi,New Delhi,Furniture,Chairs,Wooden Dining Chair,4,22224.3,5,88897.2,7458.84
1527,2023-09-25,West,Goa,Panaji,Furniture,Sofas,3-Seater Fabric Sofa,5,27594.0,10,137970.0,27225.29
1528,2023-12-01,East,Assam,Dibrugarh,Office Supplies,Ink & Toner,Canon Toner,4,1867.0,0,7468.0,1225.23
1529,2023-04-17,North,Uttar Pradesh,Noida,Office Supplies,Ink & Toner,Canon Toner,2,260.0,0,520.0,34.82
1530,2022-03-03,North,Haryana,Faridabad,Furniture,Chairs,Ergonomic Office Chair,1,14367.6,10,14367.6,3644.17
1531,2022-12-23,North,Uttar Pradesh,Kanpur,Electronics,Laptops,Lenovo IdeaPad,1,9138.35,15,9138.35,1380.4
1532,2023-09-17,West,Goa,Panaji,Clothing,Footwear,Running Shoes,1,1274.0,30,1274.0,174.52
1533,2024-02-06,East,Odisha,Bhubaneswar,Furniture,Chairs,Ergonomic Office Chair,3,6165.5,5,18496.5,4547.28
1534,2024-09-28,South,Tamil Nadu,Madurai,Electronics,Laptops,Asus Vivobook,6,56052.0,25,336312.0,15154.15
1535,2024-09-16,East,Assam,Dibrugarh,Clothing,Footwear,Sandals,6,1434.0,25,8604.0,2138.34
1536,2024-03-21,East,Assam,Guwahati,Office Supplies,Printers,HP Inkjet Printer,2,6317.2,15,12634.4,1300.6
1537,2022-03-26,West,Madhya Pradesh,Bhopal,Clothing,Womenswear,Ethnic Set,3,3382.0,0,10146.0,926.33
1538,2023-04-24,South,Karnataka,Bengaluru,Office Supplies,Ink & Toner,HP Ink Cartridge,3,1778.2,15,5334.6,313.7
1539,2023-02-15,West,Goa,Margao,Office Supplies,Stationery,Notebook Bundle,5,3985.2,10,19926.0,2287.99
1540,2023-12-11,East,Assam,Guwahati,Clothing,Footwear,Sandals,2,1476.75,25,2953.5,306.44
1541,2024-08-17,East,Bihar,Patna,Office Supplies,Stationery,Gel Pen Pack,6,5135.9,30,30815.4,1754.13
1542,2022-10-12,North,Haryana,Gurugram,Clothing,Footwear,Formal Shoes,3,2487.8,30,7463.4,887.52
1543,2023-11-08,East,Assam,Guwahati,Clothing,Menswear,Sherwani,2,3686.25,25,7372.5,1452.17
1544,2023-09-16,South,Kerala,Kochi,Electronics,Televisions,"Sony Bravia 43""",2,30674.7,10,61349.4,3228.54
1545,2024-12-09,South,Karnataka,Hubballi,Electronics,Laptops,Lenovo IdeaPad,4,41483.4,30,165933.6,13038.71
1546,2022-05-21,North,Uttar Pradesh,Kanpur,Office Supplies,Printers,Canon Laser Printer,2,2606.25,25,5212.5,590.84
1547,2024-07-01,East,Odisha,Cuttack,Clothing,Womenswear,Ethnic Set,5,3389.8,15,16949.0,3577.47
1548,2023-09-02,North,Punjab,Chandigarh,Furniture,Storage,Bookshelf,4,40264.0,0,161056.0,16931.8
1549,2022-11-20,West,Maharashtra,Pune,Clothing,Womenswear,Kurti,3,2336.0,20,7008.0,1077.24
1550,2023-06-02,South,Tamil Nadu,Chennai,Electronics,Televisions,"LG 55"" UHD",3,60342.0,0,181026.0,9971.78
1551,2022-10-07,East,Assam,Dibrugarh,Electronics,Mobile Phones,Redmi Note 13,6,62104.35,5,372626.1,16351.75
1552,2022-12-29,East,Odisha,Bhubaneswar,Electronics,Accessories,Smart Watch,4,38454.5,30,153818.0,7731.4
1553,2024-12-06,South,Tamil Nadu,Madurai,Office Supplies,Printers,HP Inkjet Printer,5,5699.7,10,28498.5,3880.59
1554,2023-05-04,South,Tamil Nadu,Chennai,Electronics,Accessories,Smart Watch,6,15466.0,5,92796.0,2427.71
1555,2024-11-15,West,Goa,Panaji,Furniture,Storage,Bookshelf,1,14458.5,15,14458.5,1300.3
1556,2022-01-25,East,Odisha,Bhubaneswar,Office Supplies,Ink & Toner,Canon Toner,1,4131.0,40,4131.0,681.21
1557,2022-12-18,South,Kerala,Thiruvananthapuram,Clothing,Footwear,Sandals,2,2140.5,25,4281.0,280.53
1558,2024-07-08,North,Rajasthan,Udaipur,Electronics,Laptops,Dell Inspiron 15,5,21834.0,10,109170.0,11655.78
1559,2022-05-03,East,Bihar,Patna,Furniture,Storage,Wardrobe 4-Door,6,15810.85,15,94865.1,7672.82
1560,2023-10-13,South,Kerala,Thiruvananthapuram,Office Supplies,Stationery,A4 Paper Ream,6,2883.3,30,17299.8,1080.15
1561,2023-04-01,East,Bihar,Patna,Clothing,Footwear,Running Shoes,1,642.2,5,642.2,170.7
1562,2022-09-15,North,Uttar Pradesh,Lucknow,Clothing,Footwear,Formal Shoes,3,3536.85,5,10610.55,2009.06
1563,2023-09-13,East,Odisha,Cuttack,Clothing,Menswear,Casual T-Shirt,4,3092.0,20,12368.0,2055.78
1564,2024-09-14,East,Assam,Guwahati,Office Supplies,Ink & Toner,HP Ink Cartridge,5,5744.7,10,28723.5,4432.86
1565,2024-09-11,North,Punjab,Chandigarh,Furniture,Tables,Dining Table 6-Seater,1,22021.6,20,22021.6,5863.59
1566,2024-02-04,West,Maharashtra,Nashik,Electronics,Mobile Phones,OnePlus 12R,5,24888.85,15,124444.25,11367.38
1567,2024-09-27,West,Maharashtra,Nashik,Clothing,Footwear,Running Shoes,2,456.95,5,913.9,100.63
1568,2022-10-29,North,Delhi,New Delhi,Electronics,Televisions,"LG 55"" UHD",6,17604.45,5,105626.7,14382.65
1569,2024-10-22,East,Bihar,Gaya,Electronics,Mobile Phones,iPhone 14,2,43261.0,0,86522.0,13686.36
1570,2024-10-04,South,Tamil Nadu,Madurai,Clothing,Footwear,Formal Shoes,6,3153.05,5,18918.3,4009.37
1571,2023-02-10,South,Tamil Nadu,Madurai,Furniture,Tables,Dining Table 6-Seater,1,11681.25,25,11681.25,2268.18
1572,2022-12-07,South,Tamil Nadu,Chennai,Office Supplies,Stationery,Gel Pen Pack,1,8099.0,0,8099.0,518.68
1573,2022-03-27,South,Tamil Nadu,Madurai,Office Supplies,Printers,Canon Laser Printer,3,5290.4,15,15871.2,3775.36
1574,2022-07-25,East,Odisha,Bhubaneswar,Electronics,Accessories,Smart Watch,3,47063.1,30,141189.3,10989.85
1575,2023-01-20,West,Maharashtra,Nagpur,Electronics,Accessories,Power Bank,2,60782.65,15,121565.3,9714.07
1576,2023-08-25,North,Rajasthan,Udaipur,Electronics,Laptops,Asus Vivobook,1,35623.5,25,35623.5,5475.59
1577,2024-09-14,North,Uttar Pradesh,Kanpur,Furniture,Sofas,3-Seater Fabric Sofa,4,12150.9,10,48603.6,4893.73
1578,2022-09-10,East,West Bengal,Siliguri,Office Supplies,Stationery,Notebook Bundle,5,4428.2,30,22141.0,6027.6
1579,2023-04-03,West,Maharashtra,Mumbai,Electronics,Accessories,Smart Watch,6,19735.3,15,118411.8,18184.45
1580,2022-01-04,North,Punjab,Ludhiana,Office Supplies,Printers,HP Inkjet Printer,5,4638.2,30,23191.0,5705.99
1581,2023-10-10,West,Gujarat,Surat,Clothing,Menswear,Casual T-Shirt,2,1946.0,30,3892.0,1081.11
1582,2022-09-10,East,Odisha,Cuttack,Office Supplies,Ink & Toner,Canon Toner,1,10703.7,10,10703.7,2259.48
1583,2024-03-13,North,Delhi,Dwarka,Office Supplies,Printers,Canon Laser Printer,3,1193.4,10,3580.2,411.52
1584,2024-03-17,West,Maharashtra,Nagpur,Clothing,Footwear,Running Shoes,5,3781.8,10,18909.0,4847.51
1585,2023-03-06,North,Delhi,Dwarka,Electronics,Laptops,Asus Vivobook,4,22536.75,25,90147.0,4070.01
1586,2022-04-18,West,Madhya Pradesh,Indore,Clothing,Menswear,Formal Shirt,1,1637.4,40,1637.4,441.36
1587,2024-02-22,East,Bihar,Patna,Electronics,Mobile Phones,Samsung Galaxy A54,1,43273.2,40,43273.2,4336.73
1588,2024-09-09,South,Kerala,Kochi,Clothing,Womenswear,Ethnic Set,3,539.0,30,1617.0,149.61
1589,2022-02-10,East,West Bengal,Siliguri,Electronics,Laptops,Dell Inspiron 15,2,26846.4,15,53692.8,1998.79
1590,2022-09-21,North,Delhi,Dwarka,Electronics,Mobile Phones,Samsung Galaxy A54,5,37708.0,20,188540.0,29562.02
1591,2022-01-01,South,Kerala,Thiruvananthapuram,Clothing,Menswear,Sherwani,6,3261.3,30,19567.8,1922.79
1592,2022-04-02,North,Uttar Pradesh,Varanasi,Furniture,Tables,Office Desk,5,39693.85,5,198469.25,43205.57
1593,2024-05-14,West,Goa,Margao,Furniture,Storage,Bookshelf,1,21612.5,30,21612.5,2093.5
1594,2024-11-13,East,Odisha,Cuttack,Clothing,Womenswear,Kurti,5,889.0,30,4445.0,334.7
1595,2024-04-13,South,Karnataka,Mysuru,Office Supplies,Stationery,A4 Paper Ream,3,5063.2,20,15189.6,4084.64
1596,2022-09-10,West,Madhya Pradesh,Indore,Office Supplies,Ink & Toner,Canon Toner,5,1684.35,5,8421.75,1037.05
1597,2024-03-08,East,Assam,Guwahati,Office Supplies,Stationery,Notebook Bundle,5,1492.2,40,7461.0,1635.06
1598,2023-05-26,East,Assam,Guwahati,Clothing,Womenswear,Ethnic Set,5,4062.6,10,20313.0,2441.48
1599,2022-07-11,South,Andhra Pradesh,Guntur,Clothing,Menswear,Sherwani,6,3029.6,30,18177.6,3773.27
1600,2024-12-26,East,West Bengal,Siliguri,Furniture,Sofas,Recliner Sofa,4,11403.0,40,45612.0,2724.95
1601,2022-12-25,North,Rajasthan,Jodhpur,Electronics,Televisions,"LG 55"" UHD",4,27310.5,10,109242.0,14905.16
1602,2022-08-30,East,Bihar,Gaya,Furniture,Sofas,Recliner Sofa,6,17251.0,0,103506.0,27444.13
1603,2024-09-26,South,Kerala,Thiruvananthapuram,Office Supplies,Printers,Canon Laser Printer,1,9588.8,20,9588.8,1261.33
1604,2022-07-27,North,Delhi,New Delhi,Clothing,Menswear,Sherwani,1,3284.0,20,3284.0,446.92
1605,2024-01-17,North,Rajasthan,Jodhpur,Electronics,Televisions,"Samsung 50"" Crystal",4,29211.0,0,116844.0,8213.33
1606,2023-02-11,West,Maharashtra,Pune,Clothing,Womenswear,Dress,1,2427.0,0,2427.0,356.41
1607,2024-10-11,North,Haryana,Faridabad,Clothing,Menswear,Formal Shirt,1,2148.3,30,2148.3,114.16
1608,2023-04-30,West,Madhya Pradesh,Indore,Clothing,Womenswear,Dress,3,1367.4,40,4102.2,348.99
1609,2024-11-13,West,Maharashtra,Nagpur,Furniture,Storage,Wardrobe 4-Door,4,32328.0,10,129312.0,35985.83
1610,2022-11-01,North,Punjab,Chandigarh,Office Supplies,Stationery,A4 Paper Ream,4,3420.0,0,13680.0,1880.74
1611,2024-12-11,North,Uttar Pradesh,Varanasi,Clothing,Womenswear,Kurti,5,1035.9,10,5179.5,692.1
1612,2023-12-20,North,Haryana,Gurugram,Furniture,Sofas,3-Seater Fabric Sofa,1,15202.8,10,15202.8,3936.78
1613,2022-07-26,West,Madhya Pradesh,Bhopal,Office Supplies,Printers,HP Inkjet Printer,1,1941.4,15,1941.4,428.07
1614,2024-12-19,North,Haryana,Gurugram,Clothing,Menswear,Formal Shirt,2,1629.0,10,3258.0,690.93
1615,2022-07-22,West,Goa,Margao,Furniture,Tables,Dining Table 6-Seater,2,21284.9,30,42569.8,11676.0
1616,2024-01-20,South,Tamil Nadu,Chennai,Clothing,Womenswear,Kurti,2,373.2,40,746.4,47.76
1617,2024-03-25,South,Telangana,Warangal,Clothing,Footwear,Formal Shoes,4,265.05,5,1060.2,192.47
1618,2024-11-16,West,Goa,Panaji,Office Supplies,Ink & Toner,Canon Toner,5,2672.6,30,13363.0,1400.31
1619,2023-03-07,South,Karnataka,Hubballi,Office Supplies,Printers,HP Inkjet Printer,6,5814.0,15,34884.0,9649.27
1620,2023-07-27,South,Kerala,Kozhikode,Electronics,Televisions,"Samsung 50"" Crystal",3,31518.9,10,94556.7,4590.6
1621,2024-03-20,North,Punjab,Ludhiana,Furniture,Storage,Wardrobe 4-Door,4,29795.4,10,119181.6,21574.41
1622,2022-02-13,North,Punjab,Amritsar,Furniture,Sofas,3-Seater Fabric Sofa,1,19072.0,0,19072.0,4130.82
1623,2022-10-09,South,Kerala,Kochi,Clothing,Womenswear,Kurti,1,2284.0,0,2284.0,254.81
1624,2022-08-06,West,Maharashtra,Pune,Furniture,Storage,TV Unit,4,21986.8,5,87947.2,9329.09
1625,2022-09-10,South,Andhra Pradesh,Guntur,Electronics,Televisions,"Sony Bravia 43""",1,29920.8,20,29920.8,1215.76
1626,2023-08-11,East,West Bengal,Howrah,Furniture,Sofas,3-Seater Fabric Sofa,1,26416.0,0,26416.0,3511.04
1627,2022-11-06,West,Gujarat,Vadodara,Clothing,Menswear,Casual T-Shirt,5,1852.5,25,9262.5,1872.86
1628,2022-11-01,North,Haryana,Gurugram,Clothing,Womenswear,Ethnic Set,1,2404.45,5,2404.45,170.24
1629,2022-09-19,East,Bihar,Gaya,Clothing,Womenswear,Ethnic Set,6,2831.95,5,16991.7,3984.42
1630,2023-05-19,East,Assam,Guwahati,Clothing,Menswear,Sherwani,5,3213.0,0,16065.0,1554.36
1631,2022-02-05,East,Odisha,Bhubaneswar,Electronics,Accessories,Bluetooth Speaker,2,37300.8,20,74601.6,4024.73
1632,2023-04-05,North,Delhi,New Delhi,Clothing,Footwear,Running Shoes,6,670.8,40,4024.8,269.53
1633,2022-11-20,West,Gujarat,Ahmedabad,Furniture,Sofas,3-Seater Fabric Sofa,5,12170.45,5,60852.25,13513.13
1634,2023-09-06,West,Madhya Pradesh,Indore,Office Supplies,Stationery,A4 Paper Ream,1,2843.35,5,2843.35,149.27
1635,2024-05-17,East,Bihar,Gaya,Furniture,Storage,Wardrobe 4-Door,3,33459.3,10,100377.9,14262.95
1636,2022-04-25,North,Rajasthan,Udaipur,Electronics,Televisions,"LG 55"" UHD",3,51932.45,15,155797.35,17220.38
1637,2023-02-03,South,Andhra Pradesh,Guntur,Office Supplies,Stationery,A4 Paper Ream,3,1704.6,10,5113.8,958.0
1638,2023-09-26,North,Delhi,New Delhi,Office Supplies,Stationery,Notebook Bundle,5,8076.0,0,40380.0,4940.63
1639,2023-09-25,West,Goa,Margao,Furniture,Chairs,Gaming Chair,6,9764.8,15,58588.8,8417.8
1640,2024-10-28,North,Delhi,Dwarka,Clothing,Footwear,Running Shoes,3,4043.0,0,12129.0,3075.88
1641,2022-10-16,North,Rajasthan,Udaipur,Office Supplies,Printers,HP Inkjet Printer,3,10364.0,0,31092.0,7923.99
1642,2024-03-04,South,Telangana,Karimnagar,Clothing,Menswear,Formal Shirt,2,4337.0,0,8674.0,1341.05
1643,2022-11-27,West,Goa,Panaji,Electronics,Laptops,Asus Vivobook,3,70031.0,0,210093.0,32781.92
1644,2024-09-26,West,Madhya Pradesh,Bhopal,Furniture,Storage,Bookshelf,5,19242.3,30,96211.5,14770.51
1645,2022-03-29,South,Telangana,Karimnagar,Electronics,Laptops,Dell Inspiron 15,3,57259.0,0,171777.0,8799.65
1646,2024-08-04,West,Madhya Pradesh,Bhopal,Clothing,Menswear,Formal Shirt,2,1507.2,20,3014.4,378.63
1647,2023-10-12,East,Odisha,Cuttack,Electronics,Accessories,Power Bank,1,24151.05,15,24151.05,2404.21
1648,2024-02-18,West,Madhya Pradesh,Bhopal,Furniture,Sofas,3-Seater Fabric Sofa,1,20684.0,0,20684.0,1708.49
1649,2023-07-15,West,Madhya Pradesh,Bhopal,Furniture,Chairs,Ergonomic Office Chair,1,29529.8,5,29529.8,2825.39
1650,2024-05-08,North,Punjab,Ludhiana,Clothing,Menswear,Jeans,1,2842.0,0,2842.0,240.48
1651,2024-10-19,South,Tamil Nadu,Coimbatore,Electronics,Televisions,"Sony Bravia 43""",6,66894.0,0,401364.0,20311.9
1652,2023-01-20,North,Rajasthan,Jodhpur,Furniture,Chairs,Ergonomic Office Chair,2,24538.5,10,49077.0,12575.03
1653,2024-10-25,South,Tamil Nadu,Madurai,Clothing,Womenswear,Ethnic Set,3,3854.75,15,11564.25,879.78
1654,2022-12-27,West,Gujarat,Vadodara,Furniture,Storage,Bookshelf,3,44556.0,0,133668.0,31460.92
1655,2022-08-01,South,Kerala,Thiruvananthapuram,Electronics,Televisions,"Samsung 50"" Crystal",5,12640.8,40,63204.0,8394.87
1656,2023-03-10,East,Assam,Guwahati,Furniture,Storage,Wardrobe 4-Door,3,30062.0,0,90186.0,23999.56
1657,2023-04-04,West,Goa,Margao,Clothing,Footwear,Running Shoes,1,441.75,5,441.75,102.41
1658,2024-11-28,West,Goa,Panaji,Clothing,Menswear,Sherwani,2,3576.75,5,7153.5,1903.26
1659,2022-12-22,West,Gujarat,Surat,Furniture,Sofas,Recliner Sofa,2,8605.6,20,17211.2,4197.76
1660,2023-02-22,South,Tamil Nadu,Chennai,Furniture,Sofas,Recliner Sofa,6,38449.35,5,230696.1,63714.86
1661,2024-01-04,North,Haryana,Gurugram,Furniture,Storage,Bookshelf,6,21020.0,0,126120.0,24824.06
1662,2022-07-31,South,Andhra Pradesh,Visakhapatnam,Office Supplies,Printers,HP Inkjet Printer,1,4856.8,20,4856.8,355.3
1663,2022-02-14,East,West Bengal,Kolkata,Clothing,Womenswear,Dress,6,2697.0,0,16182.0,4172.31
1664,2022-03-06,West,Goa,Margao,Electronics,Laptops,Lenovo IdeaPad,1,33276.0,0,33276.0,3078.67
1665,2022-11-09,West,Maharashtra,Pune,Electronics,Accessories,Smart Watch,2,14202.75,25,28405.5,1360.43
1666,2022-07-08,West,Madhya Pradesh,Bhopal,Clothing,Footwear,Formal Shoes,2,2041.6,20,4083.2,300.79
1667,2023-10-01,North,Punjab,Ludhiana,Clothing,Womenswear,Dress,3,3389.4,10,10168.2,1834.78
1668,2022-05-12,South,Kerala,Thiruvananthapuram,Clothing,Womenswear,Dress,4,2314.4,20,9257.6,2146.89
1669,2024-01-03,North,Haryana,Faridabad,Furniture,Chairs,Ergonomic Office Chair,1,3342.6,10,3342.6,524.91
1670,2023-10-21,South,Tamil Nadu,Coimbatore,Furniture,Tables,Dining Table 6-Seater,5,25703.4,40,128517.0,32812.03
1671,2024-05-13,East,Bihar,Gaya,Furniture,Tables,Dining Table 6-Seater,4,6066.0,0,24264.0,1905.73
1672,2022-12-17,East,Odisha,Bhubaneswar,Office Supplies,Stationery,Notebook Bundle,5,3847.2,20,19236.0,1125.53
1673,2022-03-22,South,Andhra Pradesh,Tirupati,Electronics,Televisions,"Samsung 50"" Crystal",3,44002.0,0,132006.0,12923.79
1674,2023-10-04,South,Tamil Nadu,Coimbatore,Clothing,Womenswear,Kurti,3,641.0,0,1923.0,157.51
1675,2023-10-24,East,Odisha,Bhubaneswar,Electronics,Laptops,Lenovo IdeaPad,5,8647.0,0,43235.0,1155.26
1676,2023-09-16,West,Madhya Pradesh,Bhopal,Furniture,Tables,Office Desk,4,6765.6,40,27062.4,6879.09
1677,2022-09-08,North,Rajasthan,Jodhpur,Clothing,Womenswear,Dress,6,2169.9,10,13019.4,2781.17
1678,2023-12-24,North,Uttar Pradesh,Lucknow,Electronics,Televisions,"Sony Bravia 43""",2,8748.0,10,17496.0,1544.38
1679,2023-11-29,West,Goa,Margao,Furniture,Sofas,3-Seater Fabric Sofa,2,25442.1,10,50884.2,11673.08
1680,2023-01-20,East,Odisha,Cuttack,Electronics,Laptops,Asus Vivobook,1,21321.8,5,21321.8,1222.72
1681,2024-09-02,East,Bihar,Gaya,Electronics,Mobile Phones,iPhone 14,4,28636.0,20,114544.0,10436.08
1682,2022-04-19,West,Maharashtra,Mumbai,Clothing,Footwear,Formal Shoes,2,1018.2,40,2036.4,231.06
1683,2024-10-07,South,Andhra Pradesh,Visakhapatnam,Electronics,Laptops,Dell Inspiron 15,1,12677.0,0,12677.0,1197.96
1684,2023-07-19,East,Assam,Dibrugarh,Electronics,Laptops,Lenovo IdeaPad,4,31465.8,10,125863.2,14955.0
1685,2023-08-13,South,Telangana,Karimnagar,Clothing,Footwear,Formal Shoes,6,777.1,5,4662.6,434.04
1686,2024-07-21,South,Tamil Nadu,Coimbatore,Office Supplies,Stationery,A4 Paper Ream,3,6766.8,40,20300.4,2659.21
1687,2024-08-28,East,Odisha,Cuttack,Electronics,Mobile Phones,Samsung Galaxy A54,5,43792.15,5,218960.75,27523.14
1688,2022-07-12,West,Madhya Pradesh,Bhopal,Office Supplies,Ink & Toner,Canon Toner,6,6118.0,0,36708.0,8823.96
1689,2023-09-09,East,West Bengal,Howrah,Electronics,Laptops,Asus Vivobook,2,23907.6,10,47815.2,4822.73
1690,2024-06-01,South,Telangana,Warangal,Electronics,Accessories,Power Bank,5,26291.35,15,131456.75,9825.56
1691,2023-07-20,South,Kerala,Kozhikode,Office Supplies,Ink & Toner,HP Ink Cartridge,4,5835.0,0,23340.0,6371.31
1692,2024-10-18,North,Punjab,Amritsar,Furniture,Chairs,Wooden Dining Chair,5,22899.0,0,114495.0,26786.17
1693,2022-02-01,North,Haryana,Gurugram,Electronics,Televisions,"LG 55"" UHD",1,64403.0,0,64403.0,3555.09
1694,2024-10-25,North,Delhi,Dwarka,Furniture,Tables,Coffee Table,5,16543.5,25,82717.5,21884.98
1695,2024-03-02,South,Karnataka,Mysuru,Office Supplies,Stationery,Notebook Bundle,4,2187.0,10,8748.0,710.42
1696,2023-02-13,South,Karnataka,Hubballi,Clothing,Footwear,Running Shoes,4,3422.25,25,13689.0,2869.91
1697,2024-10-28,West,Madhya Pradesh,Bhopal,Clothing,Womenswear,Ethnic Set,4,372.8,20,1491.2,104.89
1698,2022-10-15,West,Gujarat,Vadodara,Office Supplies,Stationery,Notebook Bundle,5,5266.4,20,26332.0,5374.84
1699,2024-11-26,South,Andhra Pradesh,Vijayawada,Office Supplies,Ink & Toner,HP Ink Cartridge,3,8001.9,15,24005.7,5972.43
1700,2022-09-06,South,Telangana,Karimnagar,Furniture,Storage,Wardrobe 4-Door,2,22719.0,0,45438.0,10691.19
1701,2023-02-16,South,Telangana,Karimnagar,Electronics,Mobile Phones,Redmi Note 13,2,16184.25,25,32368.5,2417.93
1702,2022-09-07,East,Odisha,Bhubaneswar,Office Supplies,Ink & Toner,Canon Toner,6,2418.7,5,14512.2,1198.53
1703,2023-05-08,North,Punjab,Ludhiana,Office Supplies,Printers,HP Inkjet Printer,5,8871.2,20,44356.0,6153.9
1704,2022-08-08,East,Odisha,Bhubaneswar,Office Supplies,Printers,HP Inkjet Printer,5,9661.0,0,48305.0,9582.51
1705,2024-06-29,West,Gujarat,Surat,Clothing,Womenswear,Kurti,2,1679.6,15,3359.2,865.28
1706,2024-12-11,South,Telangana,Karimnagar,Furniture,Chairs,Wooden Dining Chair,6,29800.8,10,178804.8,41221.84
1707,2024-09-17,East,Odisha,Cuttack,Furniture,Chairs,Wooden Dining Chair,5,41305.0,0,206525.0,12460.42
1708,2022-11-22,South,Tamil Nadu,Madurai,Clothing,Womenswear,Saree,6,2716.8,20,16300.8,4273.2
1709,2022-05-07,South,Andhra Pradesh,Vijayawada,Clothing,Womenswear,Kurti,2,3145.6,20,6291.2,507.32
1710,2023-02-14,East,Assam,Dibrugarh,Furniture,Tables,Office Desk,2,22582.2,40,45164.4,2510.05
1711,2022-07-17,North,Delhi,Dwarka,Clothing,Footwear,Sandals,1,3432.0,25,3432.0,321.69
1712,2023-03-01,East,Bihar,Gaya,Furniture,Sofas,L-Shaped Sofa,4,7261.8,5,29047.2,6679.38
1713,2023-09-03,East,Odisha,Bhubaneswar,Office Supplies,Stationery,A4 Paper Ream,3,11672.0,0,35016.0,8777.17
1714,2022-06-03,North,Rajasthan,Udaipur,Office Supplies,Printers,HP Inkjet Printer,5,7866.0,0,39330.0,2258.45
1715,2024-05-13,West,Maharashtra,Pune,Furniture,Chairs,Wooden Dining Chair,1,21207.0,40,21207.0,4489.75
1716,2022-03-14,South,Tamil Nadu,Madurai,Electronics,Televisions,"Sony Bravia 43""",3,9429.7,30,28289.1,1457.86
1717,2023-12-19,West,Gujarat,Ahmedabad,Electronics,Mobile Phones,Redmi Note 13,5,57727.0,0,288635.0,21415.99
1718,2022-10-10,South,Kerala,Thiruvananthapuram,Office Supplies,Stationery,Gel Pen Pack,4,2370.6,40,9482.4,496.04
1719,2022-06-06,East,Odisha,Cuttack,Electronics,Accessories,Bluetooth Speaker,5,30009.75,25,150048.75,16814.7
1720,2022-06-07,North,Punjab,Amritsar,Office Supplies,Stationery,Gel Pen Pack,6,8265.6,10,49593.6,8489.14
1721,2023-07-02,South,Andhra Pradesh,Guntur,Clothing,Footwear,Sandals,4,961.1,30,3844.4,396.06
1722,2023-03-08,North,Delhi,New Delhi,Clothing,Footwear,Formal Shoes,1,2217.6,10,2217.6,410.91
1723,2022-06-23,East,Assam,Guwahati,Clothing,Womenswear,Ethnic Set,1,1408.0,20,1408.0,242.84
1724,2023-09-17,West,Maharashtra,Nagpur,Office Supplies,Ink & Toner,HP Ink Cartridge,1,7261.0,0,7261.0,1711.43
1725,2024-12-31,West,Gujarat,Surat,Clothing,Footwear,Running Shoes,2,2497.0,0,4994.0,1396.95
1726,2023-08-29,East,West Bengal,Siliguri,Office Supplies,Printers,Canon Laser Printer,6,316.8,10,1900.8,343.55
1727,2023-10-20,North,Punjab,Ludhiana,Electronics,Televisions,"Sony Bravia 43""",4,11565.0,10,46260.0,3571.53
1728,2022-06-12,West,Maharashtra,Nashik,Furniture,Chairs,Gaming Chair,3,10770.15,5,32310.45,8090.05
1729,2022-04-12,South,Telangana,Karimnagar,Clothing,Footwear,Formal Shoes,1,2134.8,10,2134.8,114.65
1730,2023-12-25,South,Kerala,Kochi,Office Supplies,Stationery,A4 Paper Ream,5,7669.8,10,38349.0,3717.15
1731,2024-05-01,East,Bihar,Patna,Electronics,Accessories,Bluetooth Speaker,3,36897.0,40,110691.0,2696.66
1732,2024-01-25,North,Rajasthan,Jaipur,Electronics,Laptops,Lenovo IdeaPad,5,67147.2,10,335736.0,24521.34
1733,2022-11-04,South,Andhra Pradesh,Visakhapatnam,Clothing,Footwear,Sandals,1,3182.2,30,3182.2,481.89
1734,2023-07-06,West,Gujarat,Surat,Furniture,Chairs,Ergonomic Office Chair,4,7922.25,25,31689.0,6925.43
1735,2024-04-19,West,Maharashtra,Nagpur,Clothing,Footwear,Running Shoes,4,893.2,30,3572.8,379.92
1736,2022-10-10,West,Goa,Margao,Electronics,Mobile Phones,OnePlus 12R,4,66774.6,10,267098.4,38991.6
1737,2024-07-18,South,Tamil Nadu,Coimbatore,Clothing,Footwear,Running Shoes,2,1617.0,0,3234.0,260.17
1738,2024-05-14,East,Odisha,Cuttack,Electronics,Accessories,Bluetooth Speaker,5,16593.75,25,82968.75,12237.43
1739,2024-06-11,East,Odisha,Bhubaneswar,Electronics,Laptops,Dell Inspiron 15,5,42360.0,25,211800.0,9476.17
1740,2022-07-18,East,Bihar,Patna,Clothing,Womenswear,Dress,4,533.7,10,2134.8,318.14
1741,2023-07-24,West,Maharashtra,Nagpur,Office Supplies,Stationery,A4 Paper Ream,3,6973.95,5,20921.85,2434.26
1742,2023-07-25,North,Rajasthan,Udaipur,Furniture,Sofas,Recliner Sofa,1,2920.6,15,2920.6,282.49
1743,2024-12-02,East,Bihar,Patna,Electronics,Televisions,"LG 55"" UHD",4,42479.0,0,169916.0,26435.79
1744,2023-11-01,West,Goa,Margao,Electronics,Accessories,Wireless Earbuds,4,14814.8,30,59259.2,6670.11
1745,2022-01-17,East,Odisha,Bhubaneswar,Office Supplies,Printers,HP Inkjet Printer,4,4302.0,10,17208.0,3372.73
1746,2023-03-15,South,Tamil Nadu,Madurai,Furniture,Tables,Dining Table 6-Seater,4,36718.3,15,146873.2,23701.46
1747,2024-09-20,East,Bihar,Gaya,Office Supplies,Stationery,A4 Paper Ream,1,6728.4,10,6728.4,1361.53
1748,2022-08-26,West,Maharashtra,Nagpur,Clothing,Footwear,Running Shoes,4,2173.0,0,8692.0,1016.22
1749,2024-11-05,East,West Bengal,Siliguri,Office Supplies,Printers,Canon Laser Printer,4,6404.4,10,25617.6,6656.6
1750,2023-07-04,North,Haryana,Gurugram,Office Supplies,Printers,Canon Laser Printer,2,2116.8,40,4233.6,806.39
1751,2022-09-22,South,Andhra Pradesh,Tirupati,Electronics,Accessories,Bluetooth Speaker,5,13870.3,15,69351.5,6586.05
1752,2022-11-18,East,Odisha,Cuttack,Furniture,Chairs,Gaming Chair,4,39238.0,0,156952.0,38368.62
1753,2024-12-14,East,Assam,Guwahati,Furniture,Chairs,Gaming Chair,1,44389.0,0,44389.0,5001.1
1754,2022-06-06,East,West Bengal,Kolkata,Furniture,Sofas,Recliner Sofa,5,13372.2,15,66861.0,9881.06
1755,2022-02-17,East,Odisha,Bhubaneswar,Office Supplies,Ink & Toner,Canon Toner,4,1339.2,20,5356.8,959.02
1756,2024-09-16,North,Punjab,Chandigarh,Clothing,Footwear,Formal Shoes,3,4983.0,0,14949.0,2113.64
1757,2023-04-21,East,West Bengal,Siliguri,Office Supplies,Printers,HP Inkjet Printer,6,8405.1,10,50430.6,12552.7
1758,2024-09-30,South,Telangana,Warangal,Clothing,Footwear,Sandals,5,1851.2,20,9256.0,1125.85
1759,2023-11-23,South,Karnataka,Hubballi,Clothing,Menswear,Casual T-Shirt,6,3539.25,25,21235.5,2590.6
1760,2023-04-28,East,West Bengal,Kolkata,Clothing,Footwear,Running Shoes,4,4509.0,0,18036.0,1591.23
1761,2022-08-21,East,Assam,Guwahati,Clothing,Menswear,Sherwani,4,3435.3,10,13741.2,2962.42
1762,2023-07-10,West,Gujarat,Ahmedabad,Office Supplies,Ink & Toner,HP Ink Cartridge,5,7540.5,25,37702.5,5899.03
1763,2023-11-08,North,Uttar Pradesh,Noida,Electronics,Accessories,Power Bank,2,24935.4,10,49870.8,5894.98
1764,2024-07-28,South,Kerala,Thiruvananthapuram,Furniture,Sofas,L-Shaped Sofa,6,23046.3,10,138277.8,15646.62
1765,2024-05-22,West,Goa,Margao,Office Supplies,Ink & Toner,HP Ink Cartridge,1,3511.2,5,3511.2,387.9
1766,2022-07-29,East,Bihar,Gaya,Clothing,Menswear,Jeans,1,1377.5,5,1377.5,121.09
1767,2022-01-01,South,Telangana,Karimnagar,Clothing,Womenswear,Ethnic Set,3,1555.4,30,4666.2,655.35
1768,2023-12-29,West,Maharashtra,Pune,Furniture,Chairs,Wooden Dining Chair,2,35758.8,10,71517.6,14849.52
1769,2022-12-31,West,Madhya Pradesh,Bhopal,Clothing,Menswear,Jeans,4,1390.5,25,5562.0,739.9
1770,2023-02-04,West,Goa,Panaji,Office Supplies,Printers,HP Inkjet Printer,5,8065.5,25,40327.5,5710.68
1771,2023-06-03,South,Kerala,Kochi,Clothing,Footwear,Sandals,4,4719.0,0,18876.0,1109.62
1772,2022-03-01,North,Uttar Pradesh,Kanpur,Electronics,Televisions,"Sony Bravia 43""",1,56196.9,15,56196.9,1890.83
1773,2022-02-04,West,Gujarat,Vadodara,Office Supplies,Ink & Toner,HP Ink Cartridge,6,11089.0,0,66534.0,6279.23
1774,2024-10-24,West,Maharashtra,Pune,Clothing,Menswear,Casual T-Shirt,5,1666.0,0,8330.0,1012.66
1775,2023-12-20,East,West Bengal,Siliguri,Clothing,Menswear,Formal Shirt,1,1710.0,40,1710.0,331.95
1776,2022-01-22,West,Madhya Pradesh,Indore,Furniture,Chairs,Wooden Dining Chair,6,9358.4,20,56150.4,11924.11
1777,2022-12-31,West,Madhya Pradesh,Indore,Furniture,Chairs,Ergonomic Office Chair,2,17997.3,10,35994.6,2564.79
1778,2023-12-29,West,Madhya Pradesh,Indore,Electronics,Televisions,"Sony Bravia 43""",5,32049.9,10,160249.5,10881.8
1779,2024-10-28,West,Maharashtra,Pune,Office Supplies,Stationery,Gel Pen Pack,3,6465.75,25,19397.25,1593.63
1780,2023-10-24,East,West Bengal,Howrah,Electronics,Accessories,Wireless Earbuds,2,63234.0,0,126468.0,5842.27
1781,2024-01-04,East,Odisha,Bhubaneswar,Clothing,Footwear,Formal Shoes,5,2020.5,10,10102.5,2185.94
1782,2023-11-23,East,Bihar,Patna,Furniture,Sofas,L-Shaped Sofa,4,38803.7,5,155214.8,26046.13
1783,2024-12-09,North,Uttar Pradesh,Varanasi,Electronics,Mobile Phones,iPhone 14,2,40023.0,25,80046.0,1610.37
1784,2022-10-30,North,Haryana,Faridabad,Electronics,Laptops,HP Pavilion,2,45653.3,30,91306.6,12636.25
1785,2024-02-06,North,Haryana,Gurugram,Clothing,Footwear,Sandals,4,2499.0,25,9996.0,2123.47
1786,2022-07-16,West,Gujarat,Surat,Office Supplies,Printers,Canon Laser Printer,5,993.0,25,4965.0,1013.22
1787,2022-02-25,North,Uttar Pradesh,Varanasi,Office Supplies,Printers,HP Inkjet Printer,5,10190.65,5,50953.25,8406.7
1788,2022-04-01,East,West Bengal,Howrah,Clothing,Footwear,Running Shoes,4,2563.5,25,10254.0,594.84
1789,2024-05-13,East,West Bengal,Howrah,Electronics,Accessories,Wireless Earbuds,6,57964.25,5,347785.5,34936.97
1790,2022-01-24,East,Assam,Guwahati,Office Supplies,Printers,Canon Laser Printer,6,6397.95,15,38387.7,8815.0
1791,2023-11-18,West,Maharashtra,Pune,Clothing,Footwear,Formal Shoes,6,1806.6,40,10839.6,1184.79
1792,2024-11-20,East,Assam,Guwahati,Clothing,Womenswear,Kurti,1,396.0,40,396.0,82.32
1793,2023-06-01,West,Maharashtra,Nagpur,Furniture,Chairs,Gaming Chair,4,32279.0,0,129116.0,24148.46
1794,2024-12-24,North,Uttar Pradesh,Lucknow,Electronics,Laptops,HP Pavilion,6,54507.75,25,327046.5,38087.47
1795,2024-12-08,South,Andhra Pradesh,Guntur,Office Supplies,Stationery,A4 Paper Ream,5,7265.8,15,36329.0,9565.84
1796,2023-09-11,South,Telangana,Karimnagar,Office Supplies,Ink & Toner,HP Ink Cartridge,4,8552.7,10,34210.8,6554.23
1797,2022-04-11,East,Odisha,Cuttack,Office Supplies,Ink & Toner,HP Ink Cartridge,3,9553.2,5,28659.6,5903.53
1798,2023-07-13,North,Delhi,Dwarka,Furniture,Chairs,Gaming Chair,4,9366.0,0,37464.0,7982.53
1799,2023-03-29,West,Madhya Pradesh,Bhopal,Office Supplies,Ink & Toner,Canon Toner,4,4870.5,15,19482.0,4660.18
1800,2022-11-07,East,Odisha,Bhubaneswar,Clothing,Womenswear,Ethnic Set,1,4120.8,15,4120.8,284.79
1801,2024-12-20,West,Goa,Margao,Clothing,Menswear,Jeans,5,3901.6,20,19508.0,2839.2
1802,2023-08-05,East,Odisha,Cuttack,Furniture,Storage,TV Unit,1,28935.0,0,28935.0,5245.09
1803,2024-04-01,West,Gujarat,Surat,Office Supplies,Printers,Canon Laser Printer,6,7401.1,30,44406.6,7690.97
1804,2024-03-14,East,Assam,Dibrugarh,Office Supplies,Printers,HP Inkjet Printer,2,173.4,15,346.8,78.19
1805,2022-12-19,South,Tamil Nadu,Madurai,Clothing,Womenswear,Ethnic Set,2,831.0,40,1662.0,320.07
1806,2022-06-14,East,West Bengal,Howrah,Furniture,Tables,Office Desk,6,5376.6,40,32259.6,8168.38
1807,2024-03-08,North,Uttar Pradesh,Noida,Office Supplies,Ink & Toner,HP Ink Cartridge,2,4893.3,10,9786.6,635.22
1808,2022-03-05,East,Assam,Guwahati,Clothing,Menswear,Jeans,4,2814.85,5,11259.4,1197.08
1809,2022-05-24,South,Tamil Nadu,Madurai,Clothing,Womenswear,Kurti,4,4625.0,0,18500.0,2790.91
1810,2022-05-03,East,West Bengal,Howrah,Clothing,Footwear,Sandals,6,1043.1,5,6258.6,1532.27
1811,2022-08-17,West,Madhya Pradesh,Bhopal,Furniture,Tables,Coffee Table,2,7023.75,25,14047.5,3607.61
1812,2024-10-03,West,Goa,Margao,Clothing,Womenswear,Ethnic Set,6,514.9,5,3089.4,259.65
1813,2023-08-14,West,Goa,Margao,Office Supplies,Ink & Toner,HP Ink Cartridge,5,10649.7,10,53248.5,4553.89
1814,2022-09-21,West,Madhya Pradesh,Bhopal,Furniture,Sofas,3-Seater Fabric Sofa,5,11450.7,10,57253.5,7658.07
1815,2024-11-07,East,Assam,Guwahati,Office Supplies,Ink & Toner,HP Ink Cartridge,5,6979.2,20,34896.0,8690.64
1816,2024-09-20,East,Odisha,Cuttack,Clothing,Menswear,Formal Shirt,3,1982.65,5,5947.95,678.14
1817,2022-09-02,West,Madhya Pradesh,Bhopal,Electronics,Laptops,HP Pavilion,3,10458.4,15,31375.2,2856.35
1818,2023-07-10,South,Andhra Pradesh,Tirupati,Furniture,Tables,Coffee Table,6,18108.9,5,108653.4,6438.1
1819,2023-06-29,South,Telangana,Karimnagar,Electronics,Laptops,Lenovo IdeaPad,1,26420.25,25,26420.25,891.89
1820,2022-04-15,South,Telangana,Warangal,Electronics,Televisions,"Sony Bravia 43""",4,20323.8,40,81295.2,7171.24
1821,2022-08-17,East,Odisha,Cuttack,Electronics,Accessories,Power Bank,5,36963.1,15,184815.5,16822.09
1822,2024-11-19,West,Goa,Panaji,Office Supplies,Printers,Canon Laser Printer,6,3134.0,0,18804.0,2320.75
1823,2024-11-09,North,Uttar Pradesh,Lucknow,Clothing,Footwear,Formal Shoes,1,4428.9,5,4428.9,418.65
1824,2023-03-13,West,Goa,Margao,Electronics,Accessories,Smart Watch,5,22610.4,20,113052.0,14698.29
1825,2022-11-20,North,Haryana,Faridabad,Clothing,Footwear,Formal Shoes,2,3122.65,5,6245.3,752.14
1826,2023-10-08,East,Assam,Dibrugarh,Electronics,Televisions,"Sony Bravia 43""",4,54348.0,0,217392.0,29259.8
1827,2023-02-19,West,Goa,Margao,Electronics,Accessories,Power Bank,4,45619.2,10,182476.8,19426.08
1828,2022-08-07,North,Haryana,Faridabad,Clothing,Menswear,Sherwani,6,3322.0,0,19932.0,1461.64
1829,2023-12-03,West,Madhya Pradesh,Bhopal,Electronics,Televisions,"Sony Bravia 43""",6,16812.15,5,100872.9,10346.85
1830,2024-06-16,West,Goa,Panaji,Furniture,Sofas,Recliner Sofa,6,25339.35,5,152036.1,18835.97
1831,2023-04-12,West,Gujarat,Vadodara,Office Supplies,Printers,HP Inkjet Printer,2,5363.25,25,10726.5,2505.31
1832,2024-12-18,West,Maharashtra,Nashik,Electronics,Accessories,Power Bank,3,31047.0,40,93141.0,3064.35
1833,2022-08-19,South,Kerala,Thiruvananthapuram,Furniture,Sofas,Recliner Sofa,4,28492.85,15,113971.4,7612.83
1834,2023-11-27,East,West Bengal,Howrah,Office Supplies,Stationery,Notebook Bundle,4,3072.0,20,12288.0,1039.73
1835,2023-04-02,West,Madhya Pradesh,Indore,Office Supplies,Ink & Toner,HP Ink Cartridge,2,5204.0,0,10408.0,583.18
1836,2023-11-02,North,Uttar Pradesh,Kanpur,Office Supplies,Stationery,Gel Pen Pack,3,5672.45,5,17017.35,4285.93
1837,2024-06-19,East,West Bengal,Howrah,Furniture,Storage,Wardrobe 4-Door,4,23328.0,20,93312.0,17332.7
1838,2022-09-13,North,Rajasthan,Udaipur,Electronics,Laptops,HP Pavilion,1,57686.4,20,57686.4,2696.11
1839,2024-01-07,South,Tamil Nadu,Chennai,Electronics,Televisions,"LG 55"" UHD",4,21115.0,0,84460.0,6822.75
1840,2023-09-08,South,Tamil Nadu,Coimbatore,Electronics,Accessories,Bluetooth Speaker,1,26446.0,0,26446.0,1002.64
1841,2022-11-15,East,West Bengal,Kolkata,Furniture,Chairs,Gaming Chair,5,12654.0,5,63270.0,16788.51
1842,2022-11-07,North,Haryana,Gurugram,Furniture,Sofas,L-Shaped Sofa,2,26507.7,10,53015.4,10234.1
1843,2023-11-11,East,West Bengal,Siliguri,Furniture,Storage,Wardrobe 4-Door,5,40111.85,5,200559.25,17324.25
1844,2022-01-31,North,Delhi,Dwarka,Electronics,Mobile Phones,OnePlus 12R,4,37442.4,40,149769.6,19967.21
1845,2022-01-02,East,Bihar,Patna,Office Supplies,Ink & Toner,Canon Toner,5,7401.6,10,37008.0,2921.47
1846,2024-11-20,North,Uttar Pradesh,Lucknow,Electronics,Televisions,"LG 55"" UHD",5,20702.4,5,103512.0,12649.61
1847,2023-09-09,East,Bihar,Patna,Office Supplies,Printers,Canon Laser Printer,6,710.0,0,4260.0,991.15
1848,2023-01-09,South,Telangana,Hyderabad,Clothing,Womenswear,Kurti,5,1072.8,40,5364.0,768.67
1849,2023-03-16,West,Madhya Pradesh,Indore,Office Supplies,Ink & Toner,Canon Toner,3,4015.2,30,12045.6,1866.5
1850,2023-12-03,West,Maharashtra,Nagpur,Clothing,Footwear,Running Shoes,5,3997.0,0,19985.0,1552.11
1851,2023-08-29,West,Goa,Margao,Clothing,Footwear,Running Shoes,5,1753.7,5,8768.5,2132.53
1852,2023-12-26,North,Rajasthan,Udaipur,Electronics,Accessories,Smart Watch,6,28363.2,5,170179.2,18530.31
1853,2022-11-08,East,Odisha,Cuttack,Electronics,Televisions,"LG 55"" UHD",4,60054.25,5,240217.0,29070.26
1854,2023-09-07,West,Goa,Panaji,Electronics,Mobile Phones,OnePlus 12R,2,21477.6,20,42955.2,5587.78
1855,2024-05-08,North,Uttar Pradesh,Varanasi,Electronics,Laptops,Lenovo IdeaPad,2,54555.3,10,109110.6,8955.08
1856,2024-12-02,South,Kerala,Thiruvananthapuram,Furniture,Storage,Bookshelf,1,11763.9,10,11763.9,3157.22
1857,2022-03-25,West,Maharashtra,Nashik,Clothing,Footwear,Running Shoes,6,4533.0,0,27198.0,1913.97
1858,2024-01-13,East,Assam,Dibrugarh,Electronics,Mobile Phones,iPhone 14,6,37534.3,15,225205.8,17735.04
1859,2022-06-20,East,Odisha,Cuttack,Furniture,Storage,TV Unit,3,27977.6,20,83932.8,15907.31
1860,2024-02-23,South,Kerala,Kozhikode,Electronics,Mobile Phones,Samsung Galaxy A54,2,44221.6,20,88443.2,10662.75
1861,2022-03-23,East,Assam,Guwahati,Clothing,Footwear,Sandals,4,1730.0,0,6920.0,1349.54
1862,2023-11-05,East,West Bengal,Siliguri,Clothing,Womenswear,Dress,6,1887.0,25,11322.0,2606.93
1863,2023-10-27,West,Gujarat,Ahmedabad,Office Supplies,Ink & Toner,Canon Toner,3,1365.1,15,4095.3,785.37
1864,2023-04-12,West,Maharashtra,Mumbai,Clothing,Womenswear,Ethnic Set,6,1813.5,25,10881.0,1421.46
1865,2023-10-24,North,Rajasthan,Jodhpur,Office Supplies,Ink & Toner,HP Ink Cartridge,4,1007.4,40,4029.6,1049.23
1866,2022-10-26,West,Madhya Pradesh,Indore,Clothing,Menswear,Casual T-Shirt,5,3875.0,0,19375.0,2064.56
1867,2022-11-14,West,Maharashtra,Nashik,Furniture,Tables,Dining Table 6-Seater,2,15437.7,10,30875.4,3274.23
1868,2024-04-28,North,Punjab,Chandigarh,Clothing,Footwear,Sandals,4,3215.55,15,12862.2,1721.46
1869,2023-04-26,West,Maharashtra,Pune,Office Supplies,Ink & Toner,HP Ink Cartridge,5,5924.8,30,29624.0,3617.13
1870,2023-04-04,South,Tamil Nadu,Madurai,Clothing,Womenswear,Ethnic Set,1,2746.1,30,2746.1,548.02
1871,2023-12-13,North,Delhi,Dwarka,Electronics,Accessories,Bluetooth Speaker,6,11033.3,5,66199.8,10464.13
1872,2023-09-27,West,Goa,Panaji,Clothing,Menswear,Casual T-Shirt,1,1230.0,0,1230.0,235.16
1873,2024-12-20,North,Uttar Pradesh,Kanpur,Furniture,Tables,Dining Table 6-Seater,6,10831.0,0,64986.0,17391.15
1874,2022-10-11,North,Delhi,Dwarka,Office Supplies,Stationery,Notebook Bundle,4,1472.4,10,5889.6,838.26
1875,2023-04-10,South,Karnataka,Mysuru,Electronics,Accessories,Wireless Earbuds,5,15982.0,0,79910.0,3483.42
1876,2024-12-19,West,Madhya Pradesh,Bhopal,Electronics,Accessories,Wireless Earbuds,2,31068.8,5,62137.6,5898.72
1877,2023-12-09,North,Rajasthan,Jodhpur,Furniture,Storage,TV Unit,2,7653.0,40,15306.0,901.8
1878,2023-10-01,South,Karnataka,Hubballi,Furniture,Tables,Dining Table 6-Seater,4,31913.25,25,127653.0,33646.71
1879,2022-08-27,South,Karnataka,Bengaluru,Office Supplies,Stationery,A4 Paper Ream,4,831.0,0,3324.0,866.97
1880,2023-10-19,East,Odisha,Cuttack,Office Supplies,Stationery,Gel Pen Pack,2,5707.2,20,11414.4,1560.64
1881,2024-10-01,South,Karnataka,Hubballi,Clothing,Footwear,Formal Shoes,3,490.7,30,1472.1,355.05
1882,2022-12-22,South,Kerala,Kochi,Electronics,Accessories,Power Bank,2,37874.2,30,75748.4,7071.71
1883,2022-07-22,North,Uttar Pradesh,Varanasi,Electronics,Laptops,Asus Vivobook,2,10043.0,0,20086.0,3000.92
1884,2024-04-03,North,Rajasthan,Jaipur,Office Supplies,Printers,Canon Laser Printer,2,9167.2,20,18334.4,4389.58
1885,2024-02-12,North,Punjab,Ludhiana,Electronics,Televisions,"Sony Bravia 43""",6,66868.0,0,401208.0,43837.43
1886,2022-08-25,East,West Bengal,Kolkata,Office Supplies,Stationery,Notebook Bundle,3,8042.4,10,24127.2,5953.79
1887,2023-06-20,South,Tamil Nadu,Chennai,Electronics,Televisions,"Sony Bravia 43""",2,12678.0,0,25356.0,1318.77
1888,2024-03-05,South,Telangana,Warangal,Office Supplies,Printers,HP Inkjet Printer,4,2759.1,15,11036.4,662.89
1889,2023-12-19,South,Tamil Nadu,Coimbatore,Furniture,Chairs,Wooden Dining Chair,1,12797.6,15,12797.6,2576.7
1890,2024-06-17,East,West Bengal,Kolkata,Office Supplies,Ink & Toner,HP Ink Cartridge,2,1579.2,20,3158.4,534.25
1891,2022-12-14,West,Goa,Panaji,Furniture,Sofas,Recliner Sofa,2,27983.0,0,55966.0,13272.47
1892,2022-03-14,South,Andhra Pradesh,Tirupati,Clothing,Womenswear,Ethnic Set,4,1953.3,15,7813.2,2151.99
1893,2024-07-20,North,Punjab,Amritsar,Office Supplies,Stationery,A4 Paper Ream,3,3709.4,15,11128.2,2450.44
1894,2022-10-22,East,Odisha,Cuttack,Furniture,Chairs,Ergonomic Office Chair,4,22782.0,25,91128.0,24517.63
1895,2024-08-07,West,Madhya Pradesh,Indore,Furniture,Tables,Dining Table 6-Seater,6,30186.75,25,181120.5,31893.01
1896,2024-04-16,West,Gujarat,Surat,Furniture,Storage,Wardrobe 4-Door,5,22681.0,0,113405.0,10871.48
1897,2023-11-23,North,Punjab,Amritsar,Clothing,Menswear,Sherwani,1,1494.9,10,1494.9,412.94
1898,2022-11-16,North,Uttar Pradesh,Noida,Office Supplies,Printers,HP Inkjet Printer,6,5330.0,0,31980.0,6572.64
1899,2022-05-14,South,Andhra Pradesh,Guntur,Electronics,Accessories,Bluetooth Speaker,2,23578.15,15,47156.3,5057.63
1900,2023-10-09,East,Assam,Dibrugarh,Furniture,Chairs,Gaming Chair,1,12962.0,0,12962.0,2235.04
1901,2024-04-19,East,Bihar,Patna,Electronics,Laptops,Asus Vivobook,1,10528.8,20,10528.8,913.51
1902,2023-01-08,South,Tamil Nadu,Madurai,Office Supplies,Printers,HP Inkjet Printer,3,1888.0,20,5664.0,1477.49
1903,2023-10-19,South,Karnataka,Hubballi,Clothing,Menswear,Sherwani,2,4009.5,10,8019.0,2212.19
1904,2022-02-18,North,Delhi,New Delhi,Office Supplies,Printers,Canon Laser Printer,4,4620.0,0,18480.0,2339.04
1905,2022-03-06,South,Kerala,Kochi,Office Supplies,Printers,HP Inkjet Printer,4,591.2,20,2364.8,300.79
1906,2024-11-15,East,Assam,Dibrugarh,Furniture,Chairs,Wooden Dining Chair,3,35035.0,0,105105.0,27334.89
1907,2023-10-15,South,Andhra Pradesh,Visakhapatnam,Electronics,Laptops,Dell Inspiron 15,2,51246.0,10,102492.0,13225.85
1908,2022-06-04,South,Karnataka,Hubballi,Electronics,Laptops,Asus Vivobook,6,51371.0,0,308226.0,36549.65
1909,2022-06-16,South,Andhra Pradesh,Tirupati,Furniture,Tables,Dining Table 6-Seater,6,25519.5,10,153117.0,24420.65
1910,2024-10-11,North,Punjab,Ludhiana,Electronics,Televisions,"Sony Bravia 43""",5,7944.3,10,39721.5,1594.62
1911,2022-06-05,West,Gujarat,Ahmedabad,Clothing,Footwear,Sandals,3,2329.2,10,6987.6,1034.87
1912,2023-12-08,South,Karnataka,Mysuru,Furniture,Sofas,3-Seater Fabric Sofa,1,25559.0,0,25559.0,5240.31
1913,2024-07-02,South,Karnataka,Hubballi,Office Supplies,Ink & Toner,HP Ink Cartridge,5,5651.25,25,28256.25,3820.3
1914,2023-10-04,North,Uttar Pradesh,Kanpur,Electronics,Accessories,Power Bank,4,51381.0,25,205524.0,17121.11
1915,2022-10-18,East,Assam,Guwahati,Furniture,Chairs,Gaming Chair,6,23340.8,20,140044.8,32492.67
1916,2022-12-20,North,Uttar Pradesh,Lucknow,Electronics,Televisions,"LG 55"" UHD",2,32629.5,25,65259.0,4888.71
1917,2023-07-23,East,Assam,Dibrugarh,Clothing,Menswear,Sherwani,6,678.3,15,4069.8,864.37
1918,2023-08-16,East,Odisha,Cuttack,Clothing,Menswear,Casual T-Shirt,6,1676.4,40,10058.4,1495.38
1919,2022-09-07,West,Goa,Margao,Furniture,Chairs,Wooden Dining Chair,4,3328.0,20,13312.0,1419.13
1920,2023-10-31,West,Madhya Pradesh,Bhopal,Office Supplies,Ink & Toner,Canon Toner,6,4879.8,10,29278.8,6232.41
1921,2023-05-26,East,West Bengal,Howrah,Electronics,Televisions,"Sony Bravia 43""",5,37619.25,25,188096.25,19630.47
1922,2023-06-29,East,Odisha,Cuttack,Furniture,Chairs,Ergonomic Office Chair,4,14990.6,15,59962.4,7910.17
1923,2024-09-15,West,Goa,Margao,Office Supplies,Ink & Toner,HP Ink Cartridge,6,9056.7,10,54340.2,11883.47
1924,2024-10-29,East,Assam,Guwahati,Office Supplies,Printers,HP Inkjet Printer,2,622.0,0,1244.0,167.67
1925,2022-10-30,East,Odisha,Cuttack,Office Supplies,Stationery,Gel Pen Pack,4,10548.9,10,42195.6,3690.73
1926,2022-09-21,South,Andhra Pradesh,Vijayawada,Office Supplies,Ink & Toner,Canon Toner,3,8367.8,30,25103.4,1402.2
1927,2024-03-21,South,Karnataka,Mysuru,Electronics,Mobile Phones,Redmi Note 13,4,16372.0,0,65488.0,6102.78
1928,2023-04-27,West,Goa,Margao,Electronics,Televisions,"LG 55"" UHD",1,50782.9,30,50782.9,3975.76
1929,2024-07-07,West,Gujarat,Ahmedabad,Electronics,Mobile Phones,Samsung Galaxy A54,6,33803.1,10,202818.6,25594.47
1930,2022-10-09,West,Madhya Pradesh,Bhopal,Electronics,Accessories,Power Bank,1,56147.4,10,56147.4,5758.12
1931,2023-03-04,East,West Bengal,Howrah,Electronics,Accessories,Smart Watch,4,21533.4,40,86133.6,5116.2
1932,2022-11-24,West,Goa,Panaji,Office Supplies,Printers,Canon Laser Printer,1,373.2,40,373.2,101.73
1933,2024-11-14,North,Uttar Pradesh,Lucknow,Electronics,Televisions,"Sony Bravia 43""",6,31451.4,10,188708.4,27198.79
1934,2023-09-14,South,Telangana,Karimnagar,Office Supplies,Stationery,Notebook Bundle,1,3140.75,15,3140.75,306.1
1935,2024-09-10,West,Gujarat,Ahmedabad,Electronics,Mobile Phones,Samsung Galaxy A54,5,13101.3,10,65506.5,5391.74
1936,2022-11-23,West,Gujarat,Vadodara,Furniture,Storage,TV Unit,3,19213.2,10,57639.6,13095.84
1937,2022-09-03,West,Madhya Pradesh,Indore,Electronics,Mobile Phones,OnePlus 12R,2,7410.0,25,14820.0,2101.04
1938,2023-07-14,East,West Bengal,Siliguri,Furniture,Tables,Dining Table 6-Seater,4,3967.2,20,15868.8,3824.44
1939,2024-04-24,South,Kerala,Kochi,Electronics,Accessories,Bluetooth Speaker,6,63724.5,10,382347.0,59205.11
1940,2023-01-21,East,West Bengal,Siliguri,Electronics,Televisions,"Samsung 50"" Crystal",6,64828.8,10,388972.8,27603.4
1941,2024-01-23,East,Odisha,Cuttack,Office Supplies,Ink & Toner,HP Ink Cartridge,3,2550.0,15,7650.0,1205.04
1942,2023-12-13,North,Punjab,Amritsar,Clothing,Womenswear,Ethnic Set,1,2391.0,25,2391.0,367.44
1943,2023-12-05,North,Rajasthan,Jodhpur,Furniture,Tables,Dining Table 6-Seater,6,5849.9,30,35099.4,6146.58
1944,2024-11-30,South,Karnataka,Hubballi,Furniture,Tables,Office Desk,6,29799.3,15,178795.8,31493.75
1945,2024-03-19,East,Odisha,Cuttack,Clothing,Footwear,Running Shoes,2,1792.0,0,3584.0,915.47
1946,2024-10-30,East,Odisha,Bhubaneswar,Office Supplies,Stationery,Gel Pen Pack,3,9546.3,10,28638.9,1586.78
1947,2022-03-05,North,Uttar Pradesh,Lucknow,Electronics,Accessories,Power Bank,1,63301.0,0,63301.0,7450.19
1948,2023-09-07,West,Gujarat,Surat,Clothing,Footwear,Sandals,4,3693.25,15,14773.0,1932.96
1949,2022-07-20,West,Madhya Pradesh,Indore,Clothing,Menswear,Sherwani,1,1004.0,0,1004.0,106.87
1950,2022-07-12,West,Gujarat,Vadodara,Clothing,Menswear,Casual T-Shirt,3,3613.0,0,10839.0,567.61
1951,2022-09-20,South,Kerala,Thiruvananthapuram,Electronics,Laptops,Asus Vivobook,3,52991.1,10,158973.3,16214.09
1952,2024-11-24,East,Bihar,Patna,Electronics,Accessories,Bluetooth Speaker,4,16781.25,25,67125.0,5912.01
1953,2022-01-12,North,Punjab,Chandigarh,Office Supplies,Stationery,A4 Paper Ream,3,11845.0,0,35535.0,2606.62
1954,2022-10-13,South,Tamil Nadu,Coimbatore,Office Supplies,Ink & Toner,Canon Toner,1,7243.2,20,7243.2,1151.24
1955,2023-07-26,East,West Bengal,Kolkata,Electronics,Accessories,Bluetooth Speaker,4,60602.0,0,242408.0,5666.36
1956,2022-06-26,North,Punjab,Amritsar,Office Supplies,Ink & Toner,Canon Toner,4,9687.0,0,38748.0,6925.17
1957,2023-04-21,West,Gujarat,Vadodara,Clothing,Menswear,Casual T-Shirt,1,4092.3,10,4092.3,755.77
1958,2022-01-19,North,Haryana,Gurugram,Clothing,Menswear,Jeans,6,2004.0,0,12024.0,1078.03
1959,2022-05-26,North,Rajasthan,Jaipur,Electronics,Televisions,"Samsung 50"" Crystal",1,25152.35,15,25152.35,3804.68
1960,2023-06-22,East,West Bengal,Howrah,Clothing,Menswear,Jeans,6,1985.5,5,11913.0,1909.11
1961,2024-11-09,North,Uttar Pradesh,Varanasi,Clothing,Menswear,Sherwani,5,4851.0,0,24255.0,5142.77
1962,2022-10-26,South,Karnataka,Mysuru,Clothing,Womenswear,Ethnic Set,6,2636.1,10,15816.6,3902.54
1963,2024-08-20,East,Odisha,Cuttack,Office Supplies,Stationery,Notebook Bundle,4,7758.0,10,31032.0,6041.87
1964,2024-11-17,West,Gujarat,Vadodara,Furniture,Chairs,Gaming Chair,2,33233.4,10,66466.8,7357.83
1965,2024-05-18,North,Rajasthan,Jaipur,Office Supplies,Stationery,Notebook Bundle,6,8287.2,10,49723.2,11612.71
1966,2024-12-01,West,Gujarat,Ahmedabad,Office Supplies,Stationery,Notebook Bundle,4,5909.4,10,23637.6,6251.47
1967,2024-07-29,North,Haryana,Gurugram,Office Supplies,Stationery,Gel Pen Pack,5,1116.0,10,5580.0,1469.75
1968,2023-07-22,East,Odisha,Cuttack,Electronics,Televisions,"Samsung 50"" Crystal",4,18841.1,15,75364.4,2767.55
1969,2023-01-06,South,Andhra Pradesh,Vijayawada,Office Supplies,Stationery,Notebook Bundle,5,1548.9,10,7744.5,458.36
1970,2022-05-03,West,Goa,Margao,Clothing,Menswear,Jeans,2,2076.7,5,4153.4,229.6
1971,2023-10-11,North,Punjab,Chandigarh,Electronics,Laptops,Dell Inspiron 15,5,39017.7,10,195088.5,26991.18
1972,2023-03-29,North,Uttar Pradesh,Kanpur,Office Supplies,Stationery,A4 Paper Ream,2,7234.5,25,14469.0,1433.58
1973,2024-06-25,East,Assam,Guwahati,Office Supplies,Stationery,Notebook Bundle,4,5758.0,0,23032.0,3795.15
1974,2023-02-25,South,Kerala,Kozhikode,Clothing,Menswear,Sherwani,2,3211.2,10,6422.4,688.58
1975,2023-05-15,South,Tamil Nadu,Madurai,Electronics,Televisions,"Samsung 50"" Crystal",3,44098.4,20,132295.2,16058.65
1976,2024-05-18,West,Goa,Panaji,Office Supplies,Printers,Canon Laser Printer,4,2244.0,40,8976.0,1544.91
1977,2024-02-21,North,Delhi,New Delhi,Electronics,Mobile Phones,iPhone 14,1,39369.9,5,39369.9,5519.27
1978,2023-01-16,West,Gujarat,Vadodara,Electronics,Laptops,Dell Inspiron 15,5,13350.6,10,66753.0,6455.78
1979,2023-04-29,North,Rajasthan,Udaipur,Electronics,Mobile Phones,Samsung Galaxy A54,3,21998.2,30,65994.6,8349.67
1980,2023-01-02,North,Uttar Pradesh,Lucknow,Office Supplies,Stationery,Gel Pen Pack,5,6732.0,20,33660.0,2727.75
1981,2022-04-10,North,Uttar Pradesh,Varanasi,Office Supplies,Printers,HP Inkjet Printer,4,11246.1,5,44984.4,8872.33
1982,2022-03-28,East,Odisha,Bhubaneswar,Office Supplies,Printers,Canon Laser Printer,6,6314.7,30,37888.2,5960.67
1983,2024-11-30,East,Bihar,Gaya,Furniture,Storage,Wardrobe 4-Door,1,7029.9,10,7029.9,538.3
1984,2024-04-24,West,Goa,Panaji,Office Supplies,Printers,HP Inkjet Printer,1,7957.5,25,7957.5,1981.38
1985,2022-10-14,West,Madhya Pradesh,Indore,Furniture,Sofas,3-Seater Fabric Sofa,4,26175.75,25,104703.0,14183.11
1986,2023-02-24,East,West Bengal,Kolkata,Furniture,Sofas,L-Shaped Sofa,3,20778.4,20,62335.2,4236.82
1987,2023-08-26,East,West Bengal,Howrah,Electronics,Accessories,Bluetooth Speaker,2,48677.0,0,97354.0,3936.16
1988,2023-07-07,North,Rajasthan,Jodhpur,Electronics,Televisions,"LG 55"" UHD",3,61497.9,10,184493.7,13194.15
1989,2024-11-24,East,Assam,Dibrugarh,Electronics,Mobile Phones,Redmi Note 13,4,48709.35,5,194837.4,7775.88
1990,2023-02-07,East,Bihar,Gaya,Furniture,Sofas,3-Seater Fabric Sofa,3,7027.2,40,21081.6,1993.11
1991,2022-11-07,West,Gujarat,Ahmedabad,Electronics,Laptops,Dell Inspiron 15,3,67699.85,5,203099.55,30358.32
1992,2024-10-07,East,Bihar,Gaya,Clothing,Womenswear,Dress,6,4059.0,10,24354.0,5733.5
1993,2023-05-18,South,Tamil Nadu,Coimbatore,Office Supplies,Printers,Canon Laser Printer,4,8859.6,10,35438.4,2639.96
1994,2022-10-31,North,Uttar Pradesh,Noida,Furniture,Sofas,Recliner Sofa,5,21431.2,20,107156.0,19321.49
1995,2023-09-05,North,Rajasthan,Jodhpur,Electronics,Accessories,Wireless Earbuds,4,45903.75,25,183615.0,28822.08
1996,2022-08-31,East,Assam,Dibrugarh,Furniture,Storage,Bookshelf,2,16099.0,15,32198.0,2788.8
1997,2023-11-01,South,Andhra Pradesh,Vijayawada,Electronics,Mobile Phones,Redmi Note 13,5,64169.0,0,320845.0,6510.66
1998,2022-12-30,West,Goa,Margao,Electronics,Mobile Phones,Redmi Note 13,3,51272.0,0,153816.0,16306.17
1999,2024-10-01,West,Maharashtra,Nagpur,Furniture,Sofas,L-Shaped Sofa,5,13314.0,0,66570.0,10929.17
2000,2022-03-07,West,Gujarat,Vadodara,Clothing,Womenswear,Dress,5,2828.0,20,14140.0,3331.41
2001,2023-09-26,North,Uttar Pradesh,Noida,Furniture,Tables,Dining Table 6-Seater,1,41514.0,0,41514.0,11606.98
2002,2022-09-16,South,Karnataka,Mysuru,Office Supplies,Ink & Toner,HP Ink Cartridge,6,4805.5,30,28833.0,6278.6
2003,2022-03-11,East,Odisha,Cuttack,Electronics,Mobile Phones,Samsung Galaxy A54,3,47248.0,20,141744.0,18387.24
2004,2023-10-25,West,Madhya Pradesh,Bhopal,Furniture,Sofas,3-Seater Fabric Sofa,3,8653.55,5,25960.65,1548.96
2005,2022-10-15,East,Bihar,Patna,Furniture,Storage,Wardrobe 4-Door,1,21654.6,15,21654.6,1096.36
2006,2024-10-23,North,Haryana,Faridabad,Clothing,Footwear,Sandals,5,2385.6,40,11928.0,2097.4
2007,2024-07-23,West,Maharashtra,Nashik,Electronics,Televisions,"LG 55"" UHD",4,28702.5,25,114810.0,6550.84
2008,2023-06-05,South,Kerala,Kochi,Electronics,Laptops,Asus Vivobook,2,60032.0,0,120064.0,15888.64
2009,2023-07-15,East,West Bengal,Siliguri,Office Supplies,Ink & Toner,HP Ink Cartridge,4,9885.6,10,39542.4,9068.07
2010,2024-03-07,West,Gujarat,Vadodara,Furniture,Sofas,Recliner Sofa,4,18409.5,25,73638.0,4032.34
2011,2023-06-13,West,Goa,Margao,Furniture,Storage,Wardrobe 4-Door,6,24017.4,10,144104.4,40279.14
2012,2022-05-21,North,Delhi,New Delhi,Furniture,Sofas,L-Shaped Sofa,2,22802.5,30,45605.0,10314.94
2013,2024-12-30,South,Tamil Nadu,Madurai,Office Supplies,Stationery,Gel Pen Pack,1,4553.5,30,4553.5,1217.32
2014,2022-11-29,North,Rajasthan,Udaipur,Furniture,Storage,TV Unit,3,25294.0,0,75882.0,17883.36
2015,2024-04-04,North,Rajasthan,Udaipur,Clothing,Footwear,Sandals,6,3009.3,30,18055.8,4103.96
2016,2024-03-04,West,Gujarat,Ahmedabad,Electronics,Televisions,"Sony Bravia 43""",1,46397.25,15,46397.25,3627.09
2017,2024-08-07,South,Kerala,Kozhikode,Electronics,Laptops,Asus Vivobook,4,44757.6,15,179030.4,9747.36
2018,2024-05-21,South,Andhra Pradesh,Guntur,Furniture,Chairs,Gaming Chair,2,17694.6,30,35389.2,4730.5
2019,2024-10-17,West,Madhya Pradesh,Indore,Electronics,Accessories,Bluetooth Speaker,2,17169.15,15,34338.3,1231.8
2020,2023-10-14,North,Rajasthan,Jaipur,Electronics,Laptops,Dell Inspiron 15,3,34178.9,30,102536.7,15475.79
2021,2023-09-02,East,West Bengal,Howrah,Clothing,Menswear,Casual T-Shirt,3,613.2,40,1839.6,93.68
2022,2024-09-03,West,Madhya Pradesh,Indore,Office Supplies,Stationery,Notebook Bundle,5,5341.85,5,26709.25,5319.19
2023,2022-08-01,South,Tamil Nadu,Chennai,Furniture,Tables,Office Desk,6,13045.2,30,78271.2,19666.95
2024,2023-01-20,North,Delhi,Dwarka,Furniture,Storage,Wardrobe 4-Door,5,15336.6,40,76683.0,11092.57
2025,2023-08-13,South,Tamil Nadu,Coimbatore,Clothing,Menswear,Formal Shirt,4,780.0,40,3120.0,288.3
2026,2023-05-25,South,Telangana,Hyderabad,Electronics,Mobile Phones,OnePlus 12R,2,36591.0,0,73182.0,8142.19
2027,2022-01-29,West,Gujarat,Surat,Furniture,Tables,Office Desk,6,21732.8,20,130396.8,26299.69
2028,2023-07-18,North,Uttar Pradesh,Kanpur,Clothing,Womenswear,Saree,6,1994.4,20,11966.4,733.0
2029,2022-01-07,North,Delhi,New Delhi,Clothing,Footwear,Formal Shoes,2,1261.8,10,2523.6,288.31
2030,2024-12-20,East,Bihar,Gaya,Furniture,Storage,Wardrobe 4-Door,6,32536.55,5,195219.3,31328.9
2031,2024-09-22,North,Delhi,Dwarka,Office Supplies,Ink & Toner,Canon Toner,6,9841.5,10,59049.0,13089.55
2032,2022-02-11,South,Telangana,Warangal,Office Supplies,Stationery,Notebook Bundle,5,8293.0,0,41465.0,3495.17
2033,2022-02-10,East,Bihar,Patna,Clothing,Menswear,Jeans,1,1486.2,40,1486.2,142.49
2034,2024-01-01,East,Odisha,Bhubaneswar,Office Supplies,Stationery,Gel Pen Pack,3,6655.5,25,19966.5,2043.43
2035,2022-07-31,North,Uttar Pradesh,Noida,Electronics,Laptops,Asus Vivobook,4,13137.0,25,52548.0,6336.26
2036,2023-03-24,South,Karnataka,Bengaluru,Clothing,Menswear,Casual T-Shirt,6,2736.9,10,16421.4,3131.69
2037,2023-05-09,West,Gujarat,Vadodara,Electronics,Televisions,"Sony Bravia 43""",4,30810.6,40,123242.4,6421.68
2038,2023-07-23,West,Goa,Margao,Furniture,Sofas,Recliner Sofa,1,19987.05,5,19987.05,2076.06
2039,2023-02-09,East,West Bengal,Siliguri,Clothing,Menswear,Jeans,1,2163.2,20,2163.2,184.75
2040,2022-11-22,South,Telangana,Warangal,Electronics,Laptops,Asus Vivobook,1,18162.1,5,18162.1,1418.59
2041,2024-06-09,North,Haryana,Faridabad,Clothing,Menswear,Jeans,4,3506.4,10,14025.6,1719.79
2042,2022-02-11,West,Madhya Pradesh,Bhopal,Electronics,Mobile Phones,Redmi Note 13,1,28584.0,25,28584.0,2150.8
2043,2022-10-04,North,Rajasthan,Jaipur,Furniture,Tables,Dining Table 6-Seater,5,18826.0,0,94130.0,12048.24
2044,2022-07-11,West,Gujarat,Ahmedabad,Electronics,Televisions,"LG 55"" UHD",2,18418.4,30,36836.8,1499.08
2045,2024-06-24,South,Karnataka,Mysuru,Furniture,Chairs,Gaming Chair,1,3755.0,0,3755.0,259.98
2046,2022-12-04,South,Andhra Pradesh,Visakhapatnam,Clothing,Menswear,Sherwani,5,437.95,5,2189.75,607.29
2047,2023-10-03,South,Kerala,Kozhikode,Office Supplies,Printers,Canon Laser Printer,2,1801.1,30,3602.2,575.12
2048,2024-10-02,South,Telangana,Hyderabad,Office Supplies,Ink & Toner,HP Ink Cartridge,3,648.8,20,1946.4,306.52
2049,2022-04-01,South,Karnataka,Bengaluru,Clothing,Womenswear,Dress,1,4362.4,5,4362.4,624.66
2050,2022-09-09,North,Haryana,Gurugram,Office Supplies,Printers,HP Inkjet Printer,3,9600.0,0,28800.0,5100.05
2051,2022-04-19,North,Punjab,Amritsar,Clothing,Footwear,Formal Shoes,1,672.3,10,672.3,157.63
2052,2024-12-19,West,Goa,Panaji,Clothing,Womenswear,Saree,5,1250.9,30,6254.5,1244.53
2053,2024-03-29,North,Delhi,New Delhi,Clothing,Footwear,Sandals,3,2215.2,20,6645.6,787.14
2054,2022-02-12,East,Odisha,Cuttack,Clothing,Menswear,Formal Shirt,3,467.2,20,1401.6,164.09
2055,2024-03-09,West,Goa,Panaji,Furniture,Storage,Wardrobe 4-Door,6,22749.3,10,136495.8,12842.15
2056,2024-08-20,East,Bihar,Gaya,Electronics,Laptops,Dell Inspiron 15,3,27752.2,30,83256.6,3745.19
2057,2023-07-19,North,Punjab,Amritsar,Electronics,Accessories,Wireless Earbuds,3,13985.1,10,41955.3,2066.35
2058,2023-12-29,West,Goa,Panaji,Clothing,Footwear,Running Shoes,2,2782.5,30,5565.0,875.28
2059,2022-09-11,North,Uttar Pradesh,Lucknow,Furniture,Storage,Wardrobe 4-Door,2,19335.2,20,38670.4,9536.4
2060,2024-10-31,West,Madhya Pradesh,Indore,Clothing,Footwear,Formal Shoes,5,1959.0,0,9795.0,2736.43
2061,2022-03-02,West,Madhya Pradesh,Indore,Furniture,Sofas,3-Seater Fabric Sofa,6,22391.1,10,134346.6,29251.29
2062,2023-03-14,West,Gujarat,Ahmedabad,Electronics,Accessories,Wireless Earbuds,1,41036.4,10,41036.4,2149.85
2063,2024-12-21,South,Kerala,Kochi,Clothing,Menswear,Jeans,6,4173.35,5,25040.1,1675.32
2064,2024-07-13,West,Madhya Pradesh,Indore,Electronics,Accessories,Wireless Earbuds,6,37222.4,20,223334.4,33878.37
2065,2023-11-23,East,Assam,Dibrugarh,Electronics,Mobile Phones,Samsung Galaxy A54,6,22392.0,10,134352.0,19141.95
2066,2022-04-24,North,Haryana,Faridabad,Clothing,Footwear,Running Shoes,1,3982.0,0,3982.0,492.52
2067,2023-03-12,North,Uttar Pradesh,Varanasi,Office Supplies,Printers,HP Inkjet Printer,4,1892.4,40,7569.6,567.86
2068,2024-09-20,North,Rajasthan,Jaipur,Office Supplies,Printers,HP Inkjet Printer,1,6464.5,30,6464.5,1787.98
2069,2023-02-02,North,Punjab,Amritsar,Furniture,Storage,Wardrobe 4-Door,2,27530.0,0,55060.0,4050.72
2070,2024-01-29,South,Kerala,Kochi,Office Supplies,Ink & Toner,HP Ink Cartridge,3,2346.0,25,7038.0,1957.52
2071,2022-12-06,East,Assam,Dibrugarh,Clothing,Menswear,Casual T-Shirt,2,4418.1,10,8836.2,740.42
2072,2022-07-30,West,Gujarat,Ahmedabad,Furniture,Sofas,3-Seater Fabric Sofa,2,7355.4,40,14710.8,2629.78
2073,2022-04-23,South,Kerala,Thiruvananthapuram,Furniture,Storage,TV Unit,1,28855.3,5,28855.3,6415.5
2074,2023-09-26,North,Rajasthan,Udaipur,Furniture,Chairs,Wooden Dining Chair,6,13291.6,30,79749.6,17872.91
2075,2024-06-08,North,Punjab,Amritsar,Office Supplies,Ink & Toner,HP Ink Cartridge,4,5502.6,40,22010.4,3015.6
2076,2023-03-20,East,Assam,Guwahati,Furniture,Tables,Office Desk,3,9788.4,10,29365.2,4160.88
2077,2022-11-02,West,Goa,Panaji,Electronics,Laptops,Asus Vivobook,2,6502.4,20,13004.8,1353.21
2078,2024-03-08,South,Andhra Pradesh,Tirupati,Furniture,Sofas,3-Seater Fabric Sofa,6,43100.0,0,258600.0,69157.14
2079,2023-07-26,South,Karnataka,Bengaluru,Clothing,Womenswear,Saree,6,3437.1,5,20622.6,1269.71
2080,2024-01-25,West,Goa,Panaji,Clothing,Womenswear,Ethnic Set,5,544.5,25,2722.5,690.56
2081,2022-10-08,South,Tamil Nadu,Madurai,Clothing,Womenswear,Kurti,2,2452.8,30,4905.6,1006.46
2082,2023-06-23,North,Uttar Pradesh,Kanpur,Clothing,Menswear,Formal Shirt,2,1486.8,10,2973.6,384.46
2083,2024-04-01,South,Tamil Nadu,Chennai,Furniture,Tables,Office Desk,1,34010.4,20,34010.4,2581.48
2084,2024-05-14,West,Gujarat,Surat,Clothing,Footwear,Sandals,3,1527.75,25,4583.25,307.52
2085,2023-08-31,South,Telangana,Karimnagar,Office Supplies,Stationery,A4 Paper Ream,4,683.2,20,2732.8,309.74
2086,2022-04-19,North,Haryana,Gurugram,Clothing,Womenswear,Kurti,2,4232.25,5,8464.5,2204.91
2087,2022-06-03,North,Delhi,Dwarka,Furniture,Sofas,Recliner Sofa,2,22224.6,40,44449.2,7805.67
2088,2024-10-03,East,Odisha,Cuttack,Furniture,Tables,Dining Table 6-Seater,5,30895.2,20,154476.0,8759.73
2089,2023-04-14,East,West Bengal,Howrah,Clothing,Womenswear,Kurti,4,3885.3,10,15541.2,3995.21
2090,2024-11-27,North,Delhi,Dwarka,Electronics,Televisions,"Samsung 50"" Crystal",2,16197.6,15,32395.2,2135.0
2091,2022-11-23,East,Bihar,Patna,Office Supplies,Ink & Toner,Canon Toner,1,9479.0,0,9479.0,1613.82
2092,2022-12-23,North,Haryana,Faridabad,Clothing,Footwear,Running Shoes,5,4219.2,10,21096.0,4855.67
2093,2023-05-29,West,Gujarat,Surat,Office Supplies,Ink & Toner,HP Ink Cartridge,6,4081.7,30,24490.2,4083.33
2094,2024-06-22,North,Uttar Pradesh,Noida,Clothing,Womenswear,Ethnic Set,2,3556.8,10,7113.6,978.14
2095,2024-08-02,East,Assam,Guwahati,Clothing,Footwear,Formal Shoes,6,2686.8,40,16120.8,1533.34
2096,2024-12-25,South,Tamil Nadu,Madurai,Furniture,Tables,Coffee Table,1,3967.2,20,3967.2,545.95
2097,2023-11-11,South,Andhra Pradesh,Vijayawada,Furniture,Chairs,Wooden Dining Chair,2,26167.75,5,52335.5,13862.27
2098,2024-03-16,East,Odisha,Bhubaneswar,Office Supplies,Ink & Toner,Canon Toner,2,1398.0,40,2796.0,684.32
2099,2022-07-31,North,Haryana,Gurugram,Office Supplies,Stationery,Notebook Bundle,3,5486.25,5,16458.75,4489.69
2100,2022-12-18,North,Uttar Pradesh,Varanasi,Office Supplies,Stationery,A4 Paper Ream,5,10023.2,15,50116.0,6722.31
2101,2024-09-29,East,Bihar,Patna,Office Supplies,Printers,Canon Laser Printer,3,1998.6,40,5995.8,465.24
2102,2024-11-15,South,Andhra Pradesh,Tirupati,Clothing,Menswear,Formal Shirt,2,2454.0,0,4908.0,342.49
2103,2024-01-16,West,Maharashtra,Nagpur,Office Supplies,Printers,HP Inkjet Printer,3,1810.7,5,5432.1,729.02
2104,2024-09-01,South,Telangana,Warangal,Clothing,Womenswear,Kurti,1,1028.7,10,1028.7,276.3
2105,2022-06-28,West,Gujarat,Surat,Clothing,Footwear,Sandals,1,996.0,25,996.0,51.34
2106,2024-01-10,West,Madhya Pradesh,Indore,Furniture,Chairs,Wooden Dining Chair,4,5460.0,20,21840.0,5071.86
2107,2024-07-10,West,Goa,Panaji,Furniture,Storage,TV Unit,3,17572.8,30,52718.4,10301.16
2108,2023-10-12,West,Gujarat,Vadodara,Furniture,Chairs,Wooden Dining Chair,1,29503.2,5,29503.2,7803.36
2109,2022-03-29,West,Goa,Panaji,Furniture,Sofas,3-Seater Fabric Sofa,2,21926.7,10,43853.4,2248.85
2110,2023-11-28,North,Punjab,Amritsar,Furniture,Sofas,L-Shaped Sofa,3,29652.8,20,88958.4,16446.6
2111,2024-10-01,North,Punjab,Ludhiana,Clothing,Footwear,Formal Shoes,6,1115.2,15,6691.2,1636.48
2112,2023-08-13,South,Kerala,Kochi,Furniture,Sofas,Recliner Sofa,2,4273.8,40,8547.6,708.93
2113,2022-07-09,South,Andhra Pradesh,Visakhapatnam,Clothing,Womenswear,Ethnic Set,2,3076.0,0,6152.0,1061.08
2114,2024-08-23,South,Tamil Nadu,Chennai,Furniture,Chairs,Gaming Chair,4,18054.9,10,72219.6,11647.7
2115,2024-02-16,South,Karnataka,Bengaluru,Electronics,Televisions,"LG 55"" UHD",6,27720.0,30,166320.0,23561.6
2116,2024-08-18,East,Odisha,Bhubaneswar,Clothing,Footwear,Sandals,2,1652.05,5,3304.1,283.14
2117,2023-04-29,North,Uttar Pradesh,Kanpur,Office Supplies,Ink & Toner,Canon Toner,6,7650.0,15,45900.0,8164.1
2118,2023-09-23,South,Tamil Nadu,Madurai,Clothing,Footwear,Sandals,4,2361.6,10,9446.4,2518.76
2119,2023-11-13,West,Madhya Pradesh,Indore,Furniture,Storage,TV Unit,5,3017.2,5,15086.0,2281.49
2120,2022-11-28,North,Rajasthan,Jodhpur,Clothing,Footwear,Running Shoes,2,3497.9,30,6995.8,1871.62
2121,2024-11-28,North,Delhi,New Delhi,Furniture,Chairs,Gaming Chair,6,38912.0,0,233472.0,59109.38
2122,2024-09-28,East,Assam,Dibrugarh,Furniture,Chairs,Wooden Dining Chair,5,12080.8,20,60404.0,15861.46
2123,2022-03-24,West,Goa,Panaji,Clothing,Footwear,Running Shoes,5,674.9,15,3374.5,816.94
2124,2022-07-11,North,Rajasthan,Jaipur,Office Supplies,Ink & Toner,HP Ink Cartridge,1,5586.7,30,5586.7,527.14
2125,2022-06-19,East,West Bengal,Siliguri,Electronics,Laptops,Asus Vivobook,1,26392.9,5,26392.9,964.16
2126,2024-07-31,North,Delhi,New Delhi,Electronics,Mobile Phones,Samsung Galaxy A54,4,60782.0,0,243128.0,8979.68
2127,2022-03-07,West,Madhya Pradesh,Indore,Furniture,Tables,Dining Table 6-Seater,3,28147.5,10,84442.5,14635.08
2128,2023-01-02,West,Maharashtra,Pune,Office Supplies,Stationery,A4 Paper Ream,1,6508.6,30,6508.6,535.92
2129,2023-11-22,West,Gujarat,Ahmedabad,Office Supplies,Printers,HP Inkjet Printer,1,5883.0,0,5883.0,1390.78
2130,2023-12-09,East,West Bengal,Kolkata,Furniture,Storage,Wardrobe 4-Door,2,10850.7,30,21701.4,2715.43
2131,2024-01-21,North,Uttar Pradesh,Lucknow,Office Supplies,Stationery,Notebook Bundle,2,6435.2,20,12870.4,1007.96
2132,2022-11-28,East,Bihar,Patna,Furniture,Sofas,L-Shaped Sofa,6,25008.0,20,150048.0,15377.86
2133,2024-12-23,South,Karnataka,Mysuru,Office Supplies,Stationery,Notebook Bundle,6,11638.0,0,69828.0,7501.65
2134,2022-09-13,West,Madhya Pradesh,Bhopal,Clothing,Womenswear,Ethnic Set,3,2635.85,15,7907.55,913.8
2135,2023-05-30,South,Telangana,Warangal,Clothing,Womenswear,Kurti,1,854.0,30,854.0,66.79
2136,2023-03-01,East,Odisha,Bhubaneswar,Clothing,Womenswear,Dress,1,4479.0,0,4479.0,784.75
2137,2024-11-24,West,Madhya Pradesh,Indore,Furniture,Sofas,Recliner Sofa,1,6285.6,10,6285.6,1049.21
2138,2024-04-16,North,Delhi,Dwarka,Furniture,Chairs,Ergonomic Office Chair,1,19999.5,25,19999.5,2381.03
2139,2024-03-31,North,Delhi,New Delhi,Clothing,Menswear,Casual T-Shirt,5,2260.8,40,11304.0,1224.96
2140,2022-03-02,South,Karnataka,Bengaluru,Furniture,Storage,Wardrobe 4-Door,4,30086.5,5,120346.0,8202.14
2141,2022-05-12,North,Punjab,Chandigarh,Electronics,Mobile Phones,iPhone 14,4,53013.65,15,212054.6,22850.42
2142,2022-08-27,East,Assam,Guwahati,Office Supplies,Stationery,A4 Paper Ream,6,2810.5,30,16863.0,1106.67
2143,2023-07-07,West,Gujarat,Vadodara,Electronics,Accessories,Smart Watch,1,41491.0,0,41491.0,5522.31
2144,2023-09-02,East,Assam,Dibrugarh,Furniture,Sofas,3-Seater Fabric Sofa,4,6529.2,40,26116.8,4648.91
2145,2023-08-23,East,West Bengal,Kolkata,Furniture,Storage,Bookshelf,1,31005.0,10,31005.0,3213.94
2146,2022-12-23,East,Odisha,Bhubaneswar,Office Supplies,Ink & Toner,HP Ink Cartridge,5,1184.65,5,5923.25,1499.69
2147,2022-10-13,East,West Bengal,Siliguri,Clothing,Footwear,Running Shoes,1,1547.0,0,1547.0,301.8
2148,2023-06-16,South,Telangana,Warangal,Clothing,Menswear,Formal Shirt,1,2625.0,40,2625.0,713.62
2149,2024-11-06,South,Kerala,Thiruvananthapuram,Office Supplies,Printers,HP Inkjet Printer,2,4188.1,30,8376.2,1839.52
2150,2023-04-23,East,Bihar,Gaya,Electronics,Laptops,Dell Inspiron 15,1,31509.75,25,31509.75,2042.71
2151,2023-09-06,South,Andhra Pradesh,Visakhapatnam,Clothing,Footwear,Sandals,3,2603.3,30,7809.9,2013.99
2152,2022-11-05,East,Assam,Guwahati,Office Supplies,Stationery,Notebook Bundle,3,2632.2,40,7896.6,1164.04
2153,2023-12-28,East,Odisha,Bhubaneswar,Clothing,Womenswear,Saree,3,2412.0,40,7236.0,1689.67
2154,2024-03-26,South,Kerala,Thiruvananthapuram,Office Supplies,Ink & Toner,Canon Toner,4,10173.0,0,40692.0,4520.81
2155,2024-11-13,South,Tamil Nadu,Chennai,Furniture,Chairs,Ergonomic Office Chair,4,10778.4,20,43113.6,4884.77
2156,2022-09-14,North,Haryana,Faridabad,Furniture,Sofas,L-Shaped Sofa,2,20229.3,30,40458.6,6165.49
2157,2022-05-20,South,Andhra Pradesh,Guntur,Electronics,Laptops,Dell Inspiron 15,5,36488.7,10,182443.5,21904.69
2158,2022-08-10,East,Assam,Guwahati,Office Supplies,Stationery,A4 Paper Ream,1,9264.0,0,9264.0,1316.78
2159,2024-10-11,South,Kerala,Kochi,Clothing,Womenswear,Kurti,2,3916.8,20,7833.6,1116.09
2160,2022-05-10,East,West Bengal,Siliguri,Furniture,Chairs,Wooden Dining Chair,5,31062.4,20,155312.0,24259.23
2161,2022-10-25,South,Tamil Nadu,Coimbatore,Clothing,Footwear,Running Shoes,2,2784.8,20,5569.6,1491.83
2162,2024-05-14,North,Rajasthan,Jodhpur,Clothing,Womenswear,Ethnic Set,5,1822.2,40,9111.0,1002.94
2163,2023-10-05,South,Andhra Pradesh,Vijayawada,Furniture,Tables,Dining Table 6-Seater,6,26679.0,0,160074.0,20936.08
2164,2022-05-25,East,West Bengal,Kolkata,Clothing,Menswear,Sherwani,3,1280.0,0,3840.0,646.55
2165,2023-06-17,South,Tamil Nadu,Coimbatore,Electronics,Mobile Phones,Samsung Galaxy A54,5,28482.0,40,142410.0,7836.89
2166,2022-04-07,East,Assam,Dibrugarh,Clothing,Womenswear,Ethnic Set,4,2277.15,5,9108.6,485.5
2167,2023-09-29,West,Madhya Pradesh,Bhopal,Office Supplies,Ink & Toner,HP Ink Cartridge,5,4837.5,10,24187.5,5555.62
2168,2022-03-01,North,Haryana,Faridabad,Clothing,Womenswear,Saree,6,2619.0,0,15714.0,1177.48
2169,2023-11-16,West,Gujarat,Ahmedabad,Electronics,Televisions,"Sony Bravia 43""",2,22344.0,5,44688.0,6920.34
2170,2024-07-14,East,Assam,Dibrugarh,Clothing,Menswear,Casual T-Shirt,5,1099.0,0,5495.0,498.3
2171,2022-07-24,West,Madhya Pradesh,Indore,Electronics,Mobile Phones,Samsung Galaxy A54,4,41940.5,30,167762.0,6358.06
2172,2022-06-12,West,Madhya Pradesh,Indore,Office Supplies,Printers,HP Inkjet Printer,6,2838.0,0,17028.0,1428.19
2173,2022-04-20,West,Gujarat,Vadodara,Clothing,Womenswear,Saree,4,4610.0,0,18440.0,2878.06
2174,2022-12-12,West,Gujarat,Surat,Furniture,Sofas,Recliner Sofa,5,30594.9,15,152974.5,35687.52
2175,2023-07-04,East,Bihar,Gaya,Office Supplies,Printers,Canon Laser Printer,3,1335.7,5,4007.1,1070.8
2176,2022-11-12,East,Bihar,Gaya,Electronics,Televisions,"LG 55"" UHD",4,33285.15,5,133140.6,11782.93
2177,2022-03-04,East,Odisha,Bhubaneswar,Clothing,Womenswear,Kurti,6,3078.0,10,18468.0,4434.93
2178,2023-06-07,North,Delhi,Dwarka,Furniture,Chairs,Wooden Dining Chair,5,10617.35,15,53086.75,13005.57
2179,2023-09-18,South,Kerala,Kochi,Clothing,Womenswear,Ethnic Set,5,3171.35,15,15856.75,4399.4
2180,2023-07-26,West,Goa,Margao,Clothing,Menswear,Jeans,5,1523.25,25,7616.25,1615.05
2181,2022-08-08,West,Gujarat,Vadodara,Electronics,Laptops,Asus Vivobook,5,24889.8,40,124449.0,9903.89
2182,2024-12-16,North,Rajasthan,Jaipur,Office Supplies,Printers,Canon Laser Printer,5,1398.0,25,6990.0,1444.38
2183,2023-06-04,South,Andhra Pradesh,Tirupati,Office Supplies,Stationery,Gel Pen Pack,2,6466.8,40,12933.6,1983.91
2184,2024-12-03,South,Telangana,Hyderabad,Clothing,Menswear,Sherwani,2,4466.0,0,8932.0,1908.67
2185,2023-03-11,South,Andhra Pradesh,Vijayawada,Electronics,Laptops,HP Pavilion,2,6620.8,20,13241.6,1120.02
2186,2024-02-17,South,Kerala,Kozhikode,Clothing,Footwear,Formal Shoes,1,2403.0,10,2403.0,326.12
2187,2022-07-10,North,Rajasthan,Jodhpur,Office Supplies,Ink & Toner,HP Ink Cartridge,6,6383.25,25,38299.5,4349.43
2188,2022-10-11,West,Madhya Pradesh,Bhopal,Electronics,Mobile Phones,Samsung Galaxy A54,2,10215.0,0,20430.0,1467.04
2189,2024-02-16,South,Karnataka,Bengaluru,Electronics,Televisions,"LG 55"" UHD",6,59109.0,0,354654.0,7740.63
2190,2023-10-26,West,Madhya Pradesh,Indore,Electronics,Accessories,Smart Watch,4,44106.3,30,176425.2,7006.86
2191,2024-12-30,East,Odisha,Cuttack,Clothing,Menswear,Jeans,5,2706.0,40,13530.0,1044.68
2192,2022-05-29,West,Madhya Pradesh,Indore,Office Supplies,Printers,HP Inkjet Printer,5,505.4,5,2527.0,139.3
2193,2022-06-28,West,Madhya Pradesh,Indore,Clothing,Menswear,Casual T-Shirt,1,1390.0,0,1390.0,320.13
2194,2024-01-10,West,Maharashtra,Nashik,Clothing,Womenswear,Dress,6,2144.8,20,12868.8,2425.62
2195,2022-06-02,North,Haryana,Gurugram,Clothing,Menswear,Sherwani,3,3536.85,15,10610.55,1780.58
2196,2022-06-02,West,Goa,Margao,Furniture,Sofas,Recliner Sofa,3,23318.9,15,69956.7,10498.9
2197,2024-11-01,North,Uttar Pradesh,Varanasi,Clothing,Menswear,Formal Shirt,6,3168.9,10,19013.4,4997.26
2198,2023-12-02,South,Tamil Nadu,Chennai,Furniture,Tables,Coffee Table,4,21582.6,40,86330.4,10831.24
2199,2023-07-28,South,Tamil Nadu,Madurai,Furniture,Tables,Office Desk,3,15001.6,20,45004.8,3000.57
2200,2024-02-04,South,Andhra Pradesh,Guntur,Electronics,Mobile Phones,Samsung Galaxy A54,5,42549.0,25,212745.0,30641.07
2201,2022-06-26,East,West Bengal,Siliguri,Electronics,Accessories,Smart Watch,4,14978.0,0,59912.0,1473.59
2202,2023-10-05,South,Tamil Nadu,Coimbatore,Electronics,Accessories,Bluetooth Speaker,6,27844.8,40,167068.8,15548.49
2203,2024-04-26,North,Punjab,Ludhiana,Furniture,Chairs,Gaming Chair,4,28588.35,5,114353.4,31424.65
2204,2022-06-19,South,Andhra Pradesh,Guntur,Office Supplies,Stationery,A4 Paper Ream,3,11366.0,0,34098.0,5377.34
2205,2023-08-31,West,Madhya Pradesh,Bhopal,Furniture,Chairs,Ergonomic Office Chair,4,23666.4,20,94665.6,5580.64
2206,2024-05-29,North,Haryana,Faridabad,Furniture,Chairs,Ergonomic Office Chair,3,22460.0,20,67380.0,17549.19
2207,2022-04-08,South,Tamil Nadu,Coimbatore,Office Supplies,Ink & Toner,HP Ink Cartridge,4,8760.1,15,35040.4,2397.26
2208,2024-03-24,North,Delhi,New Delhi,Office Supplies,Printers,HP Inkjet Printer,1,11616.0,0,11616.0,2360.36
2209,2022-07-25,East,West Bengal,Siliguri,Electronics,Laptops,Lenovo IdeaPad,3,63033.45,5,189100.35,20562.47
2210,2023-10-08,West,Maharashtra,Pune,Electronics,Mobile Phones,Redmi Note 13,2,65375.0,0,130750.0,2808.59
2211,2022-04-14,South,Karnataka,Bengaluru,Furniture,Chairs,Wooden Dining Chair,6,31845.0,0,191070.0,28804.6
2212,2024-10-05,East,Odisha,Bhubaneswar,Clothing,Footwear,Sandals,1,3249.0,0,3249.0,845.05
2213,2022-05-15,East,Bihar,Patna,Office Supplies,Ink & Toner,HP Ink Cartridge,2,4460.25,5,8920.5,2369.89
2214,2023-03-16,West,Maharashtra,Mumbai,Office Supplies,Ink & Toner,HP Ink Cartridge,2,7176.4,30,14352.8,1903.33
2215,2023-11-29,West,Madhya Pradesh,Indore,Electronics,Mobile Phones,OnePlus 12R,4,7768.0,20,31072.0,4723.15
2216,2022-05-01,East,Assam,Dibrugarh,Office Supplies,Stationery,Notebook Bundle,2,4072.5,10,8145.0,1647.81
2217,2023-08-15,West,Gujarat,Ahmedabad,Electronics,Televisions,"LG 55"" UHD",4,57411.0,0,229644.0,11600.53
2218,2022-05-30,East,Bihar,Gaya,Furniture,Storage,Wardrobe 4-Door,3,31449.75,5,94349.25,17349.5
2219,2022-11-03,North,Haryana,Faridabad,Electronics,Mobile Phones,Samsung Galaxy A54,6,12187.0,0,73122.0,5108.58
2220,2024-04-27,North,Delhi,New Delhi,Electronics,Mobile Phones,OnePlus 12R,4,59584.5,10,238338.0,34676.72
2221,2024-07-23,East,Bihar,Patna,Electronics,Laptops,Asus Vivobook,3,26956.8,10,80870.4,6362.17
2222,2022-10-17,West,Gujarat,Ahmedabad,Office Supplies,Printers,Canon Laser Printer,1,7439.0,0,7439.0,1742.7
2223,2022-11-28,South,Telangana,Hyderabad,Clothing,Footwear,Running Shoes,1,4546.0,0,4546.0,773.36
2224,2024-09-28,West,Maharashtra,Nashik,Electronics,Mobile Phones,OnePlus 12R,2,56683.0,0,113366.0,13858.56
2225,2023-10-03,East,Assam,Guwahati,Electronics,Televisions,"Samsung 50"" Crystal",5,10370.25,25,51851.25,4920.52
2226,2023-03-19,East,Odisha,Cuttack,Furniture,Chairs,Gaming Chair,3,8824.55,5,26473.65,5722.23
2227,2024-09-03,South,Telangana,Karimnagar,Furniture,Chairs,Wooden Dining Chair,2,11865.0,0,23730.0,2561.68
2228,2023-07-23,West,Gujarat,Vadodara,Furniture,Sofas,3-Seater Fabric Sofa,4,40832.0,0,163328.0,33452.68
2229,2022-01-27,North,Delhi,Dwarka,Furniture,Tables,Dining Table 6-Seater,2,35638.0,0,71276.0,7558.88
2230,2023-02-02,North,Rajasthan,Jaipur,Clothing,Womenswear,Kurti,4,273.0,0,1092.0,141.11
2231,2024-06-20,West,Madhya Pradesh,Indore,Furniture,Tables,Dining Table 6-Seater,6,10888.0,20,65328.0,13523.31
2232,2022-06-01,East,West Bengal,Kolkata,Furniture,Sofas,3-Seater Fabric Sofa,3,23080.8,40,69242.4,9626.97
2233,2022-11-29,South,Telangana,Hyderabad,Clothing,Womenswear,Kurti,5,4091.9,15,20459.5,5582.03
2234,2024-03-16,South,Tamil Nadu,Chennai,Clothing,Menswear,Formal Shirt,5,670.5,10,3352.5,615.78
2235,2023-06-06,South,Tamil Nadu,Coimbatore,Clothing,Menswear,Casual T-Shirt,5,3114.4,15,15572.0,809.17
2236,2024-02-11,North,Uttar Pradesh,Kanpur,Clothing,Menswear,Sherwani,1,2109.6,10,2109.6,486.77
2237,2022-10-09,West,Goa,Margao,Furniture,Sofas,Recliner Sofa,5,22789.8,40,113949.0,30079.14
2238,2022-10-30,West,Maharashtra,Nashik,Office Supplies,Stationery,A4 Paper Ream,5,1758.75,25,8793.75,2409.88
2239,2022-04-28,North,Uttar Pradesh,Kanpur,Office Supplies,Stationery,A4 Paper Ream,6,1007.3,30,6043.8,996.54
2240,2022-02-27,West,Goa,Margao,Clothing,Footwear,Sandals,6,3172.0,20,19032.0,3520.35
2241,2024-06-13,East,Bihar,Gaya,Clothing,Footwear,Sandals,5,1763.1,10,8815.5,697.21
2242,2022-12-29,West,Maharashtra,Mumbai,Office Supplies,Ink & Toner,Canon Toner,5,1912.2,40,9561.0,791.62
2243,2024-03-24,East,Odisha,Bhubaneswar,Furniture,Sofas,L-Shaped Sofa,3,16831.8,10,50495.4,4633.78
2244,2023-08-09,West,Gujarat,Ahmedabad,Furniture,Storage,Wardrobe 4-Door,3,17435.25,25,52305.75,9431.32
2245,2024-07-26,South,Andhra Pradesh,Vijayawada,Clothing,Footwear,Formal Shoes,2,2286.9,30,4573.8,698.54
2246,2023-07-30,North,Haryana,Faridabad,Furniture,Storage,TV Unit,4,20501.0,0,82004.0,6220.71
2247,2022-10-30,East,Assam,Dibrugarh,Furniture,Storage,Bookshelf,6,22241.25,25,133447.5,6776.89
2248,2022-05-09,West,Goa,Panaji,Electronics,Mobile Phones,Redmi Note 13,4,29786.3,5,119145.2,7717.08
2249,2023-02-04,South,Kerala,Thiruvananthapuram,Furniture,Sofas,3-Seater Fabric Sofa,4,31859.1,10,127436.4,9936.64
2250,2023-12-20,East,Odisha,Bhubaneswar,Furniture,Storage,Wardrobe 4-Door,3,24731.1,10,74193.3,19230.55
2251,2022-10-31,East,Odisha,Bhubaneswar,Furniture,Sofas,L-Shaped Sofa,3,16674.4,5,50023.2,5108.7
2252,2024-05-24,West,Maharashtra,Nashik,Clothing,Menswear,Formal Shirt,5,1428.0,20,7140.0,1354.04
2253,2022-11-21,North,Punjab,Chandigarh,Electronics,Mobile Phones,OnePlus 12R,1,19910.1,30,19910.1,1017.74
2254,2024-10-06,East,Bihar,Gaya,Clothing,Womenswear,Saree,3,1295.1,10,3885.3,1069.72
2255,2022-11-09,North,Rajasthan,Jaipur,Electronics,Accessories,Bluetooth Speaker,2,50695.8,5,101391.6,12210.56
2256,2023-01-13,West,Madhya Pradesh,Indore,Clothing,Menswear,Casual T-Shirt,2,1675.5,25,3351.0,833.84
2257,2023-05-17,South,Kerala,Kochi,Office Supplies,Printers,Canon Laser Printer,3,215.05,15,645.15,66.25
2258,2023-10-26,South,Telangana,Warangal,Furniture,Storage,TV Unit,1,19617.3,10,19617.3,3556.8
2259,2024-08-27,East,West Bengal,Howrah,Office Supplies,Printers,HP Inkjet Printer,3,8993.65,5,26980.95,7162.37
2260,2022-05-18,East,Bihar,Patna,Electronics,Accessories,Bluetooth Speaker,4,26160.6,40,104642.4,12653.94
2261,2023-03-10,East,Assam,Dibrugarh,Furniture,Sofas,L-Shaped Sofa,1,3352.0,20,3352.0,920.36
2262,2022-01-31,East,West Bengal,Kolkata,Electronics,Laptops,Lenovo IdeaPad,1,20668.8,40,20668.8,1581.05
2263,2024-12-25,East,Assam,Guwahati,Clothing,Menswear,Formal Shirt,2,2145.0,0,4290.0,1001.78
2264,2023-01-15,East,West Bengal,Howrah,Office Supplies,Ink & Toner,Canon Toner,6,2421.6,40,14529.6,3734.47
2265,2023-09-25,South,Tamil Nadu,Coimbatore,Office Supplies,Stationery,A4 Paper Ream,5,3771.5,5,18857.5,1141.0
2266,2022-09-05,West,Maharashtra,Nagpur,Clothing,Womenswear,Dress,3,306.0,0,918.0,46.15
2267,2024-08-08,West,Madhya Pradesh,Bhopal,Clothing,Womenswear,Ethnic Set,5,3319.2,10,16596.0,2301.88
2268,2023-12-13,South,Karnataka,Mysuru,Electronics,Mobile Phones,OnePlus 12R,2,40701.0,25,81402.0,3897.95
2269,2024-05-23,East,Assam,Guwahati,Electronics,Accessories,Smart Watch,5,57827.0,0,289135.0,33904.26
2270,2024-08-12,North,Haryana,Faridabad,Electronics,Laptops,HP Pavilion,4,55980.9,10,223923.6,35434.28
2271,2023-10-06,West,Madhya Pradesh,Bhopal,Office Supplies,Printers,Canon Laser Printer,2,3994.2,10,7988.4,964.2
2272,2023-09-18,East,Odisha,Bhubaneswar,Office Supplies,Printers,Canon Laser Printer,3,4110.3,10,12330.9,665.26
2273,2022-12-17,South,Kerala,Thiruvananthapuram,Clothing,Menswear,Sherwani,6,3231.9,30,19391.4,3568.14
2274,2023-07-07,North,Delhi,New Delhi,Clothing,Menswear,Formal Shirt,6,453.75,25,2722.5,340.77
2275,2024-11-28,West,Madhya Pradesh,Bhopal,Office Supplies,Printers,HP Inkjet Printer,2,284.4,10,568.8,64.83
2276,2022-10-31,North,Rajasthan,Jaipur,Electronics,Laptops,Lenovo IdeaPad,1,21992.05,15,21992.05,3082.98
2277,2023-12-31,East,Odisha,Cuttack,Office Supplies,Ink & Toner,Canon Toner,1,9548.0,0,9548.0,1050.77
2278,2023-01-23,West,Madhya Pradesh,Bhopal,Furniture,Sofas,3-Seater Fabric Sofa,2,5841.55,5,11683.1,1096.03
2279,2024-04-14,North,Delhi,New Delhi,Furniture,Chairs,Gaming Chair,3,20375.0,0,61125.0,3319.38
2280,2024-05-01,East,West Bengal,Kolkata,Office Supplies,Ink & Toner,HP Ink Cartridge,5,9209.3,5,46046.5,11686.96
2281,2024-09-24,West,Maharashtra,Nashik,Office Supplies,Stationery,A4 Paper Ream,3,996.3,10,2988.9,518.3
2282,2022-12-01,West,Madhya Pradesh,Bhopal,Office Supplies,Stationery,Gel Pen Pack,3,2410.1,30,7230.3,2014.53
2283,2023-04-24,South,Telangana,Warangal,Clothing,Footwear,Running Shoes,2,386.1,10,772.2,73.65
2284,2024-04-16,South,Andhra Pradesh,Tirupati,Clothing,Womenswear,Kurti,4,2630.75,15,10523.0,1129.1
2285,2022-04-27,West,Gujarat,Ahmedabad,Electronics,Laptops,HP Pavilion,6,41857.0,0,251142.0,12644.97
2286,2022-09-27,West,Madhya Pradesh,Indore,Electronics,Mobile Phones,OnePlus 12R,6,26433.0,10,158598.0,4329.2
2287,2024-02-04,East,Bihar,Gaya,Electronics,Televisions,"Samsung 50"" Crystal",6,72905.0,0,437430.0,46858.29
2288,2022-04-13,North,Rajasthan,Jodhpur,Furniture,Storage,TV Unit,2,34339.65,5,68679.3,8435.97
2289,2023-12-04,West,Goa,Panaji,Furniture,Storage,Wardrobe 4-Door,6,30951.0,5,185706.0,13544.99
2290,2022-06-23,South,Andhra Pradesh,Tirupati,Electronics,Laptops,Lenovo IdeaPad,6,46887.0,25,281322.0,39302.96
2291,2024-09-19,South,Telangana,Karimnagar,Furniture,Chairs,Ergonomic Office Chair,5,26262.0,0,131310.0,21484.69
2292,2022-12-20,East,Assam,Dibrugarh,Furniture,Tables,Office Desk,4,12346.2,10,49384.8,4169.08
2293,2022-08-20,East,Bihar,Gaya,Clothing,Menswear,Jeans,6,1716.3,10,10297.8,1212.24
2294,2022-02-07,East,Bihar,Patna,Office Supplies,Printers,HP Inkjet Printer,2,7144.9,30,14289.8,2963.73
2295,2022-05-27,West,Gujarat,Vadodara,Clothing,Womenswear,Dress,5,1864.85,5,9324.25,2498.48
2296,2023-10-11,West,Gujarat,Surat,Clothing,Womenswear,Dress,2,1508.0,0,3016.0,441.01
2297,2024-03-28,South,Telangana,Karimnagar,Furniture,Sofas,Recliner Sofa,3,12889.0,0,38667.0,2567.77
2298,2024-04-20,North,Rajasthan,Jodhpur,Office Supplies,Ink & Toner,Canon Toner,2,6192.0,20,12384.0,1110.14
2299,2023-08-31,North,Delhi,Dwarka,Clothing,Menswear,Casual T-Shirt,6,329.7,30,1978.2,253.44
2300,2023-02-03,South,Telangana,Karimnagar,Electronics,Mobile Phones,iPhone 14,5,35548.05,5,177740.25,24718.43
2301,2022-12-21,West,Goa,Panaji,Office Supplies,Ink & Toner,HP Ink Cartridge,4,7499.7,10,29998.8,7665.74
2302,2022-08-13,West,Maharashtra,Nashik,Office Supplies,Printers,HP Inkjet Printer,6,3906.6,40,23439.6,6175.3
2303,2024-10-16,East,Odisha,Cuttack,Office Supplies,Ink & Toner,Canon Toner,6,6692.0,0,40152.0,7509.73
2304,2022-09-22,North,Delhi,New Delhi,Clothing,Menswear,Jeans,1,2753.0,0,2753.0,166.44
2305,2022-12-01,North,Delhi,Dwarka,Clothing,Footwear,Sandals,6,3711.65,5,22269.9,5341.17
2306,2024-04-12,West,Maharashtra,Pune,Furniture,Sofas,Recliner Sofa,5,5388.8,20,26944.0,3886.91
2307,2022-12-11,South,Andhra Pradesh,Guntur,Furniture,Tables,Office Desk,3,38649.0,0,115947.0,5899.99
2308,2022-04-06,North,Haryana,Gurugram,Furniture,Sofas,L-Shaped Sofa,5,18233.4,40,91167.0,20647.54
2309,2022-05-08,East,Assam,Guwahati,Clothing,Womenswear,Saree,2,2615.4,40,5230.8,1335.84
2310,2023-02-22,East,Assam,Guwahati,Office Supplies,Ink & Toner,HP Ink Cartridge,6,6665.0,0,39990.0,4278.99
2311,2022-08-11,South,Telangana,Hyderabad,Furniture,Tables,Dining Table 6-Seater,6,6647.9,30,39887.4,8701.46
2312,2023-04-04,North,Punjab,Amritsar,Electronics,Televisions,"LG 55"" UHD",6,8474.4,20,50846.4,1692.99
2313,2022-03-30,West,Gujarat,Ahmedabad,Electronics,Accessories,Smart Watch,1,19762.4,20,19762.4,718.34
2314,2024-10-27,West,Madhya Pradesh,Indore,Office Supplies,Printers,Canon Laser Printer,2,9314.4,20,18628.8,2510.92
2315,2024-03-28,North,Rajasthan,Jodhpur,Electronics,Laptops,Lenovo IdeaPad,4,20854.2,40,83416.8,8272.5
2316,2022-11-29,North,Rajasthan,Jodhpur,Clothing,Footwear,Sandals,1,2997.0,40,2997.0,165.34
2317,2022-10-20,East,Assam,Dibrugarh,Electronics,Televisions,"Samsung 50"" Crystal",5,59951.0,0,299755.0,29212.45
2318,2024-07-25,East,Bihar,Gaya,Office Supplies,Printers,Canon Laser Printer,1,9103.5,10,9103.5,690.82
2319,2024-08-04,East,Bihar,Patna,Clothing,Footwear,Sandals,5,4622.0,0,23110.0,2565.23
2320,2023-10-10,North,Rajasthan,Jodhpur,Electronics,Accessories,Smart Watch,1,9086.25,25,9086.25,231.44
2321,2024-03-30,South,Andhra Pradesh,Visakhapatnam,Office Supplies,Ink & Toner,Canon Toner,3,110.6,30,331.8,60.33
2322,2022-03-26,West,Gujarat,Vadodara,Clothing,Womenswear,Kurti,5,350.55,5,1752.75,460.72
2323,2022-01-27,North,Delhi,Dwarka,Clothing,Footwear,Formal Shoes,1,2542.4,20,2542.4,298.33
2324,2023-08-26,South,Kerala,Thiruvananthapuram,Electronics,Mobile Phones,OnePlus 12R,2,56089.8,10,112179.6,8961.1
2325,2022-09-09,West,Goa,Margao,Office Supplies,Stationery,Notebook Bundle,5,6867.15,15,34335.75,9256.2
2326,2024-02-06,South,Tamil Nadu,Chennai,Furniture,Sofas,L-Shaped Sofa,3,27444.0,20,82332.0,18661.97
2327,2023-01-06,South,Karnataka,Bengaluru,Furniture,Chairs,Gaming Chair,1,28556.8,20,28556.8,3421.73
2328,2023-08-14,West,Goa,Panaji,Clothing,Womenswear,Saree,1,2810.0,0,2810.0,456.6
2329,2023-08-12,West,Gujarat,Ahmedabad,Furniture,Sofas,3-Seater Fabric Sofa,6,28846.0,0,173076.0,45695.39
2330,2024-08-25,North,Punjab,Ludhiana,Furniture,Storage,Bookshelf,5,36946.95,15,184734.75,39504.43
2331,2023-10-20,North,Uttar Pradesh,Varanasi,Furniture,Chairs,Ergonomic Office Chair,6,6751.5,30,40509.0,5078.58
2332,2024-07-07,West,Maharashtra,Mumbai,Office Supplies,Printers,HP Inkjet Printer,3,3888.0,25,11664.0,1201.09
2333,2023-09-02,West,Maharashtra,Nashik,Electronics,Accessories,Bluetooth Speaker,6,40933.2,40,245599.2,11897.91
2334,2023-11-14,South,Telangana,Hyderabad,Electronics,Laptops,Asus Vivobook,1,10198.2,40,10198.2,1603.73
2335,2024-11-16,North,Rajasthan,Jaipur,Office Supplies,Stationery,Gel Pen Pack,5,214.9,30,1074.5,161.18
2336,2023-10-10,West,Gujarat,Ahmedabad,Clothing,Footwear,Formal Shoes,4,1578.0,25,6312.0,1494.67
2337,2024-11-14,South,Karnataka,Mysuru,Clothing,Menswear,Casual T-Shirt,3,3131.25,25,9393.75,2073.49
2338,2022-11-29,East,West Bengal,Howrah,Furniture,Tables,Coffee Table,2,24881.4,10,49762.8,13609.32
2339,2023-12-01,South,Andhra Pradesh,Vijayawada,Electronics,Accessories,Power Bank,2,9711.85,5,19423.7,647.35
2340,2022-06-24,East,Bihar,Gaya,Furniture,Chairs,Gaming Chair,3,26149.8,40,78449.4,10611.36
2341,2022-12-16,West,Madhya Pradesh,Bhopal,Office Supplies,Ink & Toner,HP Ink Cartridge,5,941.45,5,4707.25,312.73
2342,2024-08-05,South,Telangana,Warangal,Furniture,Storage,Wardrobe 4-Door,4,22055.4,10,88221.6,22995.66
2343,2023-02-27,North,Rajasthan,Jodhpur,Electronics,Mobile Phones,Redmi Note 13,6,25568.2,30,153409.2,13866.48
2344,2023-05-19,East,West Bengal,Howrah,Office Supplies,Ink & Toner,HP Ink Cartridge,1,4467.0,40,4467.0,271.63
2345,2023-10-09,East,Assam,Guwahati,Furniture,Chairs,Ergonomic Office Chair,6,27051.0,25,162306.0,43996.69
2346,2023-10-15,East,West Bengal,Siliguri,Electronics,Mobile Phones,Redmi Note 13,5,17538.9,5,87694.5,12224.3
2347,2024-08-29,West,Goa,Panaji,Furniture,Storage,Wardrobe 4-Door,5,37807.0,0,189035.0,46650.93
2348,2022-09-09,West,Maharashtra,Pune,Office Supplies,Stationery,Notebook Bundle,4,903.7,30,3614.8,593.27
2349,2022-10-14,South,Telangana,Karimnagar,Office Supplies,Ink & Toner,Canon Toner,5,3562.2,40,17811.0,1137.79
2350,2023-10-21,East,West Bengal,Howrah,Office Supplies,Printers,HP Inkjet Printer,1,3781.8,40,3781.8,612.99
2351,2023-01-16,South,Andhra Pradesh,Tirupati,Office Supplies,Stationery,Gel Pen Pack,6,6355.5,25,38133.0,6170.55
2352,2024-07-24,North,Rajasthan,Udaipur,Clothing,Footwear,Formal Shoes,4,2532.7,5,10130.8,1721.07
2353,2023-06-10,East,West Bengal,Kolkata,Electronics,Televisions,"LG 55"" UHD",6,27868.0,20,167208.0,22732.42
2354,2022-09-12,South,Telangana,Warangal,Furniture,Sofas,L-Shaped Sofa,2,28979.75,5,57959.5,15343.86
2355,2024-11-08,West,Goa,Margao,Clothing,Menswear,Jeans,5,3970.4,20,19852.0,3618.63
2356,2022-04-02,East,Bihar,Patna,Furniture,Tables,Office Desk,5,38895.3,10,194476.5,48690.85
2357,2023-12-20,North,Haryana,Faridabad,Furniture,Storage,Wardrobe 4-Door,4,11116.0,30,44464.0,12039.37
2358,2022-03-13,North,Rajasthan,Udaipur,Electronics,Televisions,"Sony Bravia 43""",5,48712.3,30,243561.5,12456.28
2359,2023-04-25,West,Madhya Pradesh,Bhopal,Electronics,Accessories,Wireless Earbuds,2,7738.4,15,15476.8,727.72
2360,2024-03-21,West,Gujarat,Ahmedabad,Office Supplies,Stationery,Notebook Bundle,2,8639.4,15,17278.8,2653.13
2361,2022-10-02,West,Maharashtra,Mumbai,Electronics,Televisions,"Samsung 50"" Crystal",5,41482.7,5,207413.5,12009.48
2362,2022-06-04,East,Bihar,Patna,Furniture,Tables,Coffee Table,5,3633.75,25,18168.75,1539.54
2363,2024-04-13,North,Haryana,Gurugram,Clothing,Womenswear,Saree,2,1901.9,5,3803.8,556.95
2364,2022-08-09,South,Andhra Pradesh,Visakhapatnam,Office Supplies,Printers,Canon Laser Printer,1,973.0,0,973.0,82.06
2365,2024-03-28,North,Delhi,New Delhi,Electronics,Mobile Phones,iPhone 14,2,59239.0,0,118478.0,11844.69
2366,2023-02-07,South,Andhra Pradesh,Guntur,Clothing,Womenswear,Dress,1,2130.85,5,2130.85,270.01
2367,2022-01-26,East,Odisha,Cuttack,Electronics,Laptops,Dell Inspiron 15,6,67175.0,0,403050.0,19583.05
2368,2024-11-09,South,Tamil Nadu,Coimbatore,Furniture,Tables,Dining Table 6-Seater,1,18978.4,20,18978.4,4407.54
2369,2024-10-12,North,Rajasthan,Jaipur,Clothing,Menswear,Sherwani,3,655.5,5,1966.5,471.49
2370,2023-09-10,North,Uttar Pradesh,Varanasi,Furniture,Sofas,Recliner Sofa,4,11196.9,10,44787.6,11627.53
2371,2022-10-18,South,Kerala,Thiruvananthapuram,Office Supplies,Ink & Toner,Canon Toner,4,9233.1,10,36932.4,7575.3
2372,2024-05-11,West,Goa,Panaji,Furniture,Tables,Coffee Table,4,23459.8,30,93839.2,5212.25
2373,2022-10-02,West,Goa,Margao,Electronics,Televisions,"Sony Bravia 43""",2,18583.55,15,37167.1,5713.01
2374,2022-07-06,East,Assam,Dibrugarh,Clothing,Womenswear,Ethnic Set,5,3515.95,5,17579.75,1743.83
2375,2023-07-06,West,Maharashtra,Pune,Clothing,Footwear,Sandals,1,3842.1,10,3842.1,739.73
2376,2022-09-25,West,Maharashtra,Mumbai,Clothing,Footwear,Sandals,6,1167.3,10,7003.8,1615.41
2377,2023-04-17,West,Madhya Pradesh,Bhopal,Clothing,Menswear,Jeans,1,3068.5,15,3068.5,347.03
2378,2023-01-19,South,Telangana,Hyderabad,Furniture,Tables,Office Desk,6,10815.4,15,64892.4,3266.86
2379,2022-01-05,South,Kerala,Kozhikode,Clothing,Menswear,Casual T-Shirt,6,696.6,40,4179.6,213.62
2380,2024-11-23,South,Andhra Pradesh,Guntur,Electronics,Televisions,"Sony Bravia 43""",1,18092.7,10,18092.7,713.59
2381,2024-10-09,East,Assam,Guwahati,Clothing,Menswear,Casual T-Shirt,3,3763.8,10,11291.4,1573.53
2382,2022-03-25,West,Gujarat,Ahmedabad,Clothing,Menswear,Formal Shirt,6,725.9,30,4355.4,1101.69
2383,2023-10-14,West,Goa,Margao,Furniture,Chairs,Ergonomic Office Chair,1,44675.0,0,44675.0,5963.86
2384,2023-10-26,West,Madhya Pradesh,Bhopal,Electronics,Televisions,"LG 55"" UHD",4,32654.4,20,130617.6,10511.05
2385,2022-10-31,South,Andhra Pradesh,Visakhapatnam,Office Supplies,Ink & Toner,HP Ink Cartridge,2,2378.7,10,4757.4,799.57
2386,2024-03-11,West,Maharashtra,Nashik,Office Supplies,Ink & Toner,Canon Toner,2,4818.4,20,9636.8,1172.43
2387,2023-04-01,East,West Bengal,Kolkata,Office Supplies,Stationery,A4 Paper Ream,5,2069.75,15,10348.75,772.56
2388,2022-08-26,South,Telangana,Karimnagar,Office Supplies,Printers,HP Inkjet Printer,3,501.75,25,1505.25,283.55
2389,2023-03-25,East,Assam,Guwahati,Electronics,Mobile Phones,Redmi Note 13,5,39759.0,0,198795.0,4800.39
2390,2022-12-26,North,Rajasthan,Udaipur,Clothing,Menswear,Casual T-Shirt,1,1691.2,30,1691.2,362.81
2391,2022-01-24,East,Assam,Dibrugarh,Furniture,Chairs,Gaming Chair,4,21867.1,5,87468.4,24058.01
2392,2023-09-07,South,Andhra Pradesh,Vijayawada,Office Supplies,Stationery,A4 Paper Ream,3,2631.0,25,7893.0,1929.28
2393,2023-06-16,East,West Bengal,Howrah,Clothing,Footwear,Running Shoes,2,962.25,25,1924.5,391.98
2394,2023-01-11,South,Kerala,Thiruvananthapuram,Clothing,Footwear,Formal Shoes,3,2511.0,0,7533.0,2033.69
2395,2024-06-24,West,Goa,Margao,Clothing,Menswear,Jeans,5,3212.0,0,16060.0,937.82
2396,2023-09-14,East,Bihar,Patna,Furniture,Tables,Coffee Table,3,18526.4,20,55579.2,14011.64
2397,2022-08-15,West,Madhya Pradesh,Bhopal,Office Supplies,Stationery,Gel Pen Pack,3,6028.2,10,18084.6,3578.0
2398,2024-10-06,South,Kerala,Kochi,Clothing,Menswear,Formal Shirt,6,1781.6,15,10689.6,2199.37
2399,2023-08-12,North,Delhi,Dwarka,Clothing,Footwear,Running Shoes,4,3095.0,0,12380.0,2944.07
2400,2022-03-31,North,Haryana,Faridabad,Furniture,Chairs,Ergonomic Office Chair,6,15356.8,20,92140.8,5686.96
2401,2024-12-17,North,Punjab,Chandigarh,Electronics,Televisions,"Sony Bravia 43""",1,34559.0,0,34559.0,3568.37
2402,2022-04-12,West,Maharashtra,Mumbai,Furniture,Chairs,Gaming Chair,1,10008.0,0,10008.0,1857.78
2403,2024-04-29,South,Tamil Nadu,Chennai,Office Supplies,Ink & Toner,HP Ink Cartridge,6,1323.0,25,7938.0,1896.7
2404,2023-11-05,South,Andhra Pradesh,Vijayawada,Furniture,Storage,Bookshelf,2,37741.0,0,75482.0,11977.94
2405,2022-12-07,East,West Bengal,Howrah,Furniture,Storage,TV Unit,1,33667.0,0,33667.0,4987.87
2406,2024-11-14,East,Odisha,Bhubaneswar,Furniture,Storage,Bookshelf,4,8178.0,25,32712.0,4185.01
2407,2023-04-10,East,West Bengal,Kolkata,Furniture,Chairs,Wooden Dining Chair,1,26061.0,0,26061.0,1391.34
2408,2023-08-24,North,Uttar Pradesh,Noida,Furniture,Tables,Dining Table 6-Seater,4,19736.5,30,78946.0,10346.24
2409,2024-07-22,East,West Bengal,Howrah,Clothing,Footwear,Sandals,3,1097.1,10,3291.3,602.16
2410,2022-10-18,South,Andhra Pradesh,Tirupati,Office Supplies,Stationery,Gel Pen Pack,1,277.2,10,277.2,37.07
2411,2024-12-06,North,Haryana,Gurugram,Electronics,Laptops,HP Pavilion,3,46382.0,0,139146.0,2981.99
2412,2022-08-08,South,Andhra Pradesh,Guntur,Furniture,Sofas,3-Seater Fabric Sofa,1,6519.5,15,6519.5,1471.06
2413,2023-05-17,West,Gujarat,Surat,Electronics,Mobile Phones,Samsung Galaxy A54,3,8190.4,20,24571.2,1384.36
2414,2022-11-15,East,West Bengal,Howrah,Clothing,Menswear,Casual T-Shirt,3,656.25,25,1968.75,509.41
2415,2023-11-06,North,Uttar Pradesh,Varanasi,Clothing,Footwear,Running Shoes,3,3333.0,0,9999.0,2253.36
2416,2024-08-03,East,West Bengal,Kolkata,Office Supplies,Printers,Canon Laser Printer,6,5307.75,25,31846.5,2627.64
2417,2024-01-04,South,Andhra Pradesh,Tirupati,Furniture,Sofas,Recliner Sofa,4,20025.75,25,80103.0,13798.42
2418,2023-04-16,South,Telangana,Hyderabad,Clothing,Womenswear,Dress,2,2678.0,0,5356.0,1303.24
2419,2024-10-27,East,Odisha,Cuttack,Electronics,Laptops,HP Pavilion,3,33616.8,20,100850.4,15871.55
2420,2024-07-12,West,Maharashtra,Nashik,Clothing,Womenswear,Dress,2,3006.0,10,6012.0,499.46
2421,2024-04-01,North,Haryana,Gurugram,Furniture,Storage,TV Unit,5,42805.0,0,214025.0,49950.47
2422,2024-11-24,East,Odisha,Bhubaneswar,Electronics,Accessories,Bluetooth Speaker,2,29428.0,30,58856.0,8952.15
2423,2022-10-24,East,West Bengal,Howrah,Clothing,Womenswear,Dress,1,2308.0,20,2308.0,354.4
2424,2024-08-28,East,Assam,Dibrugarh,Office Supplies,Printers,HP Inkjet Printer,4,10521.9,10,42087.6,10150.26
2425,2024-12-15,North,Punjab,Chandigarh,Clothing,Footwear,Running Shoes,4,1607.4,5,6429.6,1717.02
2426,2022-10-29,South,Andhra Pradesh,Tirupati,Office Supplies,Ink & Toner,Canon Toner,4,1801.2,5,7204.8,455.04
2427,2023-08-27,West,Maharashtra,Nagpur,Office Supplies,Ink & Toner,Canon Toner,5,6290.0,0,31450.0,7616.42
2428,2022-01-17,North,Uttar Pradesh,Lucknow,Furniture,Storage,TV Unit,5,7414.4,20,37072.0,4144.15
2429,2022-06-08,South,Andhra Pradesh,Tirupati,Clothing,Menswear,Jeans,1,486.2,15,486.2,100.94
2430,2022-03-09,North,Uttar Pradesh,Kanpur,Clothing,Womenswear,Saree,3,2083.0,0,6249.0,1552.85
2431,2024-06-21,West,Madhya Pradesh,Bhopal,Furniture,Sofas,Recliner Sofa,2,29063.0,0,58126.0,4995.52
2432,2023-12-18,West,Maharashtra,Pune,Furniture,Tables,Coffee Table,6,35326.0,0,211956.0,18400.97
2433,2023-04-01,South,Karnataka,Hubballi,Clothing,Menswear,Jeans,4,2813.9,5,11255.6,1737.1
2434,2022-12-07,West,Goa,Panaji,Clothing,Womenswear,Dress,1,3778.4,20,3778.4,450.81
2435,2022-01-06,East,Bihar,Gaya,Electronics,Laptops,Dell Inspiron 15,5,5604.0,40,28020.0,742.64
2436,2023-05-03,West,Goa,Panaji,Furniture,Tables,Dining Table 6-Seater,3,19204.0,0,57612.0,15566.94
2437,2023-05-17,South,Telangana,Warangal,Office Supplies,Printers,HP Inkjet Printer,1,4797.0,0,4797.0,489.24
2438,2024-04-09,West,Gujarat,Vadodara,Furniture,Tables,Dining Table 6-Seater,2,11484.0,40,22968.0,3402.79
2439,2022-02-24,North,Delhi,New Delhi,Office Supplies,Printers,HP Inkjet Printer,2,4769.35,15,9538.7,2468.28
2440,2022-10-02,South,Telangana,Hyderabad,Clothing,Womenswear,Saree,1,2964.6,10,2964.6,257.36
2441,2022-01-31,West,Maharashtra,Pune,Clothing,Womenswear,Kurti,5,3906.0,0,19530.0,4134.26
2442,2022-07-24,North,Punjab,Chandigarh,Clothing,Womenswear,Ethnic Set,3,3163.5,10,9490.5,1310.75
2443,2022-10-18,East,West Bengal,Howrah,Furniture,Sofas,3-Seater Fabric Sofa,5,36036.35,5,180181.75,20218.35
2444,2023-01-27,South,Andhra Pradesh,Guntur,Furniture,Chairs,Gaming Chair,1,8707.7,5,8707.7,636.4
2445,2022-08-04,South,Kerala,Thiruvananthapuram,Clothing,Footwear,Formal Shoes,6,1095.65,15,6573.9,1375.64
2446,2024-10-24,West,Goa,Panaji,Furniture,Sofas,L-Shaped Sofa,5,26463.75,25,132318.75,25912.1
2447,2024-05-30,West,Maharashtra,Pune,Office Supplies,Printers,Canon Laser Printer,4,6065.5,30,24262.0,5597.01
2448,2024-12-22,North,Haryana,Faridabad,Clothing,Menswear,Sherwani,2,2631.75,25,5263.5,414.9
2449,2022-12-11,North,Haryana,Faridabad,Electronics,Televisions,"Sony Bravia 43""",5,28843.0,0,144215.0,18127.46
2450,2024-12-28,East,Odisha,Cuttack,Clothing,Menswear,Sherwani,2,354.0,0,708.0,173.99
2451,2022-12-14,North,Haryana,Gurugram,Office Supplies,Ink & Toner,HP Ink Cartridge,5,8056.0,20,40280.0,3591.18
2452,2024-06-27,East,Assam,Guwahati,Office Supplies,Printers,HP Inkjet Printer,5,3331.0,0,16655.0,2660.79
2453,2023-08-07,South,Telangana,Karimnagar,Electronics,Mobile Phones,Samsung Galaxy A54,5,25748.8,30,128744.0,13735.2
2454,2022-10-03,East,West Bengal,Kolkata,Furniture,Storage,Wardrobe 4-Door,6,28990.2,5,173941.2,27156.19
2455,2022-03-18,West,Madhya Pradesh,Indore,Clothing,Menswear,Sherwani,4,1427.3,30,5709.2,1222.01
2456,2023-12-26,West,Gujarat,Surat,Furniture,Tables,Coffee Table,4,28928.7,10,115714.8,23705.13
2457,2022-08-23,West,Goa,Panaji,Clothing,Womenswear,Saree,2,2259.9,10,4519.8,346.89
2458,2023-02-07,East,Assam,Dibrugarh,Office Supplies,Printers,Canon Laser Printer,1,4048.9,5,4048.9,783.24
2459,2024-08-27,West,Maharashtra,Nashik,Electronics,Mobile Phones,OnePlus 12R,5,32744.0,0,163720.0,23495.24
2460,2023-08-11,East,Bihar,Gaya,Office Supplies,Stationery,Gel Pen Pack,2,4936.8,15,9873.6,2301.64
2461,2024-10-23,West,Madhya Pradesh,Indore,Furniture,Chairs,Gaming Chair,5,14216.8,20,71084.0,12700.2
2462,2022-03-26,East,Odisha,Bhubaneswar,Clothing,Footwear,Sandals,3,2723.4,10,8170.2,1349.7
2463,2023-11-22,West,Madhya Pradesh,Bhopal,Furniture,Sofas,L-Shaped Sofa,6,18365.0,0,110190.0,20248.16
2464,2023-03-28,South,Karnataka,Hubballi,Clothing,Menswear,Casual T-Shirt,4,1551.75,25,6207.0,1031.56
2465,2024-12-06,North,Punjab,Chandigarh,Clothing,Footwear,Formal Shoes,1,1880.0,20,1880.0,461.14
2466,2022-09-27,East,Odisha,Cuttack,Electronics,Accessories,Bluetooth Speaker,6,11652.0,40,69912.0,6989.49
2467,2022-05-03,East,Odisha,Bhubaneswar,Electronics,Accessories,Bluetooth Speaker,1,60805.8,10,60805.8,9527.11
2468,2024-01-15,East,West Bengal,Howrah,Electronics,Laptops,HP Pavilion,4,38697.3,10,154789.2,7674.2
2469,2024-03-22,East,Odisha,Bhubaneswar,Clothing,Womenswear,Kurti,5,2956.0,20,14780.0,3757.17
2470,2024-07-14,East,Bihar,Patna,Office Supplies,Ink & Toner,HP Ink Cartridge,4,8578.8,10,34315.2,4120.45
2471,2022-12-13,East,Assam,Guwahati,Office Supplies,Ink & Toner,Canon Toner,1,2411.0,0,2411.0,505.65
2472,2022-05-01,East,West Bengal,Siliguri,Clothing,Footwear,Sandals,4,1840.15,5,7360.6,1788.3
2473,2022-05-23,North,Rajasthan,Udaipur,Electronics,Televisions,"Sony Bravia 43""",5,18744.0,40,93720.0,12586.24
2474,2022-11-24,North,Punjab,Amritsar,Office Supplies,Stationery,A4 Paper Ream,4,199.2,20,796.8,190.55
2475,2023-09-23,North,Punjab,Amritsar,Office Supplies,Stationery,A4 Paper Ream,2,9521.7,15,19043.4,2277.06
2476,2022-02-09,West,Madhya Pradesh,Bhopal,Electronics,Televisions,"Samsung 50"" Crystal",2,12243.0,25,24486.0,1140.54
2477,2024-01-24,North,Haryana,Gurugram,Office Supplies,Ink & Toner,HP Ink Cartridge,1,7783.0,0,7783.0,1130.76
2478,2024-10-25,South,Tamil Nadu,Madurai,Clothing,Footwear,Formal Shoes,6,2743.2,40,16459.2,4092.59
2479,2022-04-17,West,Gujarat,Vadodara,Electronics,Accessories,Wireless Earbuds,2,66820.0,0,133640.0,20202.12
2480,2022-11-16,West,Maharashtra,Nashik,Electronics,Laptops,Dell Inspiron 15,5,9090.75,25,45453.75,1923.0
2481,2022-11-04,East,Odisha,Cuttack,Office Supplies,Ink & Toner,Canon Toner,1,1794.1,30,1794.1,361.95
2482,2024-08-14,South,Andhra Pradesh,Tirupati,Electronics,Televisions,"Samsung 50"" Crystal",6,21586.85,5,129521.1,17093.32
2483,2024-04-11,South,Kerala,Kochi,Furniture,Sofas,3-Seater Fabric Sofa,5,26322.4,20,131612.0,12471.84
2484,2023-06-26,North,Haryana,Faridabad,Furniture,Chairs,Gaming Chair,5,3384.0,0,16920.0,3709.38
2485,2022-10-20,West,Gujarat,Surat,Electronics,Mobile Phones,Redmi Note 13,2,64695.0,5,129390.0,12574.74
2486,2023-06-30,East,West Bengal,Kolkata,Clothing,Footwear,Formal Shoes,1,2826.25,15,2826.25,227.74
2487,2023-09-24,West,Gujarat,Vadodara,Clothing,Womenswear,Kurti,6,344.7,10,2068.2,519.02
2488,2024-11-10,South,Karnataka,Hubballi,Clothing,Womenswear,Saree,5,2821.6,20,14108.0,1199.49
2489,2023-04-18,East,Assam,Dibrugarh,Clothing,Womenswear,Kurti,2,3670.5,25,7341.0,2001.1
2490,2022-12-23,South,Karnataka,Bengaluru,Clothing,Menswear,Jeans,4,2932.0,20,11728.0,782.43
2491,2024-04-15,West,Madhya Pradesh,Indore,Furniture,Tables,Coffee Table,5,21901.5,25,109507.5,23360.86
2492,2024-07-12,West,Madhya Pradesh,Indore,Office Supplies,Stationery,A4 Paper Ream,3,5233.8,40,15701.4,3721.43
2493,2022-07-15,North,Rajasthan,Jaipur,Furniture,Tables,Coffee Table,1,2960.1,10,2960.1,181.82
2494,2022-10-28,South,Karnataka,Hubballi,Furniture,Sofas,L-Shaped Sofa,6,17268.0,0,103608.0,10044.67
2495,2024-10-12,East,Odisha,Bhubaneswar,Clothing,Footwear,Formal Shoes,6,1223.1,10,7338.6,1900.52
2496,2023-11-06,North,Delhi,New Delhi,Furniture,Chairs,Ergonomic Office Chair,1,18575.4,40,18575.4,4958.77
2497,2024-03-31,South,Karnataka,Mysuru,Furniture,Sofas,3-Seater Fabric Sofa,4,14341.5,25,57366.0,10991.79
2498,2024-04-17,East,Bihar,Gaya,Furniture,Chairs,Ergonomic Office Chair,3,23142.0,0,69426.0,14821.68
2499,2023-10-14,South,Telangana,Warangal,Office Supplies,Printers,HP Inkjet Printer,1,7362.9,10,7362.9,1455.97
2500,2022-05-31,West,Maharashtra,Pune,Clothing,Menswear,Jeans,1,498.6,40,498.6,47.67
2501,2024-09-18,East,West Bengal,Kolkata,Office Supplies,Ink & Toner,HP Ink Cartridge,3,5249.3,30,15747.9,2992.96
2502,2023-07-09,South,Tamil Nadu,Madurai,Clothing,Menswear,Jeans,3,3282.4,20,9847.2,1220.18
2503,2024-01-02,North,Uttar Pradesh,Varanasi,Electronics,Accessories,Bluetooth Speaker,4,23269.4,30,93077.6,12218.3
2504,2024-11-08,West,Maharashtra,Mumbai,Office Supplies,Printers,Canon Laser Printer,3,3381.6,20,10144.8,616.65
2505,2024-10-04,South,Andhra Pradesh,Guntur,Electronics,Laptops,Dell Inspiron 15,6,34178.2,30,205069.2,12033.62
2506,2023-05-25,North,Uttar Pradesh,Lucknow,Electronics,Laptops,Asus Vivobook,4,24661.05,15,98644.2,14613.88
2507,2024-12-29,North,Punjab,Ludhiana,Furniture,Chairs,Ergonomic Office Chair,4,28494.0,10,113976.0,24635.48
2508,2023-12-03,North,Uttar Pradesh,Lucknow,Furniture,Storage,Bookshelf,3,28778.4,20,86335.2,13994.75
2509,2024-11-01,East,West Bengal,Siliguri,Furniture,Sofas,Recliner Sofa,6,29600.9,30,177605.4,43156.69
2510,2022-06-11,North,Punjab,Ludhiana,Electronics,Mobile Phones,iPhone 14,5,44133.0,0,220665.0,15006.86
2511,2024-03-28,South,Andhra Pradesh,Tirupati,Electronics,Accessories,Power Bank,6,25947.9,10,155687.4,16205.0
2512,2024-08-21,East,Assam,Dibrugarh,Office Supplies,Ink & Toner,Canon Toner,3,7976.7,10,23930.1,1636.42
2513,2022-05-11,South,Kerala,Kozhikode,Office Supplies,Ink & Toner,HP Ink Cartridge,5,6488.8,20,32444.0,2609.22
2514,2024-04-14,West,Madhya Pradesh,Indore,Office Supplies,Stationery,A4 Paper Ream,2,8909.0,0,17818.0,1422.59
2515,2024-07-07,East,Assam,Guwahati,Office Supplies,Stationery,Gel Pen Pack,2,5307.2,20,10614.4,2555.14
2516,2024-01-30,South,Tamil Nadu,Coimbatore,Electronics,Mobile Phones,Samsung Galaxy A54,2,13741.0,0,27482.0,3648.76
2517,2023-05-01,North,Haryana,Gurugram,Electronics,Accessories,Bluetooth Speaker,2,25663.5,25,51327.0,6028.66
2518,2024-01-21,South,Kerala,Kozhikode,Furniture,Storage,Wardrobe 4-Door,1,4944.45,15,4944.45,1290.32
2519,2024-10-06,West,Goa,Margao,Furniture,Sofas,L-Shaped Sofa,3,15188.6,30,45565.8,3227.4
2520,2022-09-05,East,Bihar,Gaya,Furniture,Chairs,Gaming Chair,3,17770.2,40,53310.6,12403.59
2521,2024-01-30,East,Assam,Guwahati,Office Supplies,Ink & Toner,Canon Toner,4,5472.8,20,21891.2,5325.73
2522,2023-09-27,South,Tamil Nadu,Chennai,Office Supplies,Printers,HP Inkjet Printer,4,1952.45,15,7809.8,1827.09
2523,2022-05-09,West,Maharashtra,Mumbai,Office Supplies,Stationery,Notebook Bundle,1,3139.2,20,3139.2,515.84
2524,2022-07-12,South,Karnataka,Hubballi,Clothing,Footwear,Running Shoes,3,2725.0,0,8175.0,802.08
2525,2023-10-31,West,Maharashtra,Nashik,Office Supplies,Ink & Toner,Canon Toner,2,6915.6,40,13831.2,864.66
2526,2024-07-31,South,Kerala,Kozhikode,Clothing,Womenswear,Dress,6,3203.65,15,19221.9,2677.97
2527,2022-09-10,North,Haryana,Faridabad,Office Supplies,Ink & Toner,Canon Toner,4,11400.0,0,45600.0,10376.7
2528,2022-07-01,North,Delhi,New Delhi,Furniture,Tables,Dining Table 6-Seater,5,28208.7,10,141043.5,13204.54
2529,2022-10-22,East,Odisha,Bhubaneswar,Furniture,Storage,Bookshelf,3,12913.2,15,38739.6,4076.06
2530,2024-07-31,North,Haryana,Gurugram,Clothing,Womenswear,Saree,5,3937.2,15,19686.0,3935.08
2531,2022-04-06,North,Delhi,New Delhi,Office Supplies,Ink & Toner,HP Ink Cartridge,1,3081.8,5,3081.8,520.03
2532,2023-08-24,West,Madhya Pradesh,Indore,Furniture,Sofas,Recliner Sofa,4,21637.8,10,86551.2,18064.1
2533,2024-06-25,South,Telangana,Karimnagar,Furniture,Sofas,3-Seater Fabric Sofa,1,20552.3,5,20552.3,1898.83
2534,2022-11-05,East,Assam,Dibrugarh,Clothing,Menswear,Jeans,1,420.8,20,420.8,59.93
2535,2023-09-04,South,Tamil Nadu,Chennai,Furniture,Chairs,Ergonomic Office Chair,2,5000.8,5,10001.6,1935.29
2536,2023-09-16,West,Maharashtra,Mumbai,Clothing,Footwear,Formal Shoes,6,2463.0,0,14778.0,3034.54
2537,2024-06-08,West,Gujarat,Surat,Clothing,Womenswear,Saree,3,362.0,0,1086.0,115.52
2538,2024-04-09,West,Madhya Pradesh,Bhopal,Clothing,Footwear,Running Shoes,3,2536.8,40,7610.4,746.12
2539,2024-09-19,West,Maharashtra,Nagpur,Clothing,Menswear,Casual T-Shirt,3,1852.5,5,5557.5,1330.55
2540,2024-06-12,North,Uttar Pradesh,Kanpur,Office Supplies,Printers,HP Inkjet Printer,2,7153.8,40,14307.6,3031.7
2541,2024-12-28,South,Andhra Pradesh,Guntur,Office Supplies,Ink & Toner,Canon Toner,2,205.2,5,410.4,85.18
2542,2022-12-01,North,Rajasthan,Udaipur,Office Supplies,Printers,Canon Laser Printer,2,4665.5,30,9331.0,1960.44
2543,2024-10-23,North,Uttar Pradesh,Noida,Clothing,Menswear,Casual T-Shirt,6,4527.0,0,27162.0,3759.67
2544,2023-06-08,West,Madhya Pradesh,Bhopal,Clothing,Footwear,Sandals,5,2035.6,30,10178.0,1511.72
2545,2024-06-27,East,Odisha,Bhubaneswar,Electronics,Televisions,"Sony Bravia 43""",2,59769.0,0,119538.0,11995.66
2546,2022-10-16,East,Assam,Guwahati,Electronics,Mobile Phones,OnePlus 12R,3,43763.2,20,131289.6,20107.22
2547,2023-11-08,East,Bihar,Gaya,Office Supplies,Printers,Canon Laser Printer,1,7068.6,10,7068.6,362.73
2548,2022-04-18,East,Bihar,Gaya,Furniture,Chairs,Wooden Dining Chair,1,6521.2,15,6521.2,709.06
2549,2022-08-07,West,Goa,Margao,Electronics,Televisions,"LG 55"" UHD",1,21469.6,20,21469.6,3171.08
2550,2024-05-22,North,Haryana,Faridabad,Electronics,Mobile Phones,OnePlus 12R,1,24079.2,40,24079.2,1487.18
2551,2023-07-03,North,Rajasthan,Udaipur,Clothing,Menswear,Jeans,1,4167.0,10,4167.0,237.48
2552,2023-03-12,South,Kerala,Thiruvananthapuram,Electronics,Televisions,"Samsung 50"" Crystal",4,68237.55,5,272950.2,26676.35
2553,2022-08-13,East,Bihar,Patna,Office Supplies,Printers,HP Inkjet Printer,4,5703.3,10,22813.2,6323.98
2554,2024-10-17,North,Rajasthan,Jodhpur,Electronics,Accessories,Wireless Earbuds,2,58183.2,10,116366.4,4724.41
2555,2022-07-04,North,Haryana,Faridabad,Electronics,Televisions,"Sony Bravia 43""",3,16876.8,40,50630.4,6286.99
2556,2024-07-30,East,Assam,Dibrugarh,Office Supplies,Stationery,Notebook Bundle,3,4983.3,30,14949.9,3228.82
2557,2023-02-17,North,Rajasthan,Jodhpur,Clothing,Footwear,Sandals,3,1397.7,10,4193.1,833.34
2558,2023-03-27,East,West Bengal,Siliguri,Office Supplies,Ink & Toner,Canon Toner,6,5755.5,25,34533.0,4050.14
2559,2024-11-23,East,Odisha,Bhubaneswar,Clothing,Womenswear,Saree,5,703.5,30,3517.5,922.87
2560,2022-07-04,North,Haryana,Gurugram,Clothing,Womenswear,Dress,5,2847.0,40,14235.0,3448.78
2561,2023-04-28,North,Uttar Pradesh,Noida,Electronics,Televisions,"Samsung 50"" Crystal",5,8651.25,25,43256.25,4978.94
2562,2022-04-26,East,Bihar,Gaya,Clothing,Menswear,Casual T-Shirt,4,2375.0,0,9500.0,1845.26
2563,2024-06-30,West,Goa,Panaji,Electronics,Mobile Phones,OnePlus 12R,6,30210.7,15,181264.2,18424.78
2564,2023-10-19,South,Kerala,Kozhikode,Office Supplies,Printers,Canon Laser Printer,2,3232.8,10,6465.6,1141.91
2565,2024-06-26,South,Telangana,Hyderabad,Clothing,Womenswear,Kurti,2,1083.95,5,2167.9,165.49
2566,2023-11-15,South,Telangana,Karimnagar,Clothing,Footwear,Running Shoes,5,4251.0,0,21255.0,5537.86
2567,2022-04-07,North,Uttar Pradesh,Noida,Furniture,Tables,Coffee Table,5,14138.4,20,70692.0,14287.64
2568,2022-04-01,West,Madhya Pradesh,Bhopal,Furniture,Tables,Coffee Table,3,3482.1,10,10446.3,2299.64
2569,2023-03-23,West,Goa,Panaji,Office Supplies,Printers,HP Inkjet Printer,3,5248.8,40,15746.4,2973.01
2570,2023-04-01,West,Goa,Panaji,Office Supplies,Printers,HP Inkjet Printer,1,897.0,25,897.0,241.05
2571,2023-10-23,North,Punjab,Amritsar,Clothing,Menswear,Casual T-Shirt,6,861.0,0,5166.0,950.75
2572,2024-07-11,South,Telangana,Hyderabad,Office Supplies,Ink & Toner,Canon Toner,3,3945.6,20,11836.8,3249.85
2573,2023-08-24,North,Punjab,Amritsar,Clothing,Womenswear,Kurti,1,2148.75,25,2148.75,215.49
2574,2024-10-18,North,Delhi,Dwarka,Clothing,Womenswear,Ethnic Set,6,1092.0,25,6552.0,679.51
2575,2024-11-08,North,Delhi,New Delhi,Electronics,Accessories,Bluetooth Speaker,6,45490.75,5,272944.5,16925.84
2576,2024-02-03,West,Goa,Panaji,Clothing,Womenswear,Kurti,4,2548.5,25,10194.0,2172.08
2577,2024-03-07,South,Karnataka,Hubballi,Office Supplies,Ink & Toner,Canon Toner,6,4877.4,40,29264.4,2236.62
2578,2022-05-11,West,Maharashtra,Pune,Furniture,Sofas,Recliner Sofa,6,29508.0,0,177048.0,35139.07
2579,2022-07-22,West,Goa,Margao,Clothing,Footwear,Running Shoes,6,3178.5,25,19071.0,2215.94
2580,2022-09-21,North,Rajasthan,Jodhpur,Office Supplies,Ink & Toner,HP Ink Cartridge,2,7109.0,0,14218.0,2591.68
2581,2023-01-19,North,Punjab,Ludhiana,Clothing,Womenswear,Kurti,5,3817.0,0,19085.0,960.82
2582,2023-10-04,North,Haryana,Gurugram,Electronics,Laptops,HP Pavilion,2,36859.0,0,73718.0,2221.26
2583,2024-05-17,East,Assam,Dibrugarh,Electronics,Mobile Phones,OnePlus 12R,4,15713.1,10,62852.4,8421.93
2584,2022-09-04,South,Kerala,Kochi,Furniture,Tables,Coffee Table,1,18340.0,20,18340.0,4636.11
2585,2022-10-14,East,West Bengal,Kolkata,Clothing,Menswear,Sherwani,2,2939.4,40,5878.8,1351.7
2586,2023-11-17,North,Uttar Pradesh,Noida,Clothing,Womenswear,Dress,1,418.5,10,418.5,110.18
2587,2023-10-25,North,Haryana,Faridabad,Electronics,Laptops,Lenovo IdeaPad,3,39453.5,5,118360.5,5359.31
2588,2023-04-14,West,Madhya Pradesh,Indore,Furniture,Sofas,L-Shaped Sofa,3,23604.5,15,70813.5,14724.02
2589,2023-08-22,North,Uttar Pradesh,Varanasi,Electronics,Mobile Phones,iPhone 14,6,40817.4,40,244904.4,33146.81
2590,2023-03-14,South,Karnataka,Bengaluru,Office Supplies,Printers,HP Inkjet Printer,4,4977.7,30,19910.8,1885.42
2591,2024-12-18,South,Andhra Pradesh,Vijayawada,Clothing,Menswear,Formal Shirt,3,2908.0,0,8724.0,2318.96
2592,2023-05-28,East,Assam,Guwahati,Electronics,Mobile Phones,OnePlus 12R,5,18173.0,0,90865.0,9642.55
2593,2023-10-18,North,Haryana,Faridabad,Electronics,Televisions,"Samsung 50"" Crystal",5,7470.9,10,37354.5,2025.17
2594,2022-05-28,West,Gujarat,Vadodara,Furniture,Sofas,L-Shaped Sofa,1,14347.85,5,14347.85,3881.89
2595,2023-11-18,South,Karnataka,Bengaluru,Furniture,Chairs,Wooden Dining Chair,1,17565.6,20,17565.6,2530.1
2596,2022-03-17,South,Karnataka,Mysuru,Furniture,Sofas,3-Seater Fabric Sofa,4,18405.3,5,73621.2,5860.74
2597,2022-10-07,South,Karnataka,Bengaluru,Furniture,Tables,Office Desk,2,27408.0,0,54816.0,3946.17
2598,2023-06-09,North,Uttar Pradesh,Lucknow,Furniture,Tables,Office Desk,2,14897.0,0,29794.0,6948.55
2599,2022-11-21,West,Goa,Margao,Office Supplies,Printers,HP Inkjet Printer,2,7515.9,10,15031.8,3422.42
2600,2023-09-03,East,West Bengal,Kolkata,Office Supplies,Ink & Toner,Canon Toner,4,1798.8,40,7195.2,1933.16
2601,2023-05-22,East,Assam,Guwahati,Office Supplies,Ink & Toner,Canon Toner,2,5986.0,0,11972.0,1519.96
2602,2024-04-07,West,Maharashtra,Nagpur,Clothing,Womenswear,Saree,3,447.6,40,1342.8,350.08
2603,2024-05-02,West,Madhya Pradesh,Bhopal,Furniture,Tables,Coffee Table,5,12092.4,10,60462.0,15869.76
2604,2024-03-17,West,Gujarat,Surat,Furniture,Storage,Wardrobe 4-Door,6,17435.7,10,104614.2,26342.78
2605,2024-03-06,North,Haryana,Gurugram,Office Supplies,Printers,HP Inkjet Printer,2,3032.1,10,6064.2,755.09
2606,2023-08-10,West,Madhya Pradesh,Indore,Electronics,Televisions,"Sony Bravia 43""",4,16369.2,40,65476.8,7166.32
2607,2022-06-08,West,Gujarat,Vadodara,Electronics,Mobile Phones,OnePlus 12R,5,30407.4,10,152037.0,3532.88
2608,2023-03-03,East,West Bengal,Howrah,Furniture,Sofas,3-Seater Fabric Sofa,3,24210.2,30,72630.6,18603.21
2609,2023-03-02,South,Karnataka,Mysuru,Furniture,Chairs,Gaming Chair,4,22978.6,5,91914.4,20422.74
2610,2022-12-03,West,Goa,Margao,Furniture,Tables,Office Desk,1,12089.0,0,12089.0,1202.89
2611,2023-06-22,South,Andhra Pradesh,Visakhapatnam,Clothing,Footwear,Formal Shoes,6,584.4,40,3506.4,505.97
2612,2022-02-22,North,Uttar Pradesh,Varanasi,Furniture,Sofas,3-Seater Fabric Sofa,1,6024.0,40,6024.0,339.36
2613,2023-05-21,West,Maharashtra,Mumbai,Furniture,Tables,Dining Table 6-Seater,3,12839.25,25,38517.75,7744.46
2614,2023-07-15,South,Karnataka,Bengaluru,Office Supplies,Stationery,Notebook Bundle,1,8237.0,0,8237.0,551.88
2615,2022-07-06,South,Karnataka,Hubballi,Electronics,Mobile Phones,Samsung Galaxy A54,3,20421.8,30,61265.4,8351.16
2616,2022-09-01,South,Andhra Pradesh,Vijayawada,Furniture,Chairs,Ergonomic Office Chair,1,17906.4,10,17906.4,3174.97
2617,2023-03-06,South,Tamil Nadu,Chennai,Clothing,Footwear,Sandals,1,1352.4,30,1352.4,186.49
2618,2022-06-13,East,West Bengal,Siliguri,Electronics,Televisions,"Sony Bravia 43""",2,25725.0,0,51450.0,8205.77
2619,2022-01-09,South,Karnataka,Bengaluru,Electronics,Laptops,Asus Vivobook,6,47200.0,0,283200.0,36296.32
2620,2024-01-25,West,Madhya Pradesh,Indore,Electronics,Laptops,Dell Inspiron 15,1,58756.8,20,58756.8,2179.64
2621,2023-08-10,North,Delhi,Dwarka,Office Supplies,Stationery,A4 Paper Ream,6,4799.95,15,28799.7,1780.45
2622,2023-01-15,East,Bihar,Gaya,Office Supplies,Stationery,Gel Pen Pack,2,1310.05,5,2620.1,512.46
2623,2023-08-03,South,Tamil Nadu,Madurai,Office Supplies,Ink & Toner,Canon Toner,4,2865.0,40,11460.0,3161.29
2624,2022-03-04,West,Madhya Pradesh,Bhopal,Office Supplies,Ink & Toner,Canon Toner,2,7999.95,5,15999.9,3934.37
2625,2023-01-13,South,Tamil Nadu,Chennai,Clothing,Womenswear,Saree,6,415.8,10,2494.8,344.38
2626,2022-01-17,South,Andhra Pradesh,Guntur,Office Supplies,Stationery,A4 Paper Ream,1,10232.45,5,10232.45,1125.12
2627,2024-11-14,South,Andhra Pradesh,Vijayawada,Clothing,Womenswear,Kurti,6,952.0,30,5712.0,470.47
2628,2024-08-24,North,Rajasthan,Udaipur,Electronics,Mobile Phones,iPhone 14,6,20402.2,30,122413.2,4986.09
2629,2022-12-25,West,Maharashtra,Nagpur,Clothing,Womenswear,Saree,5,2684.0,0,13420.0,674.98
2630,2022-07-08,West,Madhya Pradesh,Indore,Furniture,Chairs,Ergonomic Office Chair,6,16268.15,15,97608.9,9241.14
2631,2022-12-04,North,Delhi,Dwarka,Office Supplies,Stationery,Notebook Bundle,6,5560.8,40,33364.8,7494.04
2632,2024-12-09,North,Rajasthan,Jaipur,Electronics,Mobile Phones,iPhone 14,1,45709.0,0,45709.0,4838.62
2633,2024-11-11,South,Karnataka,Mysuru,Clothing,Footwear,Formal Shoes,4,4760.0,0,19040.0,1719.61
2634,2024-11-10,North,Delhi,Dwarka,Furniture,Chairs,Gaming Chair,5,10739.4,40,53697.0,12232.98
2635,2022-10-26,East,Bihar,Patna,Clothing,Footwear,Sandals,1,2462.45,15,2462.45,641.33
2636,2023-09-19,South,Kerala,Thiruvananthapuram,Furniture,Sofas,L-Shaped Sofa,5,36109.8,10,180549.0,23947.26
2637,2022-11-10,East,West Bengal,Howrah,Electronics,Mobile Phones,OnePlus 12R,3,47324.25,25,141972.75,17868.75
2638,2024-01-31,South,Andhra Pradesh,Tirupati,Office Supplies,Stationery,Gel Pen Pack,4,7002.0,0,28008.0,3325.49
2639,2022-04-30,North,Delhi,Dwarka,Furniture,Storage,TV Unit,4,40456.8,10,161827.2,18116.76
2640,2024-10-18,North,Haryana,Gurugram,Office Supplies,Ink & Toner,HP Ink Cartridge,2,2701.8,10,5403.6,906.86
2641,2022-03-07,East,Odisha,Cuttack,Electronics,Accessories,Bluetooth Speaker,2,42145.6,30,84291.2,5674.92
2642,2024-07-28,South,Tamil Nadu,Chennai,Clothing,Footwear,Formal Shoes,1,2454.0,25,2454.0,157.37
2643,2023-03-13,North,Rajasthan,Jodhpur,Office Supplies,Printers,HP Inkjet Printer,2,10104.2,5,20208.4,3452.26
2644,2023-04-09,South,Telangana,Karimnagar,Clothing,Womenswear,Saree,6,796.5,25,4779.0,563.74
2645,2022-11-18,North,Delhi,Dwarka,Electronics,Televisions,"LG 55"" UHD",5,18706.2,40,93531.0,4176.44
2646,2024-04-11,North,Punjab,Chandigarh,Clothing,Menswear,Jeans,3,1283.4,40,3850.2,331.44
2647,2022-04-03,West,Maharashtra,Pune,Furniture,Sofas,L-Shaped Sofa,1,8965.8,10,8965.8,884.73
2648,2023-04-08,East,West Bengal,Siliguri,Electronics,Mobile Phones,Samsung Galaxy A54,6,8672.8,20,52036.8,1765.24
2649,2022-10-27,West,Madhya Pradesh,Bhopal,Clothing,Menswear,Casual T-Shirt,3,2997.6,40,8992.8,2128.92
2650,2022-10-20,West,Goa,Panaji,Furniture,Tables,Dining Table 6-Seater,4,30154.5,10,120618.0,15227.35
2651,2023-08-17,West,Gujarat,Surat,Electronics,Mobile Phones,iPhone 14,3,33665.0,0,100995.0,11494.36
2652,2024-10-18,East,Assam,Dibrugarh,Electronics,Accessories,Smart Watch,6,69725.0,0,418350.0,54270.66
2653,2022-11-24,West,Madhya Pradesh,Indore,Clothing,Footwear,Running Shoes,6,2264.0,0,13584.0,2788.65
2654,2024-03-11,East,West Bengal,Howrah,Clothing,Footwear,Formal Shoes,2,1339.2,10,2678.4,555.26
2655,2022-09-10,North,Delhi,New Delhi,Clothing,Footwear,Sandals,6,3277.8,10,19666.8,5106.91
2656,2022-06-21,North,Rajasthan,Jodhpur,Furniture,Sofas,3-Seater Fabric Sofa,1,19634.4,40,19634.4,4379.23
2657,2022-11-01,South,Telangana,Hyderabad,Office Supplies,Printers,Canon Laser Printer,5,6056.25,5,30281.25,8276.07
2658,2023-06-13,North,Punjab,Ludhiana,Office Supplies,Ink & Toner,HP Ink Cartridge,3,2434.0,0,7302.0,530.29
2659,2023-12-25,East,Assam,Dibrugarh,Furniture,Storage,Bookshelf,2,6809.6,5,13619.2,3792.77
2660,2023-10-10,North,Uttar Pradesh,Noida,Office Supplies,Ink & Toner,Canon Toner,3,7054.2,10,21162.6,3632.67
2661,2024-11-13,East,Odisha,Bhubaneswar,Office Supplies,Ink & Toner,Canon Toner,6,404.0,20,2424.0,469.91
2662,2023-10-07,East,Odisha,Cuttack,Office Supplies,Printers,Canon Laser Printer,1,5294.25,25,5294.25,1331.17
2663,2024-10-05,North,Haryana,Gurugram,Clothing,Footwear,Running Shoes,3,793.8,40,2381.4,179.45
2664,2023-01-17,North,Haryana,Faridabad,Clothing,Footwear,Sandals,6,2571.6,40,15429.6,2416.85
2665,2022-10-08,West,Maharashtra,Nashik,Electronics,Laptops,HP Pavilion,6,17889.9,30,107339.4,12375.03
2666,2022-10-22,North,Punjab,Amritsar,Furniture,Sofas,Recliner Sofa,6,17814.0,25,106884.0,15182.47
2667,2024-06-30,North,Punjab,Amritsar,Furniture,Tables,Office Desk,4,3119.8,5,12479.2,3159.17
2668,2022-11-07,South,Kerala,Thiruvananthapuram,Office Supplies,Stationery,Gel Pen Pack,3,2723.25,25,8169.75,1678.15
2669,2024-02-20,North,Rajasthan,Udaipur,Clothing,Womenswear,Kurti,6,2698.2,10,16189.2,3068.11
2670,2022-09-30,West,Madhya Pradesh,Bhopal,Electronics,Mobile Phones,Redmi Note 13,2,25369.2,40,50738.4,7624.66
2671,2024-02-06,South,Andhra Pradesh,Vijayawada,Office Supplies,Printers,Canon Laser Printer,1,6190.1,30,6190.1,1559.21
2672,2024-11-09,South,Karnataka,Mysuru,Electronics,Mobile Phones,iPhone 14,1,34914.4,20,34914.4,2579.99
2673,2024-11-08,North,Haryana,Gurugram,Electronics,Accessories,Smart Watch,4,34069.0,30,136276.0,3678.28
2674,2022-03-28,South,Andhra Pradesh,Tirupati,Office Supplies,Printers,Canon Laser Printer,4,6781.5,10,27126.0,1581.48
2675,2022-03-18,East,West Bengal,Howrah,Furniture,Storage,TV Unit,1,6384.7,30,6384.7,1681.75
2676,2022-08-20,East,Assam,Dibrugarh,Office Supplies,Ink & Toner,HP Ink Cartridge,6,5197.5,25,31185.0,7797.83
2677,2023-10-20,West,Gujarat,Surat,Furniture,Chairs,Gaming Chair,6,35308.15,15,211848.9,32018.48
2678,2022-11-04,North,Haryana,Gurugram,Furniture,Tables,Coffee Table,2,29226.0,0,58452.0,9216.05
2679,2024-09-14,South,Andhra Pradesh,Guntur,Office Supplies,Printers,Canon Laser Printer,5,3202.2,10,16011.0,824.34
2680,2024-11-21,North,Punjab,Chandigarh,Clothing,Womenswear,Ethnic Set,5,697.0,15,3485.0,824.31
2681,2022-05-06,North,Rajasthan,Jodhpur,Office Supplies,Printers,HP Inkjet Printer,2,7803.0,0,15606.0,2701.23
2682,2024-08-24,South,Tamil Nadu,Chennai,Furniture,Storage,Bookshelf,4,9539.1,10,38156.4,3138.29
2683,2022-09-20,East,Assam,Guwahati,Electronics,Mobile Phones,Samsung Galaxy A54,4,17927.45,5,71709.8,8625.68
2684,2023-07-25,West,Goa,Margao,Furniture,Sofas,L-Shaped Sofa,6,19377.6,40,116265.6,28121.19
2685,2024-08-30,West,Madhya Pradesh,Bhopal,Clothing,Womenswear,Ethnic Set,4,2340.1,30,9360.4,2308.08
2686,2023-02-03,West,Maharashtra,Mumbai,Office Supplies,Stationery,A4 Paper Ream,3,10193.4,10,30580.2,7017.43
2687,2023-01-09,South,Kerala,Kochi,Office Supplies,Stationery,Notebook Bundle,6,448.2,10,2689.2,430.26
2688,2023-05-14,South,Karnataka,Mysuru,Electronics,Mobile Phones,iPhone 14,1,19575.7,5,19575.7,1539.99
2689,2022-03-04,North,Punjab,Ludhiana,Furniture,Chairs,Gaming Chair,3,33539.3,15,100617.9,11719.48
2690,2024-10-21,West,Madhya Pradesh,Indore,Furniture,Sofas,L-Shaped Sofa,5,30538.8,10,152694.0,21134.82
2691,2024-10-31,East,Bihar,Patna,Furniture,Sofas,3-Seater Fabric Sofa,1,9672.0,20,9672.0,1295.27
2692,2024-11-27,East,Bihar,Gaya,Furniture,Storage,TV Unit,2,3012.45,5,6024.9,330.06
2693,2022-06-26,East,West Bengal,Howrah,Electronics,Mobile Phones,iPhone 14,3,28259.2,20,84777.6,13022.7
2694,2023-10-18,North,Punjab,Amritsar,Furniture,Sofas,3-Seater Fabric Sofa,1,3829.7,30,3829.7,914.43
2695,2023-04-26,East,West Bengal,Siliguri,Electronics,Accessories,Wireless Earbuds,2,38230.0,0,76460.0,5116.28
2696,2022-04-14,North,Delhi,Dwarka,Furniture,Storage,Bookshelf,4,17943.6,5,71774.4,12400.58
2697,2022-06-18,North,Punjab,Amritsar,Electronics,Accessories,Bluetooth Speaker,4,37449.9,10,149799.6,4540.58
2698,2022-06-30,West,Gujarat,Vadodara,Furniture,Sofas,Recliner Sofa,4,9774.0,40,39096.0,6485.35
2699,2022-10-13,South,Karnataka,Bengaluru,Clothing,Footwear,Running Shoes,4,485.0,0,1940.0,277.95
2700,2024-09-21,South,Kerala,Thiruvananthapuram,Clothing,Womenswear,Saree,6,2654.4,30,15926.4,2722.97
2701,2024-01-03,East,Odisha,Cuttack,Clothing,Menswear,Jeans,2,2720.2,30,5440.4,1311.6
2702,2024-11-20,North,Punjab,Amritsar,Clothing,Menswear,Sherwani,3,2793.0,40,8379.0,420.25
2703,2023-08-20,North,Haryana,Gurugram,Furniture,Chairs,Gaming Chair,5,27580.0,20,137900.0,17130.59
2704,2024-10-12,South,Kerala,Kochi,Office Supplies,Ink & Toner,HP Ink Cartridge,3,11792.0,0,35376.0,8059.98
2705,2024-03-04,North,Rajasthan,Jaipur,Furniture,Chairs,Gaming Chair,3,38021.0,0,114063.0,22710.63
2706,2023-09-24,South,Andhra Pradesh,Guntur,Electronics,Mobile Phones,Redmi Note 13,3,30351.3,30,91053.9,13904.4
2707,2024-10-03,East,West Bengal,Siliguri,Furniture,Sofas,3-Seater Fabric Sofa,5,3971.0,5,19855.0,2544.93
2708,2022-01-28,East,West Bengal,Howrah,Office Supplies,Stationery,Notebook Bundle,1,5506.2,5,5506.2,480.54
2709,2023-01-23,North,Delhi,New Delhi,Clothing,Menswear,Formal Shirt,1,391.4,5,391.4,92.7
2710,2024-05-17,East,Bihar,Patna,Clothing,Footwear,Sandals,3,902.7,10,2708.1,325.43
2711,2024-10-12,East,Assam,Guwahati,Office Supplies,Ink & Toner,Canon Toner,3,4317.0,0,12951.0,1483.64
2712,2024-05-07,North,Haryana,Gurugram,Office Supplies,Ink & Toner,HP Ink Cartridge,6,5742.4,20,34454.4,8316.9
2713,2023-03-19,East,Bihar,Gaya,Furniture,Tables,Dining Table 6-Seater,6,25486.5,25,152919.0,7806.87
2714,2024-11-06,West,Gujarat,Ahmedabad,Clothing,Footwear,Sandals,2,2266.2,40,4532.4,946.44
2715,2022-03-06,West,Goa,Panaji,Office Supplies,Ink & Toner,HP Ink Cartridge,5,3419.25,25,17096.25,1504.34
2716,2022-01-17,North,Haryana,Gurugram,Furniture,Sofas,Recliner Sofa,4,10736.4,40,42945.6,5256.04
2717,2023-12-09,South,Telangana,Karimnagar,Electronics,Mobile Phones,OnePlus 12R,2,44131.15,15,88262.3,2240.38
2718,2022-09-29,South,Karnataka,Mysuru,Electronics,Laptops,Dell Inspiron 15,3,33713.6,5,101140.8,14891.95
2719,2024-10-03,West,Gujarat,Ahmedabad,Electronics,Mobile Phones,Redmi Note 13,2,51504.25,5,103008.5,7844.58
2720,2023-06-26,East,Assam,Guwahati,Office Supplies,Stationery,Notebook Bundle,1,3429.0,10,3429.0,608.38
2721,2023-12-18,West,Maharashtra,Nagpur,Clothing,Menswear,Formal Shirt,5,669.0,25,3345.0,679.3
2722,2023-09-16,West,Goa,Panaji,Clothing,Footwear,Running Shoes,4,4704.0,0,18816.0,2739.96
2723,2023-02-14,West,Madhya Pradesh,Indore,Furniture,Sofas,Recliner Sofa,3,22036.8,20,66110.4,7218.29
2724,2022-07-27,East,West Bengal,Siliguri,Office Supplies,Ink & Toner,HP Ink Cartridge,5,1660.2,40,8301.0,1601.51
2725,2022-05-02,North,Delhi,Dwarka,Furniture,Sofas,3-Seater Fabric Sofa,5,7833.0,0,39165.0,4757.6
2726,2022-10-20,North,Punjab,Ludhiana,Furniture,Sofas,3-Seater Fabric Sofa,2,12611.9,30,25223.8,6814.77
2727,2023-09-24,South,Karnataka,Hubballi,Furniture,Sofas,3-Seater Fabric Sofa,3,29262.0,0,87786.0,21733.6
2728,2022-10-24,North,Delhi,New Delhi,Office Supplies,Stationery,Gel Pen Pack,3,6034.4,5,18103.2,3429.96
2729,2022-05-11,West,Goa,Panaji,Office Supplies,Ink & Toner,Canon Toner,2,10563.3,10,21126.6,2264.95
2730,2024-02-02,South,Andhra Pradesh,Visakhapatnam,Clothing,Womenswear,Kurti,6,3412.4,5,20474.4,4241.55
2731,2024-08-15,East,Bihar,Patna,Clothing,Menswear,Jeans,5,933.0,0,4665.0,1017.74
2732,2024-09-28,North,Uttar Pradesh,Lucknow,Furniture,Storage,TV Unit,1,25607.2,20,25607.2,5862.6
2733,2024-01-06,East,Assam,Guwahati,Clothing,Footwear,Formal Shoes,3,640.8,10,1922.4,217.34
2734,2022-04-15,North,Delhi,New Delhi,Clothing,Footwear,Sandals,2,477.0,10,954.0,211.12
2735,2023-09-27,South,Telangana,Karimnagar,Office Supplies,Ink & Toner,Canon Toner,4,3640.5,10,14562.0,756.6
2736,2023-02-26,East,Bihar,Gaya,Electronics,Laptops,HP Pavilion,4,66770.1,10,267080.4,36380.26
2737,2022-09-28,South,Andhra Pradesh,Guntur,Electronics,Laptops,HP Pavilion,3,51471.0,10,154413.0,6540.26
2738,2022-01-06,North,Haryana,Gurugram,Furniture,Sofas,Recliner Sofa,6,5622.4,30,33734.4,2629.88
2739,2024-04-21,South,Telangana,Karimnagar,Electronics,Televisions,"Sony Bravia 43""",6,40499.2,30,242995.2,25016.73
2740,2023-09-20,East,Assam,Guwahati,Electronics,Mobile Phones,Samsung Galaxy A54,3,24960.0,0,74880.0,11629.86
2741,2022-01-19,East,Odisha,Cuttack,Office Supplies,Stationery,Notebook Bundle,6,2328.0,25,13968.0,719.02
2742,2024-01-31,South,Kerala,Kochi,Office Supplies,Ink & Toner,Canon Toner,3,6684.2,5,20052.6,3847.53
2743,2023-12-06,South,Kerala,Kochi,Clothing,Womenswear,Ethnic Set,1,841.4,30,841.4,138.92
2744,2022-10-17,North,Rajasthan,Jodhpur,Clothing,Menswear,Jeans,6,4234.5,10,25407.0,6763.08
2745,2024-02-02,North,Punjab,Chandigarh,Furniture,Storage,TV Unit,3,12483.0,10,37449.0,7619.37
2746,2022-05-21,East,Assam,Guwahati,Clothing,Womenswear,Saree,6,1154.0,0,6924.0,1629.03
2747,2023-09-03,South,Karnataka,Bengaluru,Office Supplies,Ink & Toner,HP Ink Cartridge,1,5644.0,20,5644.0,622.22
2748,2024-03-06,East,Assam,Guwahati,Furniture,Storage,TV Unit,5,2236.5,30,11182.5,1124.67
2749,2023-04-12,North,Delhi,Dwarka,Furniture,Tables,Office Desk,5,11190.4,20,55952.0,7042.18
2750,2023-04-02,South,Karnataka,Bengaluru,Clothing,Footwear,Sandals,2,3752.5,5,7505.0,596.68
2751,2022-11-18,South,Kerala,Kochi,Electronics,Mobile Phones,Samsung Galaxy A54,4,45368.25,25,181473.0,16988.57
2752,2024-12-02,East,Bihar,Gaya,Electronics,Accessories,Smart Watch,2,19757.7,10,39515.4,3812.44
2753,2024-05-05,South,Kerala,Kozhikode,Electronics,Mobile Phones,OnePlus 12R,1,58044.0,20,58044.0,8162.14
2754,2022-12-11,West,Goa,Margao,Furniture,Storage,Wardrobe 4-Door,4,32173.5,25,128694.0,33484.49
2755,2024-11-04,North,Rajasthan,Udaipur,Electronics,Televisions,"Samsung 50"" Crystal",2,10655.25,25,21310.5,655.52
2756,2024-10-08,North,Delhi,Dwarka,Furniture,Tables,Coffee Table,1,6832.3,15,6832.3,762.38
2757,2022-04-03,South,Telangana,Warangal,Furniture,Chairs,Wooden Dining Chair,3,33128.1,10,99384.3,12780.99
2758,2022-09-11,West,Gujarat,Vadodara,Furniture,Tables,Coffee Table,3,19020.6,40,57061.8,12047.44
2759,2023-01-13,South,Karnataka,Mysuru,Clothing,Menswear,Formal Shirt,6,555.0,0,3330.0,699.73
2760,2024-03-20,West,Goa,Margao,Electronics,Laptops,Lenovo IdeaPad,3,34774.2,10,104322.6,13419.78
2761,2023-05-12,East,Assam,Dibrugarh,Electronics,Televisions,"Samsung 50"" Crystal",6,36066.0,25,216396.0,8436.33
2762,2022-03-07,North,Delhi,Dwarka,Clothing,Footwear,Running Shoes,3,4413.0,0,13239.0,864.57
2763,2023-02-27,East,Odisha,Cuttack,Clothing,Menswear,Sherwani,6,1893.6,10,11361.6,3114.93
2764,2023-01-05,North,Uttar Pradesh,Varanasi,Electronics,Laptops,Dell Inspiron 15,4,34165.75,15,136663.0,8636.52
2765,2022-01-30,South,Karnataka,Mysuru,Office Supplies,Stationery,Gel Pen Pack,5,10561.15,5,52805.75,11058.54
2766,2024-01-24,West,Madhya Pradesh,Bhopal,Office Supplies,Ink & Toner,HP Ink Cartridge,1,5094.0,10,5094.0,264.15
2767,2023-08-07,East,Bihar,Patna,Electronics,Laptops,Asus Vivobook,1,44938.8,10,44938.8,6175.84
2768,2022-04-25,North,Punjab,Chandigarh,Electronics,Mobile Phones,Redmi Note 13,3,55330.85,5,165992.55,20733.94
2769,2022-12-26,North,Uttar Pradesh,Noida,Clothing,Footwear,Formal Shoes,4,975.0,40,3900.0,506.24
2770,2023-04-20,South,Kerala,Thiruvananthapuram,Electronics,Mobile Phones,Redmi Note 13,5,9621.6,5,48108.0,2850.98
2771,2022-11-01,East,Assam,Guwahati,Furniture,Chairs,Gaming Chair,2,15857.8,30,31715.6,5995.42
2772,2023-05-03,East,Bihar,Patna,Clothing,Womenswear,Dress,6,2893.5,10,17361.0,1569.74
2773,2022-12-28,North,Rajasthan,Jodhpur,Office Supplies,Stationery,Gel Pen Pack,3,429.25,15,1287.75,112.69
2774,2024-12-07,West,Goa,Margao,Electronics,Laptops,Asus Vivobook,5,53809.25,15,269046.25,28016.21
2775,2024-08-21,South,Karnataka,Mysuru,Electronics,Laptops,Dell Inspiron 15,1,36815.1,30,36815.1,5630.34
2776,2023-08-07,East,Assam,Dibrugarh,Clothing,Womenswear,Dress,4,841.5,25,3366.0,710.44
2777,2024-06-06,South,Karnataka,Hubballi,Clothing,Menswear,Formal Shirt,1,3920.0,0,3920.0,499.59
2778,2024-05-07,West,Maharashtra,Nagpur,Electronics,Televisions,"Sony Bravia 43""",6,18514.8,10,111088.8,10977.41
2779,2023-01-06,North,Haryana,Faridabad,Office Supplies,Stationery,Gel Pen Pack,3,4110.0,40,12330.0,2859.66
2780,2023-04-15,West,Maharashtra,Pune,Office Supplies,Stationery,Notebook Bundle,4,7000.8,40,28003.2,2481.04
2781,2023-11-10,South,Karnataka,Bengaluru,Furniture,Chairs,Ergonomic Office Chair,6,30654.4,20,183926.4,40693.84
2782,2023-09-09,South,Tamil Nadu,Chennai,Office Supplies,Ink & Toner,HP Ink Cartridge,6,898.2,10,5389.2,669.92
2783,2023-12-20,South,Andhra Pradesh,Vijayawada,Furniture,Storage,TV Unit,5,25435.2,40,127176.0,25328.38
2784,2024-10-28,North,Punjab,Ludhiana,Office Supplies,Ink & Toner,Canon Toner,4,5196.0,20,20784.0,1740.38
2785,2023-03-18,West,Gujarat,Vadodara,Office Supplies,Printers,Canon Laser Printer,6,1869.0,0,11214.0,2299.78
2786,2022-11-05,West,Madhya Pradesh,Bhopal,Electronics,Televisions,"Samsung 50"" Crystal",6,10700.25,25,64201.5,3993.55
2787,2024-01-02,East,Odisha,Cuttack,Furniture,Storage,Wardrobe 4-Door,4,26789.0,30,107156.0,20496.61
2788,2023-08-11,West,Goa,Panaji,Office Supplies,Stationery,Gel Pen Pack,6,450.0,25,2700.0,376.75
2789,2024-05-09,West,Maharashtra,Nagpur,Furniture,Sofas,L-Shaped Sofa,4,15747.0,40,62988.0,9598.43
2790,2023-02-14,South,Karnataka,Mysuru,Furniture,Tables,Dining Table 6-Seater,5,3070.8,40,15354.0,3773.31
2791,2024-02-03,North,Uttar Pradesh,Varanasi,Office Supplies,Printers,HP Inkjet Printer,5,5216.45,15,26082.25,7026.07
2792,2022-03-17,South,Kerala,Kozhikode,Electronics,Mobile Phones,Samsung Galaxy A54,6,32144.0,20,192864.0,5957.86
2793,2024-10-24,East,Bihar,Patna,Electronics,Mobile Phones,iPhone 14,5,28948.0,20,144740.0,4444.98
2794,2023-09-20,East,West Bengal,Siliguri,Clothing,Footwear,Formal Shoes,6,2418.6,40,14511.6,2099.39
2795,2022-10-29,South,Karnataka,Hubballi,Furniture,Chairs,Gaming Chair,3,3689.1,10,11067.3,2381.86
2796,2023-01-16,West,Maharashtra,Nagpur,Office Supplies,Printers,HP Inkjet Printer,5,2428.2,10,12141.0,760.06
2797,2022-05-18,South,Kerala,Thiruvananthapuram,Clothing,Menswear,Casual T-Shirt,4,1397.2,30,5588.8,1038.84
2798,2022-07-04,West,Gujarat,Surat,Clothing,Womenswear,Dress,2,2160.0,10,4320.0,318.45
2799,2024-09-11,West,Maharashtra,Nashik,Clothing,Womenswear,Ethnic Set,4,889.2,10,3556.8,929.37
2800,2022-06-06,North,Delhi,New Delhi,Office Supplies,Ink & Toner,Canon Toner,2,5364.0,0,10728.0,1398.18
2801,2024-12-15,West,Gujarat,Vadodara,Electronics,Televisions,"Samsung 50"" Crystal",5,30584.4,40,152922.0,14244.99
2802,2024-02-08,South,Tamil Nadu,Coimbatore,Office Supplies,Ink & Toner,HP Ink Cartridge,2,8799.3,10,17598.6,3035.29
2803,2022-07-07,South,Andhra Pradesh,Visakhapatnam,Electronics,Accessories,Power Bank,2,37765.8,10,75531.6,11183.35
2804,2022-07-28,West,Gujarat,Surat,Furniture,Chairs,Ergonomic Office Chair,1,26385.3,10,26385.3,1828.1
2805,2023-12-31,South,Andhra Pradesh,Guntur,Furniture,Sofas,3-Seater Fabric Sofa,1,16839.75,25,16839.75,2905.69
2806,2024-04-14,West,Goa,Margao,Clothing,Womenswear,Ethnic Set,2,861.0,30,1722.0,379.97
2807,2022-07-21,West,Goa,Panaji,Electronics,Televisions,"LG 55"" UHD",6,15001.6,20,90009.6,14044.9
2808,2022-07-11,North,Uttar Pradesh,Varanasi,Furniture,Sofas,L-Shaped Sofa,5,28836.3,5,144181.5,29991.66
2809,2024-10-19,East,Odisha,Cuttack,Clothing,Menswear,Formal Shirt,5,2590.2,40,12951.0,3029.43
2810,2022-01-23,North,Uttar Pradesh,Varanasi,Clothing,Menswear,Jeans,5,1803.1,5,9015.5,753.03
2811,2023-07-02,East,Odisha,Cuttack,Furniture,Storage,Wardrobe 4-Door,2,8351.45,5,16702.9,4296.36
2812,2022-04-02,South,Telangana,Karimnagar,Clothing,Menswear,Sherwani,1,1587.45,5,1587.45,175.09
2813,2023-06-24,East,Bihar,Patna,Electronics,Accessories,Wireless Earbuds,6,59108.8,20,354652.8,26563.48
2814,2023-06-16,South,Tamil Nadu,Coimbatore,Office Supplies,Printers,HP Inkjet Printer,2,6362.25,25,12724.5,2766.83
2815,2024-02-20,North,Delhi,New Delhi,Clothing,Footwear,Running Shoes,4,438.0,0,1752.0,487.45
2816,2022-02-01,South,Telangana,Warangal,Electronics,Accessories,Bluetooth Speaker,6,36206.1,10,217236.6,13713.18
2817,2022-09-07,South,Karnataka,Bengaluru,Office Supplies,Printers,HP Inkjet Printer,5,4817.6,20,24088.0,3831.76
2818,2023-11-10,North,Punjab,Ludhiana,Electronics,Accessories,Power Bank,6,37347.6,40,224085.6,32431.61
2819,2024-12-31,North,Rajasthan,Jaipur,Electronics,Mobile Phones,Redmi Note 13,2,32139.2,20,64278.4,9369.15
2820,2024-11-19,West,Madhya Pradesh,Bhopal,Clothing,Footwear,Formal Shoes,5,2151.35,15,10756.75,2521.31
2821,2023-03-25,West,Goa,Margao,Clothing,Womenswear,Saree,1,1893.0,0,1893.0,502.88
2822,2023-10-23,West,Gujarat,Vadodara,Clothing,Womenswear,Ethnic Set,3,1843.8,30,5531.4,767.36
2823,2022-11-17,West,Maharashtra,Mumbai,Clothing,Womenswear,Dress,3,3041.3,15,9123.9,2107.99
2824,2024-06-11,South,Kerala,Thiruvananthapuram,Clothing,Footwear,Sandals,4,4395.6,10,17582.4,2298.4
2825,2024-10-29,South,Andhra Pradesh,Tirupati,Furniture,Sofas,3-Seater Fabric Sofa,6,38685.9,5,232115.4,60826.28
2826,2022-10-24,West,Gujarat,Surat,Furniture,Storage,Bookshelf,4,36185.4,10,144741.6,21748.24
2827,2023-07-17,North,Uttar Pradesh,Varanasi,Electronics,Mobile Phones,iPhone 14,2,52393.6,20,104787.2,7967.42
2828,2024-09-22,West,Goa,Margao,Office Supplies,Printers,HP Inkjet Printer,3,2677.0,0,8031.0,1537.64
2829,2024-06-14,West,Madhya Pradesh,Indore,Clothing,Menswear,Formal Shirt,6,1618.8,40,9712.8,1766.55
2830,2022-08-08,North,Rajasthan,Jodhpur,Clothing,Womenswear,Saree,5,807.5,15,4037.5,1102.5
2831,2023-03-22,South,Tamil Nadu,Coimbatore,Office Supplies,Printers,HP Inkjet Printer,1,2824.2,10,2824.2,282.52
2832,2024-01-30,West,Goa,Margao,Electronics,Televisions,"Samsung 50"" Crystal",5,6559.2,40,32796.0,3856.0
2833,2022-07-24,South,Tamil Nadu,Coimbatore,Office Supplies,Printers,HP Inkjet Printer,2,1033.2,40,2066.4,474.39
2834,2023-11-26,South,Tamil Nadu,Coimbatore,Furniture,Tables,Office Desk,6,30284.25,25,181705.5,27680.38
2835,2023-12-19,West,Maharashtra,Nashik,Electronics,Accessories,Bluetooth Speaker,3,38262.6,10,114787.8,18108.77
2836,2024-06-03,East,West Bengal,Howrah,Clothing,Footwear,Running Shoes,2,517.5,25,1035.0,148.14
2837,2023-05-09,South,Karnataka,Bengaluru,Office Supplies,Ink & Toner,Canon Toner,4,11028.0,0,44112.0,3454.23
2838,2023-11-14,East,Assam,Guwahati,Office Supplies,Ink & Toner,Canon Toner,2,8643.0,25,17286.0,1395.03
2839,2023-11-21,South,Telangana,Warangal,Office Supplies,Ink & Toner,Canon Toner,3,7563.3,15,22689.9,3574.71
2840,2023-10-06,North,Rajasthan,Jodhpur,Office Supplies,Printers,HP Inkjet Printer,6,7458.0,25,44748.0,5964.41
2841,2024-10-24,East,Assam,Guwahati,Furniture,Chairs,Wooden Dining Chair,6,14107.5,10,84645.0,8386.89
2842,2023-09-11,West,Maharashtra,Nashik,Electronics,Accessories,Power Bank,5,59645.7,10,298228.5,36424.04
2843,2024-10-06,East,Odisha,Cuttack,Electronics,Accessories,Bluetooth Speaker,5,39427.5,25,197137.5,29853.76
2844,2024-04-04,East,West Bengal,Kolkata,Clothing,Menswear,Formal Shirt,1,505.0,0,505.0,113.29
2845,2024-02-24,West,Maharashtra,Nashik,Clothing,Footwear,Sandals,2,840.8,20,1681.6,433.67
2846,2022-11-16,West,Gujarat,Vadodara,Clothing,Womenswear,Ethnic Set,6,2819.25,25,16915.5,4735.78
2847,2023-12-31,East,West Bengal,Howrah,Electronics,Televisions,"Sony Bravia 43""",2,32490.9,10,64981.8,8585.29
2848,2022-01-15,North,Delhi,Dwarka,Office Supplies,Stationery,Gel Pen Pack,6,3091.2,20,18547.2,4557.88
2849,2023-04-06,East,Assam,Guwahati,Office Supplies,Ink & Toner,HP Ink Cartridge,2,6481.25,15,12962.5,2956.24
2850,2022-11-11,South,Kerala,Kochi,Office Supplies,Stationery,Notebook Bundle,4,9837.0,0,39348.0,3247.89
2851,2024-11-03,East,Assam,Guwahati,Electronics,Laptops,HP Pavilion,2,25321.5,15,50643.0,7158.04
2852,2024-02-13,South,Kerala,Thiruvananthapuram,Furniture,Chairs,Wooden Dining Chair,3,21483.9,10,64451.7,8819.23
2853,2023-01-06,West,Goa,Margao,Electronics,Mobile Phones,Samsung Galaxy A54,6,39679.5,25,238077.0,11013.74
2854,2022-10-23,South,Kerala,Kochi,Clothing,Footwear,Formal Shoes,5,1904.25,25,9521.25,2532.59
2855,2023-06-17,North,Uttar Pradesh,Lucknow,Electronics,Accessories,Smart Watch,2,39841.0,0,79682.0,2835.16
2856,2024-06-26,North,Punjab,Chandigarh,Furniture,Sofas,Recliner Sofa,4,22076.0,0,88304.0,19288.45
2857,2024-09-16,North,Punjab,Ludhiana,Furniture,Chairs,Ergonomic Office Chair,4,27711.2,20,110844.8,10272.5
2858,2022-07-12,South,Karnataka,Hubballi,Clothing,Footwear,Running Shoes,6,2066.4,40,12398.4,1254.04
2859,2022-11-28,West,Goa,Margao,Office Supplies,Ink & Toner,Canon Toner,4,7837.6,20,31350.4,1834.35
2860,2023-04-18,South,Tamil Nadu,Coimbatore,Electronics,Televisions,"Samsung 50"" Crystal",1,38076.0,0,38076.0,4520.51
2861,2022-09-10,West,Maharashtra,Pune,Clothing,Footwear,Running Shoes,5,3633.3,10,18166.5,1640.16
2862,2023-11-12,South,Kerala,Kochi,Clothing,Footwear,Running Shoes,3,1330.95,5,3992.85,303.49
2863,2024-11-10,West,Maharashtra,Pune,Furniture,Tables,Coffee Table,5,21597.6,40,107988.0,21264.89
2864,2022-01-09,East,Odisha,Cuttack,Electronics,Televisions,"LG 55"" UHD",3,35066.75,15,105200.25,3902.56
2865,2022-11-30,West,Maharashtra,Mumbai,Furniture,Tables,Dining Table 6-Seater,1,16255.8,40,16255.8,2974.54
2866,2023-03-28,East,West Bengal,Howrah,Clothing,Menswear,Sherwani,6,2463.2,20,14779.2,2439.65
2867,2023-09-14,West,Madhya Pradesh,Indore,Office Supplies,Stationery,Gel Pen Pack,3,6294.6,40,18883.8,2337.34
2868,2023-05-05,West,Maharashtra,Nashik,Clothing,Womenswear,Ethnic Set,6,3083.4,10,18500.4,1880.04
2869,2023-10-27,East,Odisha,Bhubaneswar,Clothing,Menswear,Formal Shirt,2,2769.0,25,5538.0,701.48
2870,2024-10-20,West,Goa,Panaji,Electronics,Accessories,Bluetooth Speaker,5,12294.0,10,61470.0,8490.09
2871,2024-03-03,West,Goa,Panaji,Clothing,Menswear,Sherwani,5,2023.5,25,10117.5,1468.23
2872,2022-08-29,South,Tamil Nadu,Madurai,Clothing,Womenswear,Dress,4,2500.8,20,10003.2,1285.68
2873,2022-11-03,East,Odisha,Bhubaneswar,Clothing,Footwear,Sandals,2,2448.0,0,4896.0,1098.61
2874,2023-12-16,South,Tamil Nadu,Coimbatore,Furniture,Storage,Wardrobe 4-Door,2,29854.0,0,59708.0,11565.62
2875,2024-07-23,West,Madhya Pradesh,Indore,Furniture,Storage,Wardrobe 4-Door,4,26678.25,25,106713.0,7047.82
2876,2022-06-24,East,Odisha,Cuttack,Electronics,Laptops,Asus Vivobook,2,30938.65,5,61877.3,3727.41
2877,2022-12-02,North,Delhi,New Delhi,Furniture,Tables,Coffee Table,3,3582.4,20,10747.2,1936.43
2878,2022-01-05,West,Gujarat,Ahmedabad,Office Supplies,Printers,Canon Laser Printer,3,4897.25,5,14691.75,2443.9
2879,2023-05-12,South,Andhra Pradesh,Tirupati,Office Supplies,Printers,Canon Laser Printer,3,4170.0,0,12510.0,3393.02
2880,2024-12-01,West,Gujarat,Surat,Office Supplies,Printers,HP Inkjet Printer,5,3364.8,20,16824.0,3782.55
2881,2024-01-18,South,Tamil Nadu,Madurai,Clothing,Footwear,Sandals,6,450.3,5,2701.8,161.22
2882,2022-09-24,North,Delhi,Dwarka,Electronics,Mobile Phones,iPhone 14,5,57567.15,5,287835.75,27514.9
2883,2024-08-24,East,Odisha,Cuttack,Furniture,Sofas,L-Shaped Sofa,2,38174.8,5,76349.6,13937.14
2884,2022-08-20,East,Bihar,Gaya,Electronics,Televisions,"Sony Bravia 43""",2,23463.3,30,46926.6,982.08
2885,2022-01-10,South,Andhra Pradesh,Visakhapatnam,Clothing,Womenswear,Dress,6,1382.25,5,8293.5,1808.34
2886,2022-01-08,East,Bihar,Gaya,Office Supplies,Printers,HP Inkjet Printer,4,8313.0,0,33252.0,2087.47
2887,2023-07-06,North,Punjab,Ludhiana,Electronics,Mobile Phones,iPhone 14,2,55063.8,10,110127.6,4836.08
2888,2022-04-15,East,West Bengal,Howrah,Office Supplies,Printers,HP Inkjet Printer,2,4689.0,25,9378.0,774.67
2889,2023-03-19,South,Tamil Nadu,Chennai,Electronics,Accessories,Bluetooth Speaker,4,21092.25,25,84369.0,2578.89
2890,2024-12-24,South,Kerala,Kozhikode,Clothing,Menswear,Formal Shirt,3,2843.25,25,8529.75,1621.85
2891,2024-09-16,South,Kerala,Kochi,Office Supplies,Stationery,Notebook Bundle,2,6554.1,30,13108.2,2837.65
2892,2023-12-24,North,Uttar Pradesh,Noida,Electronics,Accessories,Smart Watch,4,44731.25,15,178925.0,16993.16
2893,2022-09-13,North,Rajasthan,Udaipur,Clothing,Menswear,Casual T-Shirt,5,2241.0,25,11205.0,1340.36
2894,2023-09-05,East,Odisha,Cuttack,Furniture,Storage,Wardrobe 4-Door,3,36890.0,0,110670.0,10059.68
2895,2024-08-20,North,Punjab,Amritsar,Clothing,Womenswear,Saree,3,2478.6,10,7435.8,1448.66
2896,2024-08-05,North,Rajasthan,Jodhpur,Office Supplies,Printers,HP Inkjet Printer,3,3800.0,0,11400.0,2759.15
2897,2023-04-09,South,Karnataka,Bengaluru,Office Supplies,Printers,Canon Laser Printer,1,9449.0,0,9449.0,1779.47
2898,2024-09-16,East,Odisha,Cuttack,Furniture,Storage,Bookshelf,6,6750.0,40,40500.0,3457.55
2899,2022-03-09,North,Delhi,New Delhi,Office Supplies,Ink & Toner,HP Ink Cartridge,1,7797.0,0,7797.0,2083.13
2900,2024-03-22,South,Karnataka,Mysuru,Office Supplies,Printers,HP Inkjet Printer,1,2703.6,40,2703.6,630.89
2901,2023-07-13,West,Gujarat,Ahmedabad,Furniture,Chairs,Wooden Dining Chair,4,29360.7,15,117442.8,12603.39
2902,2022-12-07,North,Haryana,Faridabad,Furniture,Storage,Bookshelf,1,16290.0,0,16290.0,2967.54
2903,2022-04-24,East,Assam,Guwahati,Office Supplies,Printers,HP Inkjet Printer,4,3600.6,15,14402.4,1580.75
2904,2023-08-05,North,Delhi,Dwarka,Clothing,Footwear,Running Shoes,6,2906.1,10,17436.6,4666.04
2905,2023-04-06,West,Gujarat,Vadodara,Clothing,Footwear,Running Shoes,3,1487.5,15,4462.5,402.25
2906,2024-08-18,North,Haryana,Faridabad,Furniture,Tables,Office Desk,1,17225.1,10,17225.1,1959.59
2907,2023-05-25,North,Delhi,New Delhi,Furniture,Storage,Bookshelf,1,11696.4,10,11696.4,643.03
2908,2024-02-06,East,Odisha,Bhubaneswar,Furniture,Tables,Coffee Table,1,7371.05,5,7371.05,789.91
2909,2022-09-28,South,Tamil Nadu,Madurai,Electronics,Accessories,Bluetooth Speaker,3,73359.0,0,220077.0,12824.68
2910,2022-11-08,West,Goa,Margao,Office Supplies,Stationery,A4 Paper Ream,5,5936.55,5,29682.75,3673.85
2911,2024-11-11,South,Tamil Nadu,Madurai,Electronics,Mobile Phones,Redmi Note 13,6,47927.7,10,287566.2,30359.41
2912,2022-05-21,East,West Bengal,Howrah,Clothing,Womenswear,Dress,4,2032.05,5,8128.2,2198.86
2913,2024-04-18,East,West Bengal,Siliguri,Clothing,Menswear,Formal Shirt,6,2696.1,5,16176.6,843.28
2914,2022-01-02,South,Karnataka,Bengaluru,Office Supplies,Stationery,A4 Paper Ream,3,3613.8,40,10841.4,1652.67
2915,2022-06-08,North,Punjab,Chandigarh,Electronics,Mobile Phones,Samsung Galaxy A54,1,18308.0,0,18308.0,2244.11
2916,2022-11-01,South,Kerala,Kozhikode,Furniture,Sofas,L-Shaped Sofa,4,19801.6,30,79206.4,6034.96
2917,2024-11-06,West,Maharashtra,Nagpur,Clothing,Footwear,Running Shoes,3,2388.8,20,7166.4,1608.94
2918,2022-11-25,North,Rajasthan,Jaipur,Electronics,Televisions,"Sony Bravia 43""",6,71999.0,0,431994.0,49356.24
2919,2023-08-18,North,Punjab,Chandigarh,Office Supplies,Printers,Canon Laser Printer,1,2665.6,30,2665.6,269.35
2920,2024-03-30,West,Maharashtra,Nagpur,Office Supplies,Printers,HP Inkjet Printer,4,3309.75,25,13239.0,1464.1
2921,2024-05-05,South,Kerala,Thiruvananthapuram,Clothing,Menswear,Formal Shirt,4,528.7,15,2114.8,431.06
2922,2022-07-03,East,Odisha,Bhubaneswar,Electronics,Mobile Phones,Redmi Note 13,3,48027.6,10,144082.8,18424.48
2923,2024-09-03,North,Delhi,New Delhi,Electronics,Televisions,"LG 55"" UHD",6,56839.2,20,341035.2,11964.32
2924,2023-08-03,North,Delhi,New Delhi,Furniture,Chairs,Wooden Dining Chair,1,23436.2,15,23436.2,1299.97
2925,2023-08-29,South,Kerala,Kozhikode,Electronics,Laptops,Asus Vivobook,4,51047.25,25,204189.0,7945.94
2926,2024-02-13,North,Delhi,New Delhi,Office Supplies,Stationery,Notebook Bundle,2,576.0,10,1152.0,116.79
2927,2022-11-19,North,Delhi,Dwarka,Office Supplies,Stationery,Gel Pen Pack,5,3677.6,20,18388.0,1564.8
2928,2024-10-13,West,Maharashtra,Nashik,Furniture,Tables,Coffee Table,2,24450.0,0,48900.0,2491.99
2929,2022-09-18,North,Uttar Pradesh,Varanasi,Electronics,Accessories,Power Bank,6,58950.9,15,353705.4,10976.81
2930,2022-12-06,South,Karnataka,Bengaluru,Clothing,Womenswear,Ethnic Set,1,4744.3,5,4744.3,769.49
2931,2024-09-22,South,Kerala,Kozhikode,Clothing,Menswear,Sherwani,1,2071.2,40,2071.2,257.41
2932,2023-08-01,North,Delhi,New Delhi,Furniture,Chairs,Wooden Dining Chair,5,15562.4,20,77812.0,7315.91
2933,2022-05-25,East,Odisha,Cuttack,Electronics,Accessories,Bluetooth Speaker,1,37669.0,0,37669.0,4420.95
2934,2022-09-06,North,Rajasthan,Jodhpur,Electronics,Televisions,"Sony Bravia 43""",1,25537.2,40,25537.2,3490.01
2935,2022-09-14,East,Odisha,Cuttack,Clothing,Womenswear,Saree,3,2394.0,0,7182.0,823.11
2936,2024-11-22,South,Karnataka,Bengaluru,Office Supplies,Stationery,Notebook Bundle,6,3981.0,25,23886.0,5995.17
2937,2022-01-05,East,West Bengal,Siliguri,Office Supplies,Printers,HP Inkjet Printer,5,6480.0,0,32400.0,3825.14
2938,2024-10-27,North,Delhi,New Delhi,Furniture,Sofas,L-Shaped Sofa,3,19769.5,5,59308.5,15874.76
2939,2022-11-09,East,Bihar,Patna,Clothing,Footwear,Formal Shoes,1,2182.5,10,2182.5,419.46
2940,2024-12-11,North,Uttar Pradesh,Lucknow,Furniture,Storage,TV Unit,5,7947.0,10,39735.0,2633.87
2941,2024-02-29,North,Punjab,Ludhiana,Office Supplies,Stationery,A4 Paper Ream,6,7344.0,10,44064.0,3090.89
2942,2022-03-16,East,Bihar,Gaya,Clothing,Menswear,Jeans,3,3088.8,10,9266.4,508.76
2943,2023-07-30,East,Assam,Dibrugarh,Clothing,Footwear,Sandals,5,4483.0,0,22415.0,3529.88
2944,2023-05-20,South,Andhra Pradesh,Vijayawada,Clothing,Womenswear,Kurti,1,3558.1,15,3558.1,647.75
2945,2023-09-27,North,Delhi,Dwarka,Electronics,Mobile Phones,Samsung Galaxy A54,4,21974.0,0,87896.0,13973.54
2946,2023-07-24,North,Delhi,Dwarka,Office Supplies,Printers,HP Inkjet Printer,3,6370.2,10,19110.6,1955.27
2947,2024-11-28,East,Bihar,Gaya,Furniture,Tables,Office Desk,1,4026.45,15,4026.45,427.1
2948,2022-04-24,North,Punjab,Amritsar,Clothing,Womenswear,Saree,6,3121.5,25,18729.0,1950.29
2949,2024-07-19,West,Madhya Pradesh,Indore,Office Supplies,Ink & Toner,Canon Toner,6,6528.9,30,39173.4,5347.43
2950,2022-11-11,East,Assam,Guwahati,Office Supplies,Ink & Toner,HP Ink Cartridge,2,2579.25,25,5158.5,1346.39
2951,2024-03-10,South,Tamil Nadu,Chennai,Office Supplies,Printers,HP Inkjet Printer,4,7727.0,0,30908.0,7807.12
2952,2022-09-06,West,Maharashtra,Nashik,Furniture,Chairs,Gaming Chair,4,17553.6,40,70214.4,10743.36
2953,2023-11-03,South,Telangana,Karimnagar,Furniture,Chairs,Wooden Dining Chair,2,7592.8,20,15185.6,4090.48
2954,2022-11-06,North,Rajasthan,Udaipur,Electronics,Accessories,Wireless Earbuds,5,30758.0,0,153790.0,17432.6
2955,2022-08-16,South,Andhra Pradesh,Guntur,Clothing,Menswear,Sherwani,1,2125.8,10,2125.8,579.55
2956,2024-11-19,South,Telangana,Hyderabad,Electronics,Laptops,HP Pavilion,5,33395.6,30,166978.0,23273.0
2957,2024-09-06,North,Delhi,New Delhi,Office Supplies,Ink & Toner,Canon Toner,5,10106.1,10,50530.5,9826.66
2958,2024-05-08,North,Uttar Pradesh,Lucknow,Furniture,Tables,Dining Table 6-Seater,4,7513.2,10,30052.8,2342.91
2959,2024-02-27,North,Delhi,New Delhi,Furniture,Storage,Bookshelf,1,29971.2,30,29971.2,2803.3
2960,2022-05-16,East,Assam,Dibrugarh,Electronics,Laptops,HP Pavilion,2,14344.6,15,28689.2,1135.74
2961,2024-12-28,East,Assam,Guwahati,Furniture,Storage,TV Unit,2,35035.3,15,70070.6,17132.38
2962,2023-10-04,East,Bihar,Gaya,Office Supplies,Ink & Toner,Canon Toner,2,7277.0,0,14554.0,3647.01
2963,2022-08-26,North,Uttar Pradesh,Lucknow,Clothing,Womenswear,Kurti,5,3257.25,25,16286.25,1133.36
2964,2023-11-15,West,Maharashtra,Nashik,Furniture,Storage,TV Unit,4,14254.0,0,57016.0,11874.26
2965,2023-04-28,South,Tamil Nadu,Chennai,Clothing,Womenswear,Kurti,2,3975.3,10,7950.6,530.03
2966,2022-01-14,West,Goa,Margao,Clothing,Menswear,Sherwani,5,2552.4,40,12762.0,1565.19
2967,2023-12-11,North,Haryana,Faridabad,Office Supplies,Ink & Toner,HP Ink Cartridge,1,8972.0,20,8972.0,2436.17
2968,2024-07-22,East,Odisha,Cuttack,Clothing,Footwear,Formal Shoes,4,2266.6,30,9066.4,1061.52
2969,2022-11-25,South,Andhra Pradesh,Vijayawada,Office Supplies,Printers,HP Inkjet Printer,1,8658.0,10,8658.0,2412.74
2970,2022-10-13,North,Uttar Pradesh,Lucknow,Electronics,Televisions,"Samsung 50"" Crystal",6,31113.9,10,186683.4,22453.85
2971,2023-12-25,West,Goa,Panaji,Furniture,Sofas,L-Shaped Sofa,2,7197.0,0,14394.0,2541.91
2972,2022-10-10,West,Maharashtra,Nashik,Furniture,Storage,TV Unit,6,14211.15,15,85266.9,5562.06
2973,2023-11-02,South,Andhra Pradesh,Vijayawada,Office Supplies,Stationery,A4 Paper Ream,5,4610.7,10,23053.5,4917.34
2974,2022-09-21,North,Uttar Pradesh,Lucknow,Electronics,Laptops,Asus Vivobook,1,57134.45,15,57134.45,1448.93
2975,2024-12-19,North,Haryana,Gurugram,Office Supplies,Stationery,Gel Pen Pack,3,1217.4,40,3652.2,301.51
2976,2024-03-22,East,Assam,Dibrugarh,Clothing,Footwear,Sandals,3,234.9,10,704.7,95.82
2977,2023-06-02,South,Tamil Nadu,Chennai,Clothing,Womenswear,Dress,5,4254.3,10,21271.5,2483.12
2978,2023-11-10,South,Karnataka,Hubballi,Electronics,Televisions,"LG 55"" UHD",3,18692.8,30,56078.4,1149.78
2979,2022-09-23,South,Karnataka,Bengaluru,Office Supplies,Stationery,Notebook Bundle,5,9540.0,0,47700.0,10402.69
2980,2023-02-04,North,Haryana,Faridabad,Furniture,Tables,Office Desk,2,27454.0,30,54908.0,13321.46
2981,2023-04-27,West,Maharashtra,Nagpur,Clothing,Womenswear,Saree,3,632.0,0,1896.0,132.71
2982,2023-11-07,West,Goa,Margao,Furniture,Storage,Bookshelf,6,29336.0,0,176016.0,48603.31
2983,2023-07-20,South,Telangana,Hyderabad,Office Supplies,Printers,HP Inkjet Printer,6,9055.0,0,54330.0,12704.13
2984,2022-09-26,North,Haryana,Faridabad,Office Supplies,Ink & Toner,Canon Toner,5,3294.0,40,16470.0,2364.37
2985,2023-10-20,South,Andhra Pradesh,Visakhapatnam,Clothing,Footwear,Sandals,2,3264.8,20,6529.6,1785.59
2986,2023-10-28,South,Andhra Pradesh,Tirupati,Electronics,Accessories,Power Bank,1,21175.5,5,21175.5,768.25
2987,2023-02-25,East,West Bengal,Kolkata,Furniture,Chairs,Gaming Chair,4,6907.8,40,27631.2,7025.73
2988,2023-04-11,East,Bihar,Gaya,Electronics,Mobile Phones,Redmi Note 13,6,53103.75,25,318622.5,11062.11
2989,2023-11-04,South,Telangana,Hyderabad,Clothing,Footwear,Sandals,5,2270.8,30,11354.0,2815.56
2990,2024-11-14,South,Kerala,Thiruvananthapuram,Furniture,Storage,Bookshelf,6,6352.0,0,38112.0,7559.95
2991,2024-08-21,West,Goa,Margao,Office Supplies,Printers,Canon Laser Printer,3,686.4,20,2059.2,378.38
2992,2022-12-15,North,Punjab,Amritsar,Office Supplies,Printers,HP Inkjet Printer,3,7564.8,20,22694.4,1296.49
2993,2023-06-15,North,Rajasthan,Udaipur,Office Supplies,Ink & Toner,HP Ink Cartridge,4,6333.0,25,25332.0,4222.8
2994,2024-10-14,South,Tamil Nadu,Coimbatore,Office Supplies,Stationery,Gel Pen Pack,6,11511.0,0,69066.0,19276.19
2995,2024-08-12,East,West Bengal,Siliguri,Furniture,Chairs,Wooden Dining Chair,1,31715.1,10,31715.1,4415.31
2996,2022-11-17,North,Rajasthan,Jodhpur,Office Supplies,Stationery,A4 Paper Ream,2,9291.95,5,18583.9,5006.6
2997,2023-11-14,South,Telangana,Hyderabad,Electronics,Laptops,Asus Vivobook,3,28588.05,15,85764.15,10052.4
2998,2023-11-09,West,Madhya Pradesh,Indore,Office Supplies,Ink & Toner,HP Ink Cartridge,2,3131.25,25,6262.5,1015.02
2999,2023-08-22,West,Maharashtra,Pune,Office Supplies,Printers,Canon Laser Printer,3,2587.0,0,7761.0,1121.83
3000,2024-08-21,North,Punjab,Ludhiana,Office Supplies,Printers,Canon Laser Printer,4,1941.1,30,7764.4,1394.92
3001,2022-10-30,South,Tamil Nadu,Coimbatore,Electronics,Televisions,"Samsung 50"" Crystal",4,15083.6,30,60334.4,6689.58
3002,2022-02-24,West,Goa,Margao,Office Supplies,Stationery,Notebook Bundle,1,5275.95,15,5275.95,968.38
3003,2022-04-15,East,Odisha,Cuttack,Clothing,Menswear,Sherwani,4,2521.8,10,10087.2,1042.81
3004,2022-10-08,North,Rajasthan,Udaipur,Electronics,Accessories,Power Bank,1,9464.8,20,9464.8,938.71
3005,2022-10-19,East,West Bengal,Kolkata,Furniture,Tables,Dining Table 6-Seater,5,22035.2,20,110176.0,8148.86
3006,2022-03-18,East,West Bengal,Siliguri,Electronics,Accessories,Wireless Earbuds,2,11761.2,10,23522.4,1489.14
3007,2022-03-09,East,Odisha,Bhubaneswar,Clothing,Menswear,Formal Shirt,5,1286.4,40,6432.0,1408.47
3008,2022-11-19,East,Odisha,Bhubaneswar,Electronics,Accessories,Smart Watch,1,56771.2,20,56771.2,1470.22
3009,2024-11-12,East,Assam,Dibrugarh,Furniture,Storage,Wardrobe 4-Door,3,32745.75,25,98237.25,21526.51
3010,2022-10-25,North,Uttar Pradesh,Kanpur,Electronics,Mobile Phones,Redmi Note 13,4,11958.4,20,47833.6,3405.49
3011,2023-10-26,West,Madhya Pradesh,Bhopal,Electronics,Televisions,"Samsung 50"" Crystal",1,57521.7,10,57521.7,8533.59
3012,2023-12-03,East,Odisha,Cuttack,Clothing,Footwear,Formal Shoes,4,2387.0,0,9548.0,1446.99
3013,2023-07-13,East,Assam,Dibrugarh,Electronics,Televisions,"Sony Bravia 43""",2,51486.4,30,102972.8,6475.35
3014,2024-03-27,North,Rajasthan,Jaipur,Clothing,Footwear,Sandals,1,3834.0,0,3834.0,192.86
3015,2024-05-18,East,Assam,Guwahati,Furniture,Sofas,Recliner Sofa,6,16663.2,40,99979.2,24271.57
3016,2022-05-12,North,Delhi,New Delhi,Office Supplies,Stationery,Notebook Bundle,6,6262.0,0,37572.0,9124.16
3017,2022-02-06,South,Kerala,Kozhikode,Office Supplies,Ink & Toner,HP Ink Cartridge,5,8743.5,25,43717.5,2197.69
3018,2024-11-19,East,Assam,Guwahati,Office Supplies,Stationery,A4 Paper Ream,4,943.2,10,3772.8,239.16
3019,2023-04-09,West,Madhya Pradesh,Bhopal,Clothing,Footwear,Running Shoes,6,585.65,15,3513.9,963.24
3020,2022-07-07,South,Andhra Pradesh,Tirupati,Electronics,Mobile Phones,OnePlus 12R,5,47143.55,15,235717.75,6300.53
3021,2023-12-14,East,Odisha,Bhubaneswar,Furniture,Sofas,3-Seater Fabric Sofa,1,26183.4,40,26183.4,6070.04
3022,2024-08-27,East,Bihar,Patna,Clothing,Womenswear,Ethnic Set,6,2933.6,5,17601.6,2432.94
3023,2022-12-06,South,Tamil Nadu,Coimbatore,Electronics,Accessories,Smart Watch,4,46236.0,0,184944.0,27013.65
3024,2023-01-20,North,Punjab,Ludhiana,Clothing,Footwear,Sandals,6,954.4,20,5726.4,1296.68
3025,2023-10-18,South,Tamil Nadu,Coimbatore,Electronics,Accessories,Bluetooth Speaker,5,53322.3,10,266611.5,15517.28
3026,2022-03-13,North,Haryana,Faridabad,Furniture,Chairs,Wooden Dining Chair,1,27294.35,15,27294.35,1533.02
3027,2024-06-13,West,Goa,Panaji,Office Supplies,Stationery,Gel Pen Pack,6,2059.0,0,12354.0,3206.36
3028,2024-11-27,South,Kerala,Thiruvananthapuram,Clothing,Footwear,Formal Shoes,5,1609.0,0,8045.0,851.45
3029,2024-04-23,North,Delhi,Dwarka,Furniture,Chairs,Wooden Dining Chair,5,4490.4,20,22452.0,2489.49
3030,2023-12-10,East,Odisha,Bhubaneswar,Office Supplies,Printers,Canon Laser Printer,5,6034.7,30,30173.5,7507.97
3031,2022-10-16,West,Madhya Pradesh,Bhopal,Office Supplies,Printers,Canon Laser Printer,4,2256.75,25,9027.0,2441.21
3032,2024-09-13,West,Madhya Pradesh,Indore,Electronics,Accessories,Power Bank,1,47622.4,30,47622.4,1268.6
3033,2023-07-10,North,Rajasthan,Jaipur,Clothing,Womenswear,Ethnic Set,5,2386.2,40,11931.0,3321.88
3034,2024-12-10,East,Bihar,Gaya,Office Supplies,Printers,Canon Laser Printer,4,4010.0,0,16040.0,1228.27
3035,2022-10-06,North,Punjab,Chandigarh,Office Supplies,Ink & Toner,Canon Toner,2,6612.0,40,13224.0,1296.25
3036,2024-11-22,South,Telangana,Warangal,Office Supplies,Printers,Canon Laser Printer,5,9540.8,20,47704.0,3688.98
3037,2024-04-18,East,Odisha,Bhubaneswar,Furniture,Sofas,L-Shaped Sofa,1,17481.1,30,17481.1,995.7
3038,2023-10-10,South,Tamil Nadu,Chennai,Furniture,Tables,Coffee Table,6,16930.8,10,101584.8,24635.25
3039,2022-12-27,East,West Bengal,Siliguri,Clothing,Footwear,Sandals,2,2507.2,20,5014.4,467.6
3040,2022-08-04,South,Telangana,Karimnagar,Electronics,Televisions,"Samsung 50"" Crystal",2,57598.4,20,115196.8,3555.02
3041,2023-09-04,West,Madhya Pradesh,Bhopal,Furniture,Chairs,Gaming Chair,3,7824.2,5,23472.6,4566.6
3042,2024-12-05,North,Delhi,New Delhi,Clothing,Womenswear,Kurti,3,4102.2,10,12306.6,1112.38
3043,2024-10-24,West,Madhya Pradesh,Indore,Office Supplies,Stationery,A4 Paper Ream,2,6720.6,40,13441.2,2342.68
3044,2024-07-31,North,Uttar Pradesh,Kanpur,Electronics,Laptops,Asus Vivobook,4,48907.5,25,195630.0,18843.01
3045,2022-10-06,West,Gujarat,Surat,Furniture,Storage,TV Unit,4,13256.6,30,53026.4,14773.5
3046,2024-09-16,North,Haryana,Faridabad,Electronics,Mobile Phones,OnePlus 12R,2,32152.1,15,64304.2,5610.38
3047,2022-12-22,North,Punjab,Ludhiana,Electronics,Mobile Phones,iPhone 14,3,21547.8,40,64643.4,5544.74
3048,2024-08-04,North,Uttar Pradesh,Varanasi,Clothing,Menswear,Casual T-Shirt,6,1273.3,15,7639.8,983.26
3049,2024-12-03,North,Rajasthan,Jodhpur,Clothing,Footwear,Running Shoes,3,2907.8,30,8723.4,1514.47
3050,2022-05-22,East,Bihar,Gaya,Clothing,Menswear,Sherwani,3,2414.7,10,7244.1,1220.1
3051,2024-06-02,North,Uttar Pradesh,Kanpur,Furniture,Sofas,Recliner Sofa,2,32873.75,15,65747.5,11372.45
3052,2024-06-15,East,Odisha,Bhubaneswar,Office Supplies,Printers,Canon Laser Printer,2,536.0,20,1072.0,59.52
3053,2023-10-24,South,Telangana,Karimnagar,Electronics,Laptops,HP Pavilion,5,8844.0,25,44220.0,1448.49
3054,2024-02-09,North,Uttar Pradesh,Varanasi,Clothing,Footwear,Sandals,1,393.4,30,393.4,80.62
3055,2022-08-28,North,Uttar Pradesh,Noida,Office Supplies,Stationery,Gel Pen Pack,4,1701.0,25,6804.0,599.51
3056,2024-08-01,West,Madhya Pradesh,Bhopal,Clothing,Footwear,Sandals,3,2272.05,15,6816.15,1846.93
3057,2023-11-29,West,Goa,Panaji,Office Supplies,Printers,HP Inkjet Printer,6,7032.0,25,42192.0,3222.99
3058,2024-11-18,West,Maharashtra,Pune,Office Supplies,Stationery,Notebook Bundle,3,1874.25,25,5622.75,1437.57
3059,2024-12-20,North,Delhi,Dwarka,Office Supplies,Stationery,A4 Paper Ream,5,3790.5,25,18952.5,2235.28
3060,2023-08-29,South,Telangana,Hyderabad,Furniture,Storage,TV Unit,4,23350.6,30,93402.4,20366.37
3061,2022-10-17,South,Telangana,Karimnagar,Office Supplies,Ink & Toner,HP Ink Cartridge,2,4811.0,0,9622.0,2111.65
3062,2022-12-21,East,Odisha,Cuttack,Electronics,Accessories,Wireless Earbuds,2,18625.7,5,37251.4,2589.03
3063,2023-10-12,South,Andhra Pradesh,Guntur,Clothing,Footwear,Formal Shoes,1,2619.9,10,2619.9,376.02
3064,2022-06-26,South,Andhra Pradesh,Visakhapatnam,Office Supplies,Ink & Toner,HP Ink Cartridge,3,7109.1,10,21327.3,2117.76
3065,2024-08-03,East,West Bengal,Kolkata,Clothing,Menswear,Casual T-Shirt,2,438.9,5,877.8,168.91
3066,2023-04-04,West,Goa,Panaji,Furniture,Sofas,Recliner Sofa,5,36814.5,10,184072.5,43478.11
3067,2022-11-20,South,Kerala,Kozhikode,Electronics,Laptops,Dell Inspiron 15,6,25505.9,30,153035.4,18637.94
3068,2023-02-28,North,Uttar Pradesh,Noida,Clothing,Womenswear,Kurti,3,307.8,10,923.4,192.88
3069,2022-07-08,East,Bihar,Patna,Office Supplies,Stationery,A4 Paper Ream,2,472.5,10,945.0,254.32
3070,2023-06-24,East,West Bengal,Howrah,Electronics,Accessories,Power Bank,4,39909.0,25,159636.0,10942.3
3071,2022-11-11,East,Odisha,Bhubaneswar,Electronics,Televisions,"Samsung 50"" Crystal",2,17567.25,25,35134.5,5423.2
3072,2024-10-28,South,Andhra Pradesh,Guntur,Clothing,Menswear,Jeans,5,2981.6,20,14908.0,3727.28
3073,2022-02-16,West,Madhya Pradesh,Bhopal,Clothing,Footwear,Sandals,2,4028.0,0,8056.0,457.05
3074,2022-08-10,West,Maharashtra,Mumbai,Clothing,Menswear,Casual T-Shirt,6,1683.9,10,10103.4,929.51
3075,2023-09-03,South,Tamil Nadu,Coimbatore,Clothing,Womenswear,Dress,6,1485.9,10,8915.4,1405.67
3076,2024-10-06,West,Gujarat,Vadodara,Office Supplies,Ink & Toner,Canon Toner,6,4799.7,10,28798.2,5547.9
3077,2024-11-29,North,Punjab,Ludhiana,Furniture,Storage,Wardrobe 4-Door,4,12526.0,0,50104.0,2880.21
3078,2023-04-28,East,Bihar,Gaya,Clothing,Womenswear,Dress,5,2427.0,0,12135.0,1703.34
3079,2024-10-02,North,Delhi,Dwarka,Furniture,Sofas,L-Shaped Sofa,3,10539.75,25,31619.25,4487.29
3080,2022-09-07,West,Maharashtra,Mumbai,Electronics,Accessories,Bluetooth Speaker,1,56479.0,0,56479.0,6717.77
3081,2022-05-21,East,West Bengal,Kolkata,Office Supplies,Printers,HP Inkjet Printer,2,967.8,40,1935.6,170.85
3082,2023-12-01,West,Madhya Pradesh,Bhopal,Office Supplies,Stationery,Notebook Bundle,4,5734.8,10,22939.2,6026.74
3083,2023-04-20,South,Karnataka,Bengaluru,Furniture,Chairs,Wooden Dining Chair,3,18192.55,15,54577.65,11196.63
3084,2024-05-18,North,Delhi,New Delhi,Electronics,Televisions,"Samsung 50"" Crystal",2,19562.9,30,39125.8,2844.33
3085,2022-09-15,East,Odisha,Cuttack,Furniture,Chairs,Wooden Dining Chair,1,26610.6,40,26610.6,2515.93
3086,2022-06-24,West,Maharashtra,Mumbai,Electronics,Laptops,Asus Vivobook,6,29420.3,30,176521.8,19059.24
3087,2023-07-12,East,Assam,Guwahati,Electronics,Televisions,"Sony Bravia 43""",4,46213.2,10,184852.8,24693.03
3088,2023-12-29,East,Assam,Dibrugarh,Office Supplies,Stationery,A4 Paper Ream,6,5459.25,25,32755.5,4220.31
3089,2024-10-22,South,Andhra Pradesh,Tirupati,Electronics,Televisions,"Sony Bravia 43""",3,40895.2,15,122685.6,12502.96
3090,2023-04-25,South,Tamil Nadu,Madurai,Furniture,Tables,Dining Table 6-Seater,4,36710.0,0,146840.0,30539.18
3091,2022-04-05,East,West Bengal,Howrah,Electronics,Laptops,Lenovo IdeaPad,6,47052.9,10,282317.4,7265.04
3092,2023-09-10,South,Karnataka,Bengaluru,Furniture,Chairs,Wooden Dining Chair,3,28881.0,25,86643.0,7699.6
3093,2024-12-31,West,Madhya Pradesh,Bhopal,Electronics,Laptops,Dell Inspiron 15,2,46752.0,25,93504.0,14313.78
3094,2024-08-25,South,Karnataka,Hubballi,Furniture,Sofas,Recliner Sofa,4,37192.0,0,148768.0,39340.63
3095,2022-01-05,South,Andhra Pradesh,Tirupati,Electronics,Mobile Phones,iPhone 14,4,41789.0,0,167156.0,26729.95
3096,2024-10-30,East,Bihar,Gaya,Furniture,Chairs,Gaming Chair,2,11329.5,25,22659.0,6190.72
3097,2024-10-11,South,Tamil Nadu,Madurai,Electronics,Laptops,Lenovo IdeaPad,2,30620.0,0,61240.0,7663.27
3098,2022-03-05,North,Uttar Pradesh,Noida,Clothing,Footwear,Sandals,1,388.55,5,388.55,67.79
3099,2024-01-10,East,Bihar,Gaya,Furniture,Sofas,Recliner Sofa,1,15380.0,0,15380.0,3712.0
3100,2022-02-13,North,Punjab,Amritsar,Electronics,Televisions,"Samsung 50"" Crystal",6,64969.0,0,389814.0,35012.89
3101,2022-03-13,North,Haryana,Faridabad,Furniture,Storage,Bookshelf,6,36520.85,5,219125.1,41986.31
3102,2023-12-13,East,Bihar,Gaya,Office Supplies,Printers,Canon Laser Printer,4,6685.25,15,26741.0,5500.78
3103,2024-11-10,South,Tamil Nadu,Madurai,Office Supplies,Printers,Canon Laser Printer,5,729.9,10,3649.5,462.7
3104,2022-05-05,North,Punjab,Amritsar,Furniture,Sofas,3-Seater Fabric Sofa,2,16792.6,15,33585.2,9036.53
3105,2023-04-02,South,Tamil Nadu,Coimbatore,Electronics,Televisions,"Sony Bravia 43""",3,18375.85,5,55127.55,6098.29
3106,2023-07-11,East,Bihar,Patna,Furniture,Chairs,Wooden Dining Chair,5,20760.0,40,103800.0,28668.75
3107,2023-03-06,East,Odisha,Bhubaneswar,Furniture,Storage,Bookshelf,2,13929.3,30,27858.6,7439.52
3108,2024-03-30,North,Punjab,Chandigarh,Furniture,Storage,TV Unit,2,25086.0,0,50172.0,2916.47
3109,2022-04-19,West,Gujarat,Vadodara,Furniture,Chairs,Ergonomic Office Chair,2,3357.0,10,6714.0,695.85
3110,2024-11-19,West,Goa,Margao,Electronics,Laptops,Lenovo IdeaPad,6,64632.6,10,387795.6,32987.29
3111,2024-06-19,West,Maharashtra,Nashik,Clothing,Footwear,Sandals,4,2272.05,15,9088.2,2218.93
3112,2024-01-01,North,Delhi,Dwarka,Clothing,Footwear,Sandals,5,1230.4,20,6152.0,717.04
3113,2023-10-24,North,Punjab,Chandigarh,Clothing,Footwear,Sandals,3,3192.0,30,9576.0,948.78
3114,2022-03-19,East,Assam,Guwahati,Furniture,Sofas,Recliner Sofa,3,11159.4,40,33478.2,5599.43
3115,2022-03-03,South,Tamil Nadu,Coimbatore,Clothing,Footwear,Sandals,5,440.8,20,2204.0,437.79
3116,2024-10-09,South,Karnataka,Hubballi,Clothing,Menswear,Jeans,5,231.3,10,1156.5,198.2
3117,2023-01-15,East,Assam,Guwahati,Furniture,Sofas,L-Shaped Sofa,3,16974.0,10,50922.0,4957.59
3118,2024-04-29,West,Goa,Margao,Electronics,Laptops,Lenovo IdeaPad,3,38663.1,15,115989.3,5541.28
3119,2024-08-20,East,Odisha,Bhubaneswar,Electronics,Laptops,Dell Inspiron 15,1,21758.4,20,21758.4,1109.74
3120,2022-12-10,East,Assam,Guwahati,Furniture,Tables,Office Desk,2,21657.0,40,43314.0,4295.89
3121,2022-05-14,East,West Bengal,Kolkata,Electronics,Mobile Phones,Samsung Galaxy A54,3,48348.0,25,145044.0,7121.98
3122,2022-11-12,West,Madhya Pradesh,Indore,Clothing,Footwear,Formal Shoes,5,748.5,25,3742.5,1040.77
3123,2024-10-12,East,Bihar,Gaya,Electronics,Mobile Phones,iPhone 14,3,57868.0,20,173604.0,14052.56
3124,2023-09-07,East,Odisha,Bhubaneswar,Clothing,Footwear,Running Shoes,6,4940.0,0,29640.0,5975.77
3125,2024-03-07,South,Kerala,Kochi,Clothing,Footwear,Formal Shoes,6,3206.0,30,19236.0,3184.81
3126,2024-06-30,West,Goa,Panaji,Clothing,Footwear,Formal Shoes,5,3311.7,5,16558.5,3672.48
3127,2022-04-29,South,Kerala,Kozhikode,Clothing,Womenswear,Ethnic Set,5,2422.8,10,12114.0,1604.08
3128,2024-12-18,West,Gujarat,Ahmedabad,Furniture,Sofas,Recliner Sofa,3,3831.75,25,11495.25,742.64
3129,2024-12-03,North,Haryana,Faridabad,Clothing,Footwear,Formal Shoes,4,657.0,10,2628.0,419.68
3130,2023-06-16,East,Assam,Guwahati,Electronics,Televisions,"Sony Bravia 43""",2,28128.6,10,56257.2,6851.2
3131,2023-12-21,East,West Bengal,Siliguri,Electronics,Mobile Phones,iPhone 14,1,44223.3,10,44223.3,2225.96
3132,2024-04-01,North,Rajasthan,Jodhpur,Office Supplies,Ink & Toner,HP Ink Cartridge,1,5129.1,10,5129.1,1188.2
3133,2022-01-24,South,Andhra Pradesh,Visakhapatnam,Office Supplies,Printers,Canon Laser Printer,1,7445.6,20,7445.6,1652.66
3134,2022-07-05,South,Telangana,Warangal,Office Supplies,Stationery,Gel Pen Pack,3,1022.4,40,3067.2,443.86
3135,2024-06-16,East,Assam,Guwahati,Clothing,Menswear,Formal Shirt,6,1824.95,5,10949.7,2439.36
3136,2024-01-19,South,Kerala,Thiruvananthapuram,Electronics,Laptops,HP Pavilion,2,15849.0,40,31698.0,2200.54
3137,2022-10-04,West,Maharashtra,Mumbai,Furniture,Storage,TV Unit,1,24854.9,30,24854.9,3236.46
3138,2022-11-13,West,Maharashtra,Nashik,Clothing,Menswear,Formal Shirt,6,466.2,10,2797.2,729.72
3139,2024-03-06,West,Maharashtra,Nashik,Office Supplies,Printers,HP Inkjet Printer,2,9232.0,0,18464.0,4454.19
3140,2022-05-10,South,Telangana,Karimnagar,Furniture,Tables,Dining Table 6-Seater,1,18201.75,25,18201.75,3341.59
3141,2022-10-05,North,Uttar Pradesh,Lucknow,Office Supplies,Ink & Toner,Canon Toner,5,6559.2,40,32796.0,9156.05
3142,2024-01-06,North,Delhi,New Delhi,Furniture,Sofas,3-Seater Fabric Sofa,4,33303.6,10,133214.4,30436.03
3143,2022-01-28,East,West Bengal,Siliguri,Electronics,Televisions,"Sony Bravia 43""",3,10399.2,20,31197.6,3086.98
3144,2023-06-24,West,Maharashtra,Nashik,Electronics,Accessories,Wireless Earbuds,4,20209.6,20,80838.4,6508.12
3145,2023-12-15,South,Tamil Nadu,Coimbatore,Furniture,Chairs,Ergonomic Office Chair,3,39189.6,10,117568.8,22651.81
3146,2023-01-02,North,Rajasthan,Jodhpur,Clothing,Womenswear,Ethnic Set,5,1849.0,0,9245.0,665.8
3147,2023-08-09,East,West Bengal,Howrah,Office Supplies,Ink & Toner,Canon Toner,5,307.2,20,1536.0,122.54
3148,2022-06-23,East,Assam,Guwahati,Clothing,Womenswear,Kurti,2,1164.6,10,2329.2,549.27
3149,2024-04-25,South,Andhra Pradesh,Tirupati,Office Supplies,Printers,HP Inkjet Printer,4,884.0,0,3536.0,906.19
3150,2024-10-15,North,Delhi,New Delhi,Office Supplies,Stationery,Gel Pen Pack,2,2104.0,20,4208.0,1014.81
3151,2023-09-25,South,Tamil Nadu,Chennai,Electronics,Accessories,Wireless Earbuds,3,24917.4,10,74752.2,4953.39
3152,2022-06-29,South,Kerala,Thiruvananthapuram,Office Supplies,Printers,HP Inkjet Printer,3,9924.3,10,29772.9,2511.86
3153,2022-09-11,South,Telangana,Karimnagar,Office Supplies,Printers,HP Inkjet Printer,6,10431.9,10,62591.4,15540.66
3154,2024-09-21,West,Gujarat,Vadodara,Clothing,Womenswear,Saree,6,1041.0,0,6246.0,925.84
3155,2024-12-23,South,Telangana,Warangal,Electronics,Mobile Phones,Samsung Galaxy A54,1,46546.4,20,46546.4,3171.32
3156,2024-08-06,East,Odisha,Cuttack,Office Supplies,Ink & Toner,Canon Toner,4,2014.2,10,8056.8,1824.59
3157,2023-09-08,North,Uttar Pradesh,Noida,Furniture,Chairs,Gaming Chair,3,10264.5,10,30793.5,3855.2
3158,2024-12-14,North,Rajasthan,Jaipur,Office Supplies,Stationery,A4 Paper Ream,3,2746.8,30,8240.4,765.85
3159,2024-08-24,West,Madhya Pradesh,Bhopal,Clothing,Womenswear,Ethnic Set,4,3273.2,30,13092.8,3575.25
3160,2023-09-05,East,West Bengal,Siliguri,Furniture,Sofas,Recliner Sofa,4,13284.0,20,53136.0,9445.05
3161,2023-01-24,North,Punjab,Chandigarh,Electronics,Mobile Phones,OnePlus 12R,3,18774.0,0,56322.0,6137.96
3162,2022-09-07,East,West Bengal,Howrah,Office Supplies,Printers,HP Inkjet Printer,5,5332.5,10,26662.5,2996.35
3163,2023-02-24,East,West Bengal,Kolkata,Office Supplies,Stationery,A4 Paper Ream,2,4522.2,40,9044.4,1351.15
3164,2024-08-15,South,Andhra Pradesh,Visakhapatnam,Office Supplies,Stationery,Gel Pen Pack,3,10035.1,15,30105.3,7139.66
3165,2024-12-22,South,Tamil Nadu,Madurai,Clothing,Menswear,Jeans,1,1130.25,25,1130.25,214.31
3166,2023-03-22,North,Rajasthan,Jaipur,Clothing,Womenswear,Kurti,2,1539.95,5,3079.9,316.29
3167,2023-10-21,South,Tamil Nadu,Chennai,Office Supplies,Printers,HP Inkjet Printer,6,7005.6,20,42033.6,7472.83
3168,2023-09-27,East,Bihar,Patna,Clothing,Menswear,Jeans,4,3544.0,0,14176.0,720.97
3169,2024-07-09,North,Uttar Pradesh,Kanpur,Electronics,Laptops,HP Pavilion,1,34063.2,5,34063.2,2973.94
3170,2022-10-01,North,Rajasthan,Jaipur,Furniture,Sofas,L-Shaped Sofa,6,39348.05,5,236088.3,47765.2
3171,2024-03-24,West,Goa,Panaji,Electronics,Laptops,HP Pavilion,3,38415.6,10,115246.8,11635.19
3172,2022-07-07,West,Madhya Pradesh,Bhopal,Electronics,Laptops,Lenovo IdeaPad,2,17634.0,25,35268.0,3457.19
3173,2022-06-30,South,Karnataka,Hubballi,Furniture,Storage,Bookshelf,6,7182.5,15,43095.0,7897.52
3174,2023-06-13,North,Punjab,Amritsar,Furniture,Sofas,3-Seater Fabric Sofa,4,21609.75,25,86439.0,7846.17
3175,2024-03-29,East,Assam,Dibrugarh,Office Supplies,Ink & Toner,HP Ink Cartridge,3,3568.0,0,10704.0,1730.53
3176,2022-05-30,North,Rajasthan,Jaipur,Office Supplies,Stationery,Gel Pen Pack,4,2575.5,25,10302.0,2528.02
3177,2022-08-24,South,Andhra Pradesh,Vijayawada,Electronics,Mobile Phones,Redmi Note 13,5,21928.0,0,109640.0,6917.68
3178,2024-10-19,South,Karnataka,Hubballi,Electronics,Mobile Phones,Samsung Galaxy A54,6,44709.75,25,268258.5,31806.07
3179,2022-02-07,South,Karnataka,Mysuru,Furniture,Sofas,L-Shaped Sofa,4,26610.4,20,106441.6,16389.97
3180,2022-03-16,East,West Bengal,Kolkata,Furniture,Tables,Coffee Table,2,23024.0,0,46048.0,6155.77
3181,2024-03-03,East,Odisha,Cuttack,Office Supplies,Ink & Toner,Canon Toner,1,6794.4,40,6794.4,645.18
3182,2024-09-28,South,Andhra Pradesh,Guntur,Office Supplies,Ink & Toner,HP Ink Cartridge,4,8316.0,20,33264.0,1698.41
3183,2024-05-18,East,Assam,Guwahati,Electronics,Accessories,Power Bank,2,32070.6,40,64141.2,3916.98
3184,2024-04-21,East,West Bengal,Kolkata,Clothing,Menswear,Jeans,4,3166.25,15,12665.0,2365.08
3185,2024-11-27,East,Assam,Dibrugarh,Office Supplies,Printers,HP Inkjet Printer,3,3044.25,25,9132.75,2362.08
3186,2023-10-17,North,Haryana,Gurugram,Office Supplies,Stationery,Gel Pen Pack,4,7529.9,30,30119.6,6528.25
3187,2024-12-09,West,Gujarat,Vadodara,Office Supplies,Printers,HP Inkjet Printer,2,4731.0,0,9462.0,2155.03
3188,2024-09-14,West,Gujarat,Vadodara,Furniture,Tables,Office Desk,5,27934.75,5,139673.75,30165.56
3189,2022-09-05,East,Bihar,Patna,Office Supplies,Stationery,Gel Pen Pack,2,1057.0,0,2114.0,276.73
3190,2024-03-02,West,Maharashtra,Nagpur,Electronics,Mobile Phones,Redmi Note 13,4,41484.0,25,165936.0,17992.37
3191,2024-06-03,West,Madhya Pradesh,Bhopal,Office Supplies,Ink & Toner,Canon Toner,3,684.9,10,2054.7,504.79
3192,2022-10-07,North,Rajasthan,Udaipur,Clothing,Womenswear,Kurti,3,4468.5,10,13405.5,3192.88
3193,2022-05-23,South,Andhra Pradesh,Visakhapatnam,Clothing,Womenswear,Kurti,4,952.8,20,3811.2,452.68
3194,2024-11-26,East,Assam,Dibrugarh,Furniture,Tables,Dining Table 6-Seater,1,7842.6,10,7842.6,1996.51
3195,2024-01-31,East,Odisha,Cuttack,Electronics,Accessories,Smart Watch,4,9724.0,20,38896.0,5464.9
3196,2024-08-21,East,West Bengal,Howrah,Electronics,Mobile Phones,Redmi Note 13,5,31898.0,0,159490.0,22452.58
3197,2022-08-13,East,Assam,Dibrugarh,Office Supplies,Ink & Toner,Canon Toner,6,3376.0,20,20256.0,5369.66
3198,2024-07-02,South,Tamil Nadu,Madurai,Electronics,Mobile Phones,OnePlus 12R,6,50064.3,10,300385.8,7724.75
3199,2024-12-16,West,Madhya Pradesh,Bhopal,Furniture,Sofas,3-Seater Fabric Sofa,3,28310.1,15,84930.3,17137.65
3200,2023-06-22,East,Odisha,Bhubaneswar,Electronics,Laptops,Dell Inspiron 15,4,66895.2,10,267580.8,14556.03
3201,2022-06-19,West,Goa,Margao,Office Supplies,Stationery,Notebook Bundle,5,3313.8,10,16569.0,4623.5
3202,2022-03-10,West,Madhya Pradesh,Indore,Office Supplies,Stationery,Gel Pen Pack,5,5466.6,10,27333.0,6605.93
3203,2024-04-03,North,Delhi,New Delhi,Furniture,Chairs,Gaming Chair,3,2407.5,25,7222.5,1353.25
3204,2024-08-06,North,Delhi,New Delhi,Furniture,Chairs,Ergonomic Office Chair,1,3121.7,5,3121.7,300.03
3205,2024-12-24,South,Tamil Nadu,Madurai,Furniture,Sofas,L-Shaped Sofa,5,5132.0,0,25660.0,6650.94
3206,2023-12-11,West,Madhya Pradesh,Indore,Office Supplies,Printers,Canon Laser Printer,5,9276.75,5,46383.75,5209.17
3207,2023-11-06,West,Gujarat,Vadodara,Electronics,Accessories,Wireless Earbuds,5,19987.1,30,99935.5,14175.61
3208,2022-09-27,South,Kerala,Thiruvananthapuram,Furniture,Chairs,Gaming Chair,6,30446.0,0,182676.0,23273.84
3209,2023-11-25,North,Delhi,New Delhi,Clothing,Footwear,Sandals,5,3270.0,25,16350.0,2275.37
3210,2023-11-25,West,Goa,Panaji,Office Supplies,Ink & Toner,HP Ink Cartridge,5,4383.0,10,21915.0,1302.77
3211,2023-11-12,East,Bihar,Gaya,Office Supplies,Ink & Toner,HP Ink Cartridge,3,8518.0,0,25554.0,4262.19
3212,2022-10-02,East,Assam,Dibrugarh,Office Supplies,Printers,Canon Laser Printer,6,2758.8,40,16552.8,4154.63
3213,2024-01-28,South,Telangana,Hyderabad,Clothing,Menswear,Casual T-Shirt,6,2459.4,40,14756.4,868.62
3214,2024-10-07,West,Goa,Margao,Office Supplies,Ink & Toner,Canon Toner,5,3595.2,20,17976.0,2661.62
3215,2023-11-30,East,West Bengal,Kolkata,Office Supplies,Printers,HP Inkjet Printer,3,5646.75,25,16940.25,1873.71
3216,2022-02-12,South,Telangana,Hyderabad,Clothing,Menswear,Sherwani,4,2182.8,15,8731.2,2341.19
3217,2023-02-18,East,West Bengal,Kolkata,Office Supplies,Printers,Canon Laser Printer,3,3561.6,40,10684.8,2901.86
3218,2023-03-16,East,Assam,Dibrugarh,Electronics,Accessories,Wireless Earbuds,3,20013.0,0,60039.0,3669.49
3219,2022-06-12,West,Goa,Margao,Office Supplies,Stationery,A4 Paper Ream,6,3154.4,20,18926.4,3366.58
3220,2024-05-10,West,Maharashtra,Mumbai,Electronics,Accessories,Bluetooth Speaker,5,33808.0,0,169040.0,12123.44
3221,2023-02-24,North,Punjab,Ludhiana,Electronics,Mobile Phones,Redmi Note 13,6,35199.9,10,211199.4,19001.27
3222,2022-03-29,South,Telangana,Karimnagar,Clothing,Footwear,Running Shoes,6,1386.0,30,8316.0,984.16
3223,2024-07-10,East,Assam,Dibrugarh,Clothing,Menswear,Casual T-Shirt,2,1889.3,30,3778.6,796.73
3224,2023-01-16,East,Assam,Dibrugarh,Clothing,Womenswear,Saree,6,445.5,10,2673.0,418.36
3225,2022-12-07,East,Assam,Guwahati,Clothing,Footwear,Sandals,3,3495.6,10,10486.8,1181.9
3226,2022-12-12,East,West Bengal,Howrah,Office Supplies,Printers,HP Inkjet Printer,5,1405.9,15,7029.5,1657.98
3227,2024-04-06,North,Uttar Pradesh,Varanasi,Electronics,Laptops,Asus Vivobook,5,8510.4,10,42552.0,5412.36
3228,2024-03-06,South,Andhra Pradesh,Visakhapatnam,Furniture,Tables,Dining Table 6-Seater,6,15338.25,25,92029.5,7509.18
3229,2022-04-18,North,Uttar Pradesh,Noida,Office Supplies,Stationery,Gel Pen Pack,6,6436.5,25,38619.0,10102.0
3230,2024-10-12,South,Karnataka,Mysuru,Office Supplies,Ink & Toner,Canon Toner,6,9354.25,15,56125.5,13464.8
3231,2024-07-31,South,Andhra Pradesh,Guntur,Office Supplies,Stationery,Notebook Bundle,2,7197.3,10,14394.6,2835.79
3232,2023-06-25,East,Odisha,Bhubaneswar,Clothing,Menswear,Casual T-Shirt,4,2843.1,10,11372.4,2877.74
3233,2023-06-03,South,Karnataka,Bengaluru,Electronics,Televisions,"LG 55"" UHD",3,67757.0,0,203271.0,11167.39
3234,2022-07-09,West,Maharashtra,Nagpur,Clothing,Womenswear,Kurti,2,2867.0,0,5734.0,1003.38
3235,2024-10-22,East,Assam,Dibrugarh,Furniture,Tables,Coffee Table,6,19164.6,10,114987.6,20241.55
3236,2022-01-04,South,Tamil Nadu,Chennai,Electronics,Accessories,Smart Watch,2,14013.75,25,28027.5,4092.72
3237,2023-08-29,East,Bihar,Patna,Office Supplies,Stationery,Gel Pen Pack,1,10249.0,0,10249.0,2769.49
3238,2023-08-17,North,Delhi,Dwarka,Electronics,Televisions,"LG 55"" UHD",6,44807.2,20,268843.2,8267.87
3239,2022-11-10,North,Delhi,Dwarka,Clothing,Womenswear,Dress,2,3519.9,10,7039.8,1916.78
3240,2022-11-14,North,Delhi,New Delhi,Clothing,Womenswear,Saree,1,3075.3,15,3075.3,435.38
3241,2022-03-30,North,Punjab,Chandigarh,Clothing,Womenswear,Dress,5,1726.5,25,8632.5,1078.62
3242,2023-11-24,East,Odisha,Bhubaneswar,Furniture,Storage,TV Unit,4,12435.0,0,49740.0,2575.28
3243,2024-06-13,South,Tamil Nadu,Madurai,Electronics,Accessories,Power Bank,1,17305.0,0,17305.0,2403.92
3244,2023-05-09,North,Rajasthan,Jaipur,Furniture,Sofas,Recliner Sofa,3,37716.0,0,113148.0,28321.03
3245,2024-05-07,South,Tamil Nadu,Madurai,Office Supplies,Stationery,A4 Paper Ream,1,2444.35,5,2444.35,344.82
3246,2023-06-27,West,Goa,Panaji,Electronics,Laptops,Dell Inspiron 15,3,11914.0,30,35742.0,3238.92
3247,2023-10-10,North,Uttar Pradesh,Varanasi,Clothing,Womenswear,Saree,2,257.55,15,515.1,82.86
3248,2023-02-01,South,Andhra Pradesh,Guntur,Electronics,Televisions,"LG 55"" UHD",2,67092.0,0,134184.0,17454.73
3249,2023-07-07,South,Telangana,Warangal,Furniture,Tables,Dining Table 6-Seater,6,7704.4,15,46226.4,6358.76
3250,2022-08-11,East,Bihar,Patna,Office Supplies,Ink & Toner,HP Ink Cartridge,4,4065.0,0,16260.0,4481.86
3251,2023-12-12,South,Tamil Nadu,Madurai,Furniture,Tables,Office Desk,6,27991.2,20,167947.2,19503.73
3252,2024-10-20,West,Goa,Panaji,Clothing,Womenswear,Dress,3,1622.65,15,4867.95,766.36
3253,2024-10-15,East,Bihar,Patna,Office Supplies,Printers,HP Inkjet Printer,1,8613.6,20,8613.6,722.31
3254,2023-01-09,North,Punjab,Chandigarh,Furniture,Storage,TV Unit,1,39773.0,0,39773.0,8753.48
3255,2023-03-28,South,Kerala,Kozhikode,Electronics,Accessories,Wireless Earbuds,5,15131.7,10,75658.5,12048.84
3256,2024-10-20,North,Rajasthan,Jaipur,Office Supplies,Ink & Toner,Canon Toner,4,868.5,10,3474.0,709.86
3257,2024-08-08,East,Odisha,Bhubaneswar,Electronics,Accessories,Power Bank,6,45442.5,25,272655.0,22615.03
3258,2023-10-14,West,Madhya Pradesh,Indore,Furniture,Tables,Dining Table 6-Seater,3,14770.8,10,44312.4,10934.57
3259,2024-12-22,North,Haryana,Gurugram,Electronics,Televisions,"LG 55"" UHD",1,50903.2,20,50903.2,5571.59
3260,2023-01-23,South,Kerala,Kochi,Electronics,Televisions,"Samsung 50"" Crystal",4,31769.25,25,127077.0,10567.44
3261,2023-05-04,West,Goa,Panaji,Furniture,Chairs,Gaming Chair,5,10582.05,5,52910.25,12052.68
3262,2022-06-14,South,Tamil Nadu,Coimbatore,Clothing,Footwear,Sandals,1,699.6,40,699.6,49.31
3263,2023-01-23,North,Delhi,New Delhi,Electronics,Laptops,Asus Vivobook,5,25486.3,30,127431.5,4914.35
3264,2024-09-04,North,Haryana,Faridabad,Furniture,Storage,TV Unit,2,8327.2,30,16654.4,4495.09
3265,2023-06-04,South,Andhra Pradesh,Visakhapatnam,Furniture,Storage,TV Unit,6,16522.5,25,99135.0,10218.28
3266,2022-12-05,North,Rajasthan,Jaipur,Electronics,Televisions,"Samsung 50"" Crystal",4,67442.4,10,269769.6,26834.56
3267,2024-06-18,South,Karnataka,Mysuru,Clothing,Footwear,Sandals,4,3606.3,10,14425.2,1397.56
3268,2022-09-15,North,Haryana,Faridabad,Furniture,Chairs,Ergonomic Office Chair,5,5626.5,25,28132.5,3682.41
3269,2022-10-16,East,Odisha,Bhubaneswar,Office Supplies,Ink & Toner,HP Ink Cartridge,6,7380.75,25,44284.5,8770.1
3270,2024-05-05,West,Gujarat,Ahmedabad,Electronics,Televisions,"Samsung 50"" Crystal",4,58117.05,15,232468.2,15210.82
3271,2024-03-29,West,Gujarat,Vadodara,Office Supplies,Printers,HP Inkjet Printer,1,3796.5,25,3796.5,870.5
3272,2024-08-28,North,Haryana,Faridabad,Furniture,Sofas,3-Seater Fabric Sofa,1,21654.6,40,21654.6,5533.61
3273,2022-08-21,North,Rajasthan,Jaipur,Office Supplies,Printers,Canon Laser Printer,2,10540.0,0,21080.0,1486.25
3274,2024-10-19,North,Haryana,Faridabad,Office Supplies,Printers,HP Inkjet Printer,6,3872.0,20,23232.0,2162.82
3275,2023-11-16,West,Madhya Pradesh,Indore,Electronics,Laptops,Dell Inspiron 15,2,50145.75,5,100291.5,11323.47
3276,2023-08-06,South,Tamil Nadu,Chennai,Office Supplies,Stationery,Gel Pen Pack,4,9339.3,10,37357.2,5925.8
3277,2022-04-14,North,Rajasthan,Udaipur,Electronics,Mobile Phones,OnePlus 12R,5,46625.9,15,233129.5,9018.53
3278,2022-12-05,South,Tamil Nadu,Coimbatore,Clothing,Menswear,Sherwani,5,3439.8,10,17199.0,3488.39
3279,2022-06-25,West,Goa,Panaji,Furniture,Tables,Office Desk,2,27259.3,5,54518.6,9219.88
3280,2022-05-18,East,Bihar,Patna,Clothing,Footwear,Sandals,1,987.6,40,987.6,62.91
3281,2023-11-06,West,Gujarat,Ahmedabad,Electronics,Mobile Phones,Samsung Galaxy A54,6,31577.7,30,189466.2,6784.11
3282,2022-08-14,South,Telangana,Karimnagar,Office Supplies,Ink & Toner,Canon Toner,5,2025.4,5,10127.0,1466.42
3283,2022-11-12,South,Telangana,Karimnagar,Electronics,Mobile Phones,OnePlus 12R,3,12267.0,10,36801.0,4352.0
3284,2024-06-11,East,Assam,Dibrugarh,Office Supplies,Ink & Toner,HP Ink Cartridge,6,2886.3,10,17317.8,3502.99
3285,2023-10-02,South,Karnataka,Bengaluru,Furniture,Sofas,Recliner Sofa,6,9232.0,0,55392.0,9361.13
3286,2022-10-09,West,Madhya Pradesh,Indore,Furniture,Chairs,Ergonomic Office Chair,5,3429.0,10,17145.0,2413.04
3287,2024-03-15,South,Telangana,Hyderabad,Electronics,Laptops,Lenovo IdeaPad,2,32943.2,20,65886.4,5385.66
3288,2024-08-28,West,Gujarat,Vadodara,Furniture,Storage,TV Unit,6,28895.0,0,173370.0,47400.82
3289,2024-10-19,North,Delhi,New Delhi,Clothing,Footwear,Formal Shoes,2,2002.5,10,4005.0,844.1
3290,2024-10-06,North,Haryana,Faridabad,Furniture,Chairs,Gaming Chair,2,20558.4,20,41116.8,9100.65
3291,2024-12-25,North,Rajasthan,Jaipur,Clothing,Womenswear,Saree,5,4801.0,0,24005.0,5644.43
3292,2022-12-13,North,Punjab,Amritsar,Furniture,Tables,Coffee Table,5,36814.0,0,184070.0,20811.94
3293,2023-04-21,East,Odisha,Bhubaneswar,Office Supplies,Ink & Toner,HP Ink Cartridge,1,6790.8,40,6790.8,631.75
3294,2023-10-15,East,West Bengal,Howrah,Electronics,Televisions,"Samsung 50"" Crystal",1,51072.7,30,51072.7,4965.34
3295,2023-09-02,East,Odisha,Cuttack,Clothing,Womenswear,Ethnic Set,6,1537.9,30,9227.4,2444.37
3296,2023-10-29,West,Maharashtra,Nagpur,Office Supplies,Ink & Toner,Canon Toner,3,5290.4,15,15871.2,1161.6
3297,2023-11-02,West,Goa,Panaji,Clothing,Menswear,Casual T-Shirt,1,2710.5,25,2710.5,327.92
3298,2022-08-08,East,Odisha,Cuttack,Office Supplies,Ink & Toner,HP Ink Cartridge,3,1091.7,10,3275.1,537.85
3299,2022-10-19,West,Gujarat,Surat,Clothing,Footwear,Formal Shoes,1,4714.0,0,4714.0,387.41
3300,2022-06-14,North,Haryana,Faridabad,Clothing,Footwear,Sandals,6,786.6,5,4719.6,714.95
3301,2023-10-12,East,Odisha,Cuttack,Furniture,Sofas,3-Seater Fabric Sofa,3,13045.9,30,39137.7,6492.54
3302,2023-11-16,West,Maharashtra,Mumbai,Furniture,Sofas,Recliner Sofa,1,25806.0,15,25806.0,5535.66
3303,2022-09-22,North,Haryana,Gurugram,Office Supplies,Stationery,Notebook Bundle,1,2121.3,10,2121.3,580.55
3304,2022-05-09,East,Assam,Guwahati,Furniture,Sofas,L-Shaped Sofa,5,3704.0,0,18520.0,2119.13
3305,2023-09-30,West,Gujarat,Vadodara,Furniture,Chairs,Gaming Chair,2,5843.0,0,11686.0,2924.79
3306,2022-02-12,East,West Bengal,Kolkata,Electronics,Accessories,Wireless Earbuds,2,20387.25,15,40774.5,6295.83
3307,2024-07-21,North,Delhi,Dwarka,Furniture,Tables,Office Desk,2,29201.1,5,58402.2,11744.41
3308,2024-09-28,South,Kerala,Kozhikode,Clothing,Footwear,Sandals,4,3261.45,15,13045.8,3247.06
3309,2023-03-22,East,West Bengal,Kolkata,Furniture,Sofas,Recliner Sofa,5,43286.0,0,216430.0,24646.84
3310,2024-09-02,West,Goa,Panaji,Office Supplies,Printers,Canon Laser Printer,6,6376.5,25,38259.0,9201.63
3311,2023-04-03,South,Tamil Nadu,Madurai,Clothing,Womenswear,Kurti,2,2004.1,30,4008.2,505.97
3312,2023-10-29,East,Odisha,Bhubaneswar,Office Supplies,Printers,Canon Laser Printer,5,7282.5,25,36412.5,2500.25
3313,2023-10-10,East,Odisha,Cuttack,Clothing,Womenswear,Kurti,2,731.85,15,1463.7,139.58
3314,2023-07-26,West,Goa,Margao,Office Supplies,Stationery,Notebook Bundle,3,518.0,30,1554.0,330.83
3315,2024-04-26,North,Uttar Pradesh,Lucknow,Electronics,Mobile Phones,OnePlus 12R,2,6899.25,25,13798.5,1743.77
3316,2022-12-22,South,Tamil Nadu,Coimbatore,Clothing,Footwear,Sandals,1,1955.8,30,1955.8,290.1
3317,2024-09-17,East,Bihar,Gaya,Furniture,Storage,Wardrobe 4-Door,3,21364.8,40,64094.4,11292.23
3318,2024-08-20,South,Andhra Pradesh,Tirupati,Clothing,Menswear,Jeans,2,571.5,10,1143.0,230.56
3319,2022-03-01,North,Haryana,Faridabad,Clothing,Footwear,Sandals,5,666.0,10,3330.0,655.98
3320,2022-04-27,North,Rajasthan,Jaipur,Clothing,Womenswear,Saree,3,1929.75,25,5789.25,319.2
3321,2024-12-16,North,Delhi,New Delhi,Clothing,Womenswear,Saree,2,2540.8,20,5081.6,1207.32
3322,2022-07-18,South,Telangana,Warangal,Office Supplies,Ink & Toner,HP Ink Cartridge,4,3758.4,10,15033.6,3875.84
3323,2024-07-31,North,Haryana,Faridabad,Clothing,Womenswear,Kurti,6,1173.85,15,7043.1,500.23
3324,2022-11-14,South,Karnataka,Mysuru,Electronics,Mobile Phones,Samsung Galaxy A54,5,9232.8,20,46164.0,998.12
3325,2022-07-29,East,Odisha,Bhubaneswar,Electronics,Accessories,Smart Watch,2,14304.8,20,28609.6,3713.09
3326,2023-10-10,South,Andhra Pradesh,Tirupati,Electronics,Accessories,Bluetooth Speaker,3,18597.6,30,55792.8,3265.54
3327,2023-11-06,East,Bihar,Patna,Clothing,Footwear,Running Shoes,6,1009.8,10,6058.8,1489.55
3328,2022-10-01,West,Gujarat,Surat,Electronics,Laptops,Lenovo IdeaPad,6,25895.25,15,155371.5,3716.89
3329,2024-10-12,East,West Bengal,Siliguri,Clothing,Menswear,Casual T-Shirt,3,1557.9,10,4673.7,990.18
3330,2024-08-27,East,Bihar,Gaya,Office Supplies,Ink & Toner,Canon Toner,3,4648.5,10,13945.5,3284.84
3331,2022-04-10,East,Odisha,Cuttack,Office Supplies,Ink & Toner,Canon Toner,2,4597.5,25,9195.0,1438.16
3332,2023-08-18,East,West Bengal,Siliguri,Electronics,Laptops,Dell Inspiron 15,1,35116.05,15,35116.05,1947.51
3333,2023-12-27,East,West Bengal,Kolkata,Clothing,Menswear,Jeans,2,2314.2,40,4628.4,383.99
3334,2022-10-06,South,Tamil Nadu,Coimbatore,Furniture,Sofas,Recliner Sofa,4,17261.0,0,69044.0,13759.74
3335,2023-09-01,West,Goa,Panaji,Clothing,Footwear,Sandals,3,744.75,25,2234.25,415.69
3336,2023-06-26,West,Goa,Margao,Office Supplies,Ink & Toner,Canon Toner,4,2690.1,10,10760.4,2333.92
3337,2024-10-06,West,Gujarat,Surat,Electronics,Laptops,HP Pavilion,2,26808.6,40,53617.2,8315.96
3338,2022-09-22,South,Tamil Nadu,Coimbatore,Office Supplies,Ink & Toner,HP Ink Cartridge,6,4000.95,15,24005.7,4865.22
3339,2022-07-23,East,Odisha,Bhubaneswar,Electronics,Mobile Phones,iPhone 14,1,25807.0,0,25807.0,2238.91
3340,2023-08-21,West,Goa,Panaji,Furniture,Storage,Bookshelf,4,12531.0,40,50124.0,4929.45
3341,2023-06-27,North,Punjab,Chandigarh,Furniture,Storage,TV Unit,2,34773.5,15,69547.0,5391.95
3342,2022-01-25,South,Tamil Nadu,Coimbatore,Furniture,Sofas,L-Shaped Sofa,2,29763.2,20,59526.4,16273.78
3343,2023-12-05,East,West Bengal,Howrah,Office Supplies,Printers,HP Inkjet Printer,1,2186.1,30,2186.1,394.79
3344,2023-02-03,East,Odisha,Bhubaneswar,Office Supplies,Stationery,Gel Pen Pack,5,7021.8,10,35109.0,2606.97
3345,2022-09-24,North,Haryana,Gurugram,Office Supplies,Ink & Toner,Canon Toner,1,6674.4,40,6674.4,1314.5
3346,2024-04-23,South,Andhra Pradesh,Vijayawada,Clothing,Menswear,Jeans,1,870.1,30,870.1,160.45
3347,2023-07-26,North,Rajasthan,Udaipur,Office Supplies,Ink & Toner,Canon Toner,1,3047.25,15,3047.25,720.55
3348,2024-11-22,West,Maharashtra,Nashik,Office Supplies,Printers,HP Inkjet Printer,2,262.5,30,525.0,91.27
3349,2024-08-10,North,Haryana,Gurugram,Furniture,Sofas,3-Seater Fabric Sofa,4,24745.0,30,98980.0,20899.98
3350,2024-09-19,West,Maharashtra,Nagpur,Electronics,Accessories,Bluetooth Speaker,1,42196.5,10,42196.5,3152.74
3351,2023-08-20,North,Punjab,Chandigarh,Clothing,Womenswear,Kurti,5,1350.0,0,6750.0,816.39
3352,2023-10-26,West,Madhya Pradesh,Indore,Electronics,Televisions,"LG 55"" UHD",3,20007.6,40,60022.8,8799.06
3353,2022-08-07,East,Assam,Dibrugarh,Electronics,Televisions,"Samsung 50"" Crystal",6,44086.0,30,264516.0,16943.09
3354,2023-07-09,South,Andhra Pradesh,Tirupati,Clothing,Womenswear,Saree,4,2349.6,40,9398.4,980.39
3355,2024-07-10,West,Gujarat,Surat,Clothing,Menswear,Formal Shirt,2,917.6,20,1835.2,404.34
3356,2023-12-31,North,Haryana,Gurugram,Clothing,Footwear,Running Shoes,3,428.25,25,1284.75,249.89
3357,2023-02-16,South,Kerala,Thiruvananthapuram,Office Supplies,Printers,HP Inkjet Printer,4,2822.25,25,11289.0,3038.44
3358,2023-12-03,South,Telangana,Warangal,Clothing,Womenswear,Saree,1,329.0,30,329.0,75.51
3359,2023-12-16,South,Karnataka,Bengaluru,Furniture,Chairs,Ergonomic Office Chair,3,16767.6,40,50302.8,8758.72
3360,2023-11-15,North,Punjab,Amritsar,Electronics,Laptops,Dell Inspiron 15,2,36731.9,15,73463.8,8198.05
3361,2022-09-14,West,Madhya Pradesh,Bhopal,Clothing,Footwear,Formal Shoes,1,610.0,0,610.0,100.47
3362,2024-02-12,West,Gujarat,Ahmedabad,Clothing,Menswear,Formal Shirt,3,2316.6,10,6949.8,966.92
3363,2024-06-15,East,Odisha,Cuttack,Clothing,Menswear,Formal Shirt,3,255.0,15,765.0,83.11
3364,2024-06-14,North,Haryana,Faridabad,Office Supplies,Stationery,Gel Pen Pack,2,6073.0,0,12146.0,1307.63
3365,2024-10-27,North,Punjab,Chandigarh,Office Supplies,Ink & Toner,HP Ink Cartridge,1,2104.2,40,2104.2,526.03
3366,2022-11-23,South,Andhra Pradesh,Tirupati,Electronics,Laptops,HP Pavilion,6,6216.0,30,37296.0,2096.01
3367,2023-12-21,East,West Bengal,Howrah,Office Supplies,Stationery,Notebook Bundle,4,225.25,15,901.0,131.61
3368,2023-04-18,South,Tamil Nadu,Madurai,Office Supplies,Printers,Canon Laser Printer,6,8867.2,20,53203.2,14067.41
3369,2024-08-28,East,Assam,Dibrugarh,Clothing,Womenswear,Kurti,5,3694.95,15,18474.75,4534.99
3370,2022-10-14,West,Goa,Margao,Furniture,Sofas,L-Shaped Sofa,3,15289.4,30,45868.2,7516.64
3371,2022-10-03,East,Odisha,Cuttack,Office Supplies,Printers,Canon Laser Printer,2,5049.1,30,10098.2,1345.26
3372,2022-03-25,North,Rajasthan,Udaipur,Clothing,Footwear,Running Shoes,6,604.0,20,3624.0,848.35
3373,2022-10-14,East,Odisha,Bhubaneswar,Furniture,Tables,Dining Table 6-Seater,3,4650.8,30,13952.4,2932.08
3374,2023-05-05,South,Andhra Pradesh,Vijayawada,Electronics,Accessories,Wireless Earbuds,4,46199.2,15,184796.8,12573.45
3375,2024-10-17,North,Haryana,Faridabad,Furniture,Storage,Wardrobe 4-Door,3,12671.4,40,38014.2,5900.4
3376,2023-06-03,North,Haryana,Gurugram,Clothing,Footwear,Sandals,2,881.1,10,1762.2,221.12
3377,2023-05-22,North,Rajasthan,Udaipur,Office Supplies,Ink & Toner,Canon Toner,6,7363.45,5,44180.7,5532.08
3378,2022-09-09,South,Tamil Nadu,Chennai,Office Supplies,Printers,Canon Laser Printer,6,7007.4,40,42044.4,3996.87
3379,2023-08-05,West,Maharashtra,Nashik,Clothing,Menswear,Sherwani,4,993.0,25,3972.0,941.5
3380,2023-10-03,North,Delhi,New Delhi,Clothing,Menswear,Formal Shirt,2,519.6,40,1039.2,61.87
3381,2024-02-23,West,Goa,Margao,Furniture,Tables,Dining Table 6-Seater,1,22552.2,10,22552.2,4406.68
3382,2023-04-28,West,Maharashtra,Pune,Office Supplies,Stationery,Notebook Bundle,2,3809.4,30,7618.8,541.0
3383,2023-07-21,South,Tamil Nadu,Coimbatore,Office Supplies,Ink & Toner,Canon Toner,1,1038.6,10,1038.6,178.35
3384,2023-12-11,West,Goa,Panaji,Furniture,Tables,Dining Table 6-Seater,5,24773.4,40,123867.0,28734.66
3385,2022-02-20,West,Maharashtra,Nagpur,Furniture,Sofas,3-Seater Fabric Sofa,5,23571.8,30,117859.0,10606.69
3386,2023-11-04,North,Uttar Pradesh,Noida,Clothing,Footwear,Sandals,2,2754.9,10,5509.8,834.14
3387,2022-05-13,East,Bihar,Gaya,Furniture,Chairs,Gaming Chair,3,20786.0,5,62358.0,16157.06
3388,2024-04-12,West,Gujarat,Vadodara,Furniture,Tables,Office Desk,3,31654.95,5,94964.85,25754.04
3389,2023-12-10,South,Telangana,Warangal,Furniture,Tables,Office Desk,1,7996.8,40,7996.8,1584.39
3390,2023-11-08,West,Madhya Pradesh,Bhopal,Furniture,Tables,Office Desk,5,10461.6,10,52308.0,8028.34
3391,2022-08-18,South,Telangana,Warangal,Office Supplies,Ink & Toner,HP Ink Cartridge,5,6946.2,10,34731.0,8143.36
3392,2022-07-03,North,Uttar Pradesh,Lucknow,Clothing,Footwear,Sandals,6,625.0,0,3750.0,806.03
3393,2023-05-30,West,Gujarat,Surat,Office Supplies,Printers,Canon Laser Printer,2,6304.5,10,12609.0,1057.79
3394,2024-08-07,North,Punjab,Ludhiana,Furniture,Chairs,Ergonomic Office Chair,4,4557.75,25,18231.0,4776.53
3395,2023-10-17,South,Andhra Pradesh,Visakhapatnam,Furniture,Chairs,Ergonomic Office Chair,1,5857.0,0,5857.0,1189.49
3396,2022-10-15,East,Assam,Dibrugarh,Office Supplies,Printers,Canon Laser Printer,3,5603.5,30,16810.5,3384.9
3397,2024-08-05,North,Haryana,Faridabad,Clothing,Footwear,Running Shoes,2,2517.6,20,5035.2,1242.71
3398,2024-12-18,South,Karnataka,Mysuru,Clothing,Footwear,Running Shoes,3,3874.5,10,11623.5,1419.51
3399,2024-11-20,East,Assam,Dibrugarh,Office Supplies,Ink & Toner,Canon Toner,5,6897.0,0,34485.0,7955.6
3400,2022-11-11,East,Bihar,Gaya,Furniture,Sofas,3-Seater Fabric Sofa,5,15059.0,0,75295.0,16447.52
3401,2023-11-25,West,Gujarat,Surat,Furniture,Tables,Coffee Table,4,5357.7,10,21430.8,1780.94
3402,2024-05-29,South,Telangana,Karimnagar,Clothing,Menswear,Formal Shirt,2,4591.35,5,9182.7,716.51
3403,2023-02-15,North,Haryana,Gurugram,Furniture,Tables,Office Desk,6,3094.8,40,18568.8,2611.67
3404,2022-09-30,South,Tamil Nadu,Coimbatore,Office Supplies,Stationery,Notebook Bundle,1,2722.5,25,2722.5,388.39
3405,2022-02-19,East,Odisha,Cuttack,Office Supplies,Printers,Canon Laser Printer,4,4685.4,10,18741.6,2796.79
3406,2023-09-26,East,Odisha,Cuttack,Electronics,Accessories,Bluetooth Speaker,5,30108.35,5,150541.75,15042.28
3407,2023-01-13,North,Uttar Pradesh,Kanpur,Office Supplies,Printers,HP Inkjet Printer,4,3593.1,30,14372.4,3429.38
3408,2022-12-06,South,Karnataka,Mysuru,Furniture,Tables,Office Desk,6,15680.8,20,94084.8,13710.33
3409,2022-08-04,South,Karnataka,Hubballi,Clothing,Menswear,Formal Shirt,4,3796.8,20,15187.2,3406.23
3410,2024-11-30,East,Odisha,Cuttack,Office Supplies,Ink & Toner,Canon Toner,1,4235.7,30,4235.7,1144.18
3411,2023-10-26,South,Telangana,Karimnagar,Office Supplies,Printers,HP Inkjet Printer,5,1630.8,10,8154.0,1428.78
3412,2022-09-06,North,Haryana,Faridabad,Clothing,Footwear,Running Shoes,2,1367.4,40,2734.8,483.34
3413,2022-01-05,North,Uttar Pradesh,Lucknow,Electronics,Televisions,"Sony Bravia 43""",1,73689.0,0,73689.0,7944.09
3414,2023-05-08,West,Gujarat,Ahmedabad,Electronics,Laptops,HP Pavilion,4,21853.8,40,87415.2,8519.82
3415,2022-06-12,South,Telangana,Hyderabad,Electronics,Televisions,"LG 55"" UHD",2,7549.2,40,15098.4,340.37
3416,2023-05-17,East,Assam,Dibrugarh,Clothing,Footwear,Sandals,6,296.0,0,1776.0,356.83
3417,2023-09-25,West,Gujarat,Vadodara,Clothing,Menswear,Casual T-Shirt,1,3858.3,10,3858.3,579.26
3418,2022-08-25,South,Kerala,Thiruvananthapuram,Electronics,Laptops,Asus Vivobook,2,32428.0,0,64856.0,6956.08
3419,2024-11-30,North,Haryana,Gurugram,Furniture,Tables,Dining Table 6-Seater,1,2295.6,40,2295.6,574.36
3420,2023-03-16,South,Kerala,Kochi,Furniture,Chairs,Ergonomic Office Chair,6,26780.5,5,160683.0,32261.02
3421,2022-06-30,South,Tamil Nadu,Coimbatore,Office Supplies,Ink & Toner,Canon Toner,2,6478.0,0,12956.0,950.3
3422,2022-06-20,South,Andhra Pradesh,Tirupati,Clothing,Footwear,Sandals,4,1462.0,15,5848.0,421.32
3423,2024-06-04,South,Telangana,Hyderabad,Electronics,Accessories,Wireless Earbuds,4,47072.7,10,188290.8,28687.86
3424,2022-01-25,North,Delhi,Dwarka,Electronics,Mobile Phones,iPhone 14,1,46645.2,30,46645.2,2627.25
3425,2023-10-18,West,Madhya Pradesh,Bhopal,Clothing,Menswear,Jeans,4,2371.8,40,9487.2,1548.23
3426,2024-07-09,West,Maharashtra,Nagpur,Furniture,Chairs,Gaming Chair,6,6388.5,25,38331.0,3388.83
3427,2024-06-25,North,Rajasthan,Jaipur,Electronics,Mobile Phones,Redmi Note 13,2,8954.7,5,17909.4,516.68
3428,2023-01-31,East,Odisha,Cuttack,Electronics,Mobile Phones,Samsung Galaxy A54,3,9489.6,20,28468.8,1824.05
3429,2022-05-16,West,Madhya Pradesh,Indore,Electronics,Televisions,"Sony Bravia 43""",6,44621.25,25,267727.5,26597.03
3430,2024-11-10,North,Delhi,New Delhi,Office Supplies,Stationery,Gel Pen Pack,6,7384.3,30,44305.8,9193.02
3431,2023-05-20,South,Kerala,Kochi,Electronics,Mobile Phones,iPhone 14,3,45996.75,25,137990.25,11240.26
3432,2022-05-26,West,Gujarat,Surat,Clothing,Footwear,Running Shoes,1,1505.0,0,1505.0,230.97
3433,2023-09-20,East,Assam,Guwahati,Furniture,Tables,Office Desk,2,17538.3,10,35076.6,4217.15
3434,2024-10-30,East,Assam,Guwahati,Office Supplies,Stationery,Notebook Bundle,2,4156.6,30,8313.2,927.65
3435,2024-10-18,East,Odisha,Bhubaneswar,Furniture,Chairs,Wooden Dining Chair,4,13709.0,0,54836.0,14020.71
3436,2023-05-13,East,Assam,Guwahati,Office Supplies,Printers,Canon Laser Printer,5,2130.3,10,10651.5,1967.05
3437,2023-04-22,East,Bihar,Patna,Furniture,Sofas,Recliner Sofa,6,31113.45,5,186680.7,29656.82
3438,2023-10-01,East,Odisha,Bhubaneswar,Electronics,Televisions,"LG 55"" UHD",2,36200.7,10,72401.4,8453.73
3439,2022-09-30,East,Odisha,Cuttack,Office Supplies,Stationery,Gel Pen Pack,2,7042.4,20,14084.8,1293.66
3440,2023-03-21,East,West Bengal,Howrah,Office Supplies,Printers,Canon Laser Printer,3,3133.8,10,9401.4,2489.71
3441,2022-06-22,East,Bihar,Gaya,Office Supplies,Printers,Canon Laser Printer,4,1033.9,30,4135.6,890.3
3442,2023-09-07,South,Karnataka,Bengaluru,Furniture,Sofas,3-Seater Fabric Sofa,4,31666.5,10,126666.0,25579.48
3443,2023-08-14,East,Odisha,Cuttack,Clothing,Footwear,Running Shoes,3,3432.75,25,10298.25,1402.32
3444,2022-08-31,South,Andhra Pradesh,Tirupati,Office Supplies,Stationery,Gel Pen Pack,3,2818.5,25,8455.5,2140.86
3445,2023-04-26,East,Odisha,Cuttack,Office Supplies,Ink & Toner,HP Ink Cartridge,1,1487.7,10,1487.7,212.79
3446,2024-12-31,East,Odisha,Cuttack,Furniture,Sofas,Recliner Sofa,1,35529.6,20,35529.6,5214.51
3447,2024-03-08,South,Tamil Nadu,Madurai,Clothing,Menswear,Sherwani,3,3375.0,25,10125.0,1898.19
3448,2022-03-17,South,Tamil Nadu,Chennai,Office Supplies,Printers,HP Inkjet Printer,3,1623.5,15,4870.5,246.02
3449,2023-01-27,South,Andhra Pradesh,Guntur,Electronics,Laptops,Asus Vivobook,2,62476.0,0,124952.0,18689.13
3450,2022-05-04,South,Karnataka,Hubballi,Office Supplies,Stationery,Gel Pen Pack,1,3973.2,40,3973.2,751.08
3451,2024-07-16,West,Gujarat,Ahmedabad,Electronics,Mobile Phones,iPhone 14,1,35577.6,20,35577.6,780.49
3452,2024-09-01,East,Odisha,Bhubaneswar,Clothing,Menswear,Casual T-Shirt,5,1732.8,40,8664.0,1845.42
3453,2023-07-14,West,Madhya Pradesh,Bhopal,Furniture,Storage,TV Unit,5,14169.0,0,70845.0,9082.56
3454,2024-10-18,East,Odisha,Cuttack,Clothing,Womenswear,Kurti,4,493.0,15,1972.0,364.67
3455,2022-07-31,West,Gujarat,Vadodara,Electronics,Laptops,Lenovo IdeaPad,4,7931.7,30,31726.8,3444.71
3456,2024-02-24,South,Kerala,Thiruvananthapuram,Furniture,Chairs,Gaming Chair,6,24430.7,15,146584.2,35826.63
3457,2022-12-18,South,Kerala,Thiruvananthapuram,Furniture,Storage,Wardrobe 4-Door,6,27883.0,0,167298.0,28619.89
3458,2023-12-09,South,Kerala,Thiruvananthapuram,Furniture,Chairs,Gaming Chair,3,22539.6,10,67618.8,10700.32
3459,2023-11-09,East,Assam,Dibrugarh,Office Supplies,Printers,HP Inkjet Printer,4,5037.95,15,20151.8,1360.07
3460,2023-08-18,South,Andhra Pradesh,Tirupati,Office Supplies,Stationery,A4 Paper Ream,4,3708.0,20,14832.0,1859.69
3461,2022-11-28,East,Assam,Dibrugarh,Electronics,Laptops,Dell Inspiron 15,2,52488.0,0,104976.0,2964.42
3462,2023-12-03,South,Telangana,Warangal,Furniture,Storage,TV Unit,6,23650.9,30,141905.4,18215.4
3463,2024-09-14,North,Haryana,Gurugram,Office Supplies,Printers,HP Inkjet Printer,3,2605.5,10,7816.5,497.89
3464,2023-12-27,East,Odisha,Bhubaneswar,Office Supplies,Printers,HP Inkjet Printer,1,6207.0,25,6207.0,515.82
3465,2024-11-05,South,Kerala,Kochi,Clothing,Menswear,Sherwani,1,2145.0,0,2145.0,356.2
3466,2024-02-05,South,Kerala,Kozhikode,Office Supplies,Stationery,Gel Pen Pack,6,11044.0,0,66264.0,12921.88
3467,2023-02-12,East,West Bengal,Siliguri,Furniture,Sofas,3-Seater Fabric Sofa,5,22672.5,25,113362.5,30165.17
3468,2024-08-07,East,Bihar,Gaya,Clothing,Womenswear,Dress,3,653.4,10,1960.2,210.81
3469,2024-10-29,West,Goa,Panaji,Office Supplies,Ink & Toner,HP Ink Cartridge,1,3843.0,40,3843.0,470.69
3470,2023-02-25,South,Kerala,Kozhikode,Furniture,Tables,Office Desk,2,8390.0,0,16780.0,2040.53
3471,2024-12-01,South,Tamil Nadu,Chennai,Furniture,Storage,Bookshelf,1,9667.2,20,9667.2,1461.72
3472,2022-08-06,South,Karnataka,Mysuru,Clothing,Womenswear,Saree,1,2028.6,10,2028.6,409.79
3473,2024-07-17,North,Rajasthan,Jodhpur,Electronics,Televisions,"Samsung 50"" Crystal",3,70650.0,0,211950.0,8917.93
3474,2023-02-27,South,Telangana,Warangal,Furniture,Chairs,Wooden Dining Chair,5,25068.0,40,125340.0,16594.31
3475,2022-06-19,West,Maharashtra,Nagpur,Office Supplies,Printers,Canon Laser Printer,3,4874.4,10,14623.2,3504.79
3476,2022-01-13,South,Karnataka,Bengaluru,Office Supplies,Stationery,Notebook Bundle,5,7624.5,15,38122.5,4147.67
3477,2024-10-25,East,Bihar,Patna,Electronics,Accessories,Power Bank,4,10960.0,20,43840.0,3884.79
3478,2022-02-27,West,Maharashtra,Nashik,Clothing,Footwear,Running Shoes,6,3718.0,0,22308.0,4568.05
3479,2022-08-05,North,Haryana,Gurugram,Clothing,Footwear,Sandals,2,2337.75,25,4675.5,581.78
3480,2022-12-30,West,Gujarat,Vadodara,Furniture,Tables,Office Desk,4,30520.95,15,122083.8,25199.65
3481,2024-03-12,South,Karnataka,Mysuru,Clothing,Menswear,Casual T-Shirt,3,2960.8,20,8882.4,1587.52
3482,2023-05-06,North,Punjab,Ludhiana,Clothing,Footwear,Running Shoes,3,3635.0,0,10905.0,2711.34
3483,2022-05-27,West,Madhya Pradesh,Indore,Furniture,Tables,Coffee Table,3,29178.4,20,87535.2,16597.38
3484,2022-05-18,South,Telangana,Karimnagar,Clothing,Footwear,Formal Shoes,6,2056.2,40,12337.2,1996.15
3485,2023-09-15,East,Odisha,Bhubaneswar,Clothing,Menswear,Formal Shirt,3,600.3,10,1800.9,383.56
3486,2024-03-07,North,Uttar Pradesh,Varanasi,Electronics,Televisions,"LG 55"" UHD",2,29106.75,25,58213.5,3459.01
3487,2022-01-21,East,Odisha,Bhubaneswar,Electronics,Televisions,"Sony Bravia 43""",4,9202.5,10,36810.0,4922.33
3488,2022-01-10,North,Uttar Pradesh,Kanpur,Electronics,Televisions,"Sony Bravia 43""",3,47010.0,25,141030.0,11799.75
3489,2024-03-12,West,Gujarat,Vadodara,Office Supplies,Stationery,A4 Paper Ream,3,2779.5,25,8338.5,806.71
3490,2022-12-23,West,Madhya Pradesh,Indore,Office Supplies,Stationery,Notebook Bundle,6,6919.0,0,41514.0,7392.05
3491,2022-11-06,North,Rajasthan,Jaipur,Clothing,Footwear,Sandals,6,3451.35,5,20708.1,4185.16
3492,2023-11-17,South,Andhra Pradesh,Vijayawada,Furniture,Sofas,L-Shaped Sofa,4,13362.4,20,53449.6,7404.68
3493,2023-04-14,West,Madhya Pradesh,Indore,Electronics,Laptops,HP Pavilion,4,43160.45,15,172641.8,3698.67
3494,2024-10-03,North,Rajasthan,Jodhpur,Electronics,Laptops,Asus Vivobook,3,36666.0,0,109998.0,12366.09
3495,2022-11-15,West,Gujarat,Vadodara,Clothing,Footwear,Formal Shoes,4,3054.0,0,12216.0,2895.89
3496,2023-05-27,East,Assam,Guwahati,Clothing,Menswear,Jeans,6,1545.6,40,9273.6,1086.73
3497,2022-05-28,North,Rajasthan,Udaipur,Furniture,Tables,Dining Table 6-Seater,6,14697.6,40,88185.6,13877.34
3498,2024-10-14,South,Telangana,Warangal,Electronics,Televisions,"LG 55"" UHD",4,59141.3,5,236565.2,36486.15
3499,2024-03-03,West,Goa,Panaji,Furniture,Chairs,Wooden Dining Chair,3,13117.2,15,39351.6,6113.04
3500,2024-06-13,West,Maharashtra,Mumbai,Electronics,Accessories,Bluetooth Speaker,6,57441.75,5,344650.5,52542.85
3501,2023-01-21,South,Andhra Pradesh,Guntur,Electronics,Laptops,Asus Vivobook,1,53042.55,15,53042.55,6046.3
3502,2024-04-19,East,West Bengal,Howrah,Furniture,Sofas,Recliner Sofa,2,12352.2,30,24704.4,6575.28
3503,2022-11-20,East,Assam,Dibrugarh,Clothing,Menswear,Sherwani,2,3496.5,10,6993.0,824.51
3504,2023-05-28,East,Bihar,Gaya,Clothing,Menswear,Sherwani,6,229.5,15,1377.0,197.32
3505,2023-10-30,West,Gujarat,Vadodara,Clothing,Womenswear,Ethnic Set,1,3546.9,10,3546.9,667.66
3506,2022-06-05,South,Kerala,Kozhikode,Office Supplies,Printers,Canon Laser Printer,5,10135.4,15,50677.0,8565.5
3507,2024-10-26,South,Andhra Pradesh,Visakhapatnam,Office Supplies,Stationery,A4 Paper Ream,2,5970.4,15,11940.8,1344.39
3508,2024-10-11,South,Andhra Pradesh,Guntur,Electronics,Accessories,Wireless Earbuds,1,27911.4,40,27911.4,3635.31
3509,2022-01-27,South,Kerala,Kozhikode,Electronics,Mobile Phones,OnePlus 12R,2,55787.25,25,111574.5,16565.97
3510,2024-10-13,East,Odisha,Bhubaneswar,Office Supplies,Stationery,A4 Paper Ream,1,6342.0,0,6342.0,1080.96
3511,2022-10-21,South,Karnataka,Mysuru,Furniture,Chairs,Wooden Dining Chair,6,26492.0,0,158952.0,11113.11
3512,2022-03-27,West,Goa,Panaji,Office Supplies,Stationery,Notebook Bundle,5,1873.2,40,9366.0,1434.41
3513,2022-10-13,East,Assam,Dibrugarh,Clothing,Womenswear,Kurti,6,4231.3,15,25387.8,6502.9
3514,2023-09-27,North,Rajasthan,Udaipur,Clothing,Footwear,Running Shoes,5,1842.0,0,9210.0,1579.06
3515,2024-11-11,North,Uttar Pradesh,Kanpur,Clothing,Footwear,Running Shoes,2,4204.7,5,8409.4,2117.61
3516,2024-08-24,West,Maharashtra,Nagpur,Electronics,Laptops,HP Pavilion,1,18181.0,0,18181.0,1231.89
3517,2024-07-08,East,Assam,Guwahati,Furniture,Tables,Dining Table 6-Seater,2,11244.65,15,22489.3,5282.29
3518,2023-07-07,North,Uttar Pradesh,Lucknow,Furniture,Storage,Wardrobe 4-Door,4,35034.0,0,140136.0,26172.6
3519,2022-12-14,East,Odisha,Cuttack,Office Supplies,Printers,Canon Laser Printer,1,3813.6,20,3813.6,608.74
3520,2023-09-26,East,Bihar,Patna,Office Supplies,Printers,Canon Laser Printer,3,1461.0,40,4383.0,797.23
3521,2024-12-02,South,Andhra Pradesh,Vijayawada,Office Supplies,Ink & Toner,Canon Toner,4,9053.0,0,36212.0,4473.86
3522,2024-05-26,East,Assam,Guwahati,Office Supplies,Stationery,Notebook Bundle,4,6350.4,30,25401.6,5565.58
3523,2023-04-03,West,Maharashtra,Pune,Clothing,Womenswear,Ethnic Set,1,2454.4,20,2454.4,237.18
3524,2022-11-05,West,Gujarat,Surat,Office Supplies,Printers,HP Inkjet Printer,3,3972.5,30,11917.5,3168.51
3525,2022-10-01,South,Telangana,Hyderabad,Office Supplies,Ink & Toner,HP Ink Cartridge,4,1562.4,20,6249.6,1423.45
3526,2024-11-13,East,Assam,Dibrugarh,Clothing,Womenswear,Saree,2,4086.8,15,8173.6,1633.36
3527,2023-07-26,East,Odisha,Cuttack,Electronics,Laptops,Dell Inspiron 15,5,28318.0,0,141590.0,18132.73
3528,2023-04-02,South,Tamil Nadu,Chennai,Office Supplies,Stationery,Notebook Bundle,5,7533.9,10,37669.5,4844.18
3529,2023-07-24,North,Haryana,Gurugram,Electronics,Accessories,Wireless Earbuds,1,38440.0,0,38440.0,1861.4
3530,2022-11-21,East,Assam,Guwahati,Office Supplies,Ink & Toner,Canon Toner,5,5228.3,30,26141.5,7026.35
3531,2024-01-08,East,Assam,Guwahati,Electronics,Laptops,HP Pavilion,6,53258.9,5,319553.4,44437.34
3532,2023-10-05,North,Haryana,Faridabad,Clothing,Menswear,Jeans,2,2247.7,30,4495.4,679.05
3533,2024-12-02,West,Madhya Pradesh,Bhopal,Furniture,Storage,Wardrobe 4-Door,1,11382.7,30,11382.7,1337.56
3534,2022-03-27,North,Punjab,Chandigarh,Electronics,Laptops,HP Pavilion,6,42779.1,30,256674.6,34792.75
3535,2024-10-20,South,Andhra Pradesh,Tirupati,Furniture,Chairs,Wooden Dining Chair,6,5265.0,0,31590.0,6762.34
3536,2022-07-20,North,Punjab,Ludhiana,Furniture,Tables,Office Desk,3,21465.0,10,64395.0,14329.82
3537,2024-12-28,East,Assam,Guwahati,Furniture,Chairs,Ergonomic Office Chair,1,29214.4,20,29214.4,1996.91
3538,2022-05-04,East,West Bengal,Howrah,Clothing,Footwear,Running Shoes,6,2698.2,10,16189.2,2712.6
3539,2022-10-02,West,Maharashtra,Mumbai,Clothing,Womenswear,Ethnic Set,5,1956.05,5,9780.25,2534.17
3540,2024-05-31,North,Haryana,Gurugram,Furniture,Tables,Coffee Table,3,3916.0,0,11748.0,2322.76
3541,2022-12-18,West,Maharashtra,Pune,Furniture,Sofas,L-Shaped Sofa,6,30895.0,0,185370.0,20037.34
3542,2023-11-27,North,Uttar Pradesh,Lucknow,Clothing,Menswear,Casual T-Shirt,4,750.5,5,3002.0,538.76
3543,2022-12-06,North,Uttar Pradesh,Lucknow,Furniture,Sofas,L-Shaped Sofa,6,5810.2,5,34861.2,2630.36
3544,2022-01-08,North,Punjab,Amritsar,Clothing,Menswear,Casual T-Shirt,1,2011.15,5,2011.15,229.41
3545,2022-05-10,West,Gujarat,Ahmedabad,Furniture,Tables,Coffee Table,1,33129.35,5,33129.35,7663.32
3546,2023-05-06,West,Goa,Panaji,Furniture,Storage,TV Unit,4,18843.25,5,75373.0,18382.32
3547,2023-12-31,South,Telangana,Hyderabad,Electronics,Televisions,"Samsung 50"" Crystal",3,18527.4,10,55582.2,7566.31
3548,2022-04-06,South,Karnataka,Bengaluru,Office Supplies,Ink & Toner,Canon Toner,6,8267.95,15,49607.7,3825.81
3549,2024-08-13,South,Andhra Pradesh,Vijayawada,Clothing,Womenswear,Dress,3,1287.6,40,3862.8,288.4
3550,2022-05-27,East,Bihar,Patna,Electronics,Laptops,Lenovo IdeaPad,3,53734.5,10,161203.5,23882.29
3551,2024-12-21,East,Odisha,Cuttack,Office Supplies,Printers,Canon Laser Printer,4,6659.1,10,26636.4,3744.13
3552,2024-08-20,North,Delhi,New Delhi,Electronics,Laptops,Asus Vivobook,5,30274.45,15,151372.25,20832.93
3553,2023-08-01,North,Rajasthan,Jaipur,Office Supplies,Stationery,Gel Pen Pack,1,7579.5,25,7579.5,2077.41
3554,2024-02-04,East,Assam,Dibrugarh,Electronics,Laptops,Dell Inspiron 15,4,33729.0,0,134916.0,11385.65
3555,2022-11-03,South,Telangana,Warangal,Furniture,Storage,Bookshelf,3,25778.4,40,77335.2,7783.72
3556,2024-01-03,West,Gujarat,Vadodara,Clothing,Menswear,Casual T-Shirt,2,3674.7,10,7349.4,858.15
3557,2022-03-03,West,Madhya Pradesh,Bhopal,Clothing,Womenswear,Dress,6,2949.0,25,17694.0,1035.04
3558,2022-03-23,East,Assam,Guwahati,Office Supplies,Printers,Canon Laser Printer,3,3967.0,0,11901.0,2729.53
3559,2023-05-29,East,Odisha,Cuttack,Electronics,Mobile Phones,Samsung Galaxy A54,3,13411.8,40,40235.4,4404.88
3560,2023-03-16,North,Delhi,Dwarka,Clothing,Menswear,Sherwani,5,3297.75,25,16488.75,1511.01
3561,2024-04-20,South,Andhra Pradesh,Vijayawada,Office Supplies,Ink & Toner,Canon Toner,4,1566.4,20,6265.6,785.51
3562,2024-09-04,South,Kerala,Kochi,Electronics,Laptops,Asus Vivobook,5,67230.9,10,336154.5,33898.92
3563,2022-05-12,East,West Bengal,Siliguri,Office Supplies,Stationery,Notebook Bundle,6,5070.6,10,30423.6,4776.38
3564,2023-04-10,West,Gujarat,Surat,Clothing,Menswear,Formal Shirt,5,2666.25,25,13331.25,733.4
3565,2022-09-10,West,Goa,Panaji,Office Supplies,Ink & Toner,Canon Toner,1,3451.5,25,3451.5,465.97
3566,2022-04-03,South,Andhra Pradesh,Tirupati,Office Supplies,Stationery,Gel Pen Pack,5,6806.1,30,34030.5,7498.09
3567,2022-12-28,West,Goa,Panaji,Clothing,Menswear,Casual T-Shirt,3,1251.2,15,3753.6,286.88
3568,2024-09-10,East,Assam,Dibrugarh,Office Supplies,Printers,Canon Laser Printer,5,8741.25,25,43706.25,11330.88
3569,2023-10-23,North,Haryana,Gurugram,Clothing,Footwear,Formal Shoes,4,1477.6,20,5910.4,298.27
3570,2022-08-07,North,Delhi,Dwarka,Electronics,Laptops,Lenovo IdeaPad,4,14144.4,10,56577.6,8263.34
3571,2024-10-09,North,Punjab,Chandigarh,Clothing,Menswear,Jeans,4,3394.8,10,13579.2,2994.17
3572,2023-10-30,West,Gujarat,Vadodara,Clothing,Menswear,Formal Shirt,6,4737.0,0,28422.0,4605.18
3573,2024-04-13,North,Uttar Pradesh,Noida,Electronics,Laptops,Lenovo IdeaPad,3,24191.4,40,72574.2,2129.64
3574,2024-11-11,East,Bihar,Gaya,Furniture,Chairs,Gaming Chair,1,26753.9,5,26753.9,7374.69
3575,2024-06-11,East,West Bengal,Howrah,Office Supplies,Stationery,Notebook Bundle,2,4042.0,0,8084.0,1708.65
3576,2024-08-23,North,Uttar Pradesh,Lucknow,Clothing,Womenswear,Ethnic Set,4,241.4,15,965.6,100.32
3577,2023-01-02,South,Tamil Nadu,Madurai,Office Supplies,Stationery,Gel Pen Pack,2,5449.5,25,10899.0,1924.05
3578,2022-01-25,South,Telangana,Karimnagar,Electronics,Accessories,Power Bank,2,24362.25,25,48724.5,6822.21
3579,2024-02-28,West,Goa,Panaji,Clothing,Menswear,Casual T-Shirt,1,2634.15,15,2634.15,726.52
3580,2022-01-18,North,Rajasthan,Jodhpur,Electronics,Televisions,"Samsung 50"" Crystal",4,38688.3,10,154753.2,10540.89
3581,2023-10-14,North,Punjab,Chandigarh,Office Supplies,Printers,HP Inkjet Printer,1,5634.0,0,5634.0,756.24
3582,2024-01-14,North,Punjab,Amritsar,Office Supplies,Ink & Toner,Canon Toner,2,6833.7,10,13667.4,3088.88
3583,2023-11-16,South,Andhra Pradesh,Tirupati,Clothing,Footwear,Running Shoes,1,784.0,20,784.0,89.19
3584,2024-02-11,North,Punjab,Ludhiana,Furniture,Tables,Dining Table 6-Seater,2,32468.0,0,64936.0,17886.73
3585,2022-01-05,South,Telangana,Karimnagar,Clothing,Menswear,Casual T-Shirt,1,1906.8,30,1906.8,387.44
3586,2024-04-02,East,Odisha,Bhubaneswar,Electronics,Mobile Phones,iPhone 14,5,9562.0,0,47810.0,4614.18
3587,2023-07-03,North,Haryana,Gurugram,Office Supplies,Stationery,Notebook Bundle,6,5134.5,10,30807.0,3958.49
3588,2024-11-27,East,West Bengal,Siliguri,Furniture,Sofas,3-Seater Fabric Sofa,1,17958.0,40,17958.0,2151.3
3589,2022-06-03,West,Madhya Pradesh,Bhopal,Clothing,Womenswear,Saree,5,1854.0,40,9270.0,1580.05
3590,2023-01-25,North,Delhi,Dwarka,Office Supplies,Ink & Toner,Canon Toner,5,1100.8,20,5504.0,280.9
3591,2022-11-01,North,Delhi,Dwarka,Clothing,Womenswear,Ethnic Set,6,985.6,20,5913.6,827.14
3592,2024-10-02,South,Telangana,Hyderabad,Office Supplies,Ink & Toner,Canon Toner,1,6690.4,20,6690.4,781.85
3593,2022-07-25,West,Maharashtra,Nashik,Furniture,Chairs,Ergonomic Office Chair,2,16927.1,5,33854.2,9426.36
3594,2024-09-28,South,Telangana,Warangal,Electronics,Laptops,Lenovo IdeaPad,3,57780.8,20,173342.4,6344.3
3595,2024-10-29,North,Haryana,Gurugram,Furniture,Chairs,Gaming Chair,6,8556.8,30,51340.8,8830.21
3596,2024-11-10,North,Delhi,Dwarka,Clothing,Womenswear,Ethnic Set,5,3464.65,5,17323.25,4658.75
3597,2022-10-12,North,Delhi,New Delhi,Clothing,Womenswear,Saree,3,2610.35,15,7831.05,1534.88
3598,2022-03-09,North,Rajasthan,Jaipur,Electronics,Televisions,"LG 55"" UHD",1,10353.6,10,10353.6,733.03
3599,2022-02-06,East,Bihar,Gaya,Clothing,Menswear,Casual T-Shirt,6,2303.1,10,13818.6,2665.55
3600,2024-05-14,West,Madhya Pradesh,Bhopal,Furniture,Sofas,Recliner Sofa,1,4921.7,30,4921.7,506.96
3601,2023-05-28,East,Odisha,Cuttack,Electronics,Mobile Phones,OnePlus 12R,4,63313.2,10,253252.8,35786.51
3602,2023-08-02,West,Gujarat,Vadodara,Furniture,Tables,Dining Table 6-Seater,3,19948.5,25,59845.5,13590.4
3603,2024-07-22,West,Madhya Pradesh,Bhopal,Electronics,Laptops,Dell Inspiron 15,6,47811.6,10,286869.6,26875.79
3604,2024-12-30,West,Gujarat,Ahmedabad,Office Supplies,Printers,Canon Laser Printer,6,6610.8,40,39664.8,4821.13
3605,2024-08-30,East,Odisha,Bhubaneswar,Office Supplies,Stationery,A4 Paper Ream,6,4277.6,20,25665.6,1762.69
3606,2024-08-29,West,Madhya Pradesh,Bhopal,Clothing,Footwear,Sandals,1,3643.0,0,3643.0,913.72
3607,2023-10-29,West,Goa,Panaji,Electronics,Mobile Phones,iPhone 14,6,65439.0,0,392634.0,12656.1
3608,2023-07-30,East,Assam,Dibrugarh,Furniture,Storage,TV Unit,2,37110.6,10,74221.2,16783.77
3609,2024-10-07,South,Tamil Nadu,Madurai,Furniture,Tables,Dining Table 6-Seater,1,4070.7,10,4070.7,370.1
3610,2022-04-29,West,Maharashtra,Nagpur,Clothing,Womenswear,Dress,1,3902.4,20,3902.4,594.8
3611,2022-01-17,West,Goa,Margao,Furniture,Chairs,Ergonomic Office Chair,6,20822.4,40,124934.4,33792.14
3612,2024-05-17,North,Rajasthan,Jodhpur,Furniture,Sofas,L-Shaped Sofa,1,10587.75,5,10587.75,2338.59
3613,2022-05-11,North,Haryana,Gurugram,Furniture,Chairs,Ergonomic Office Chair,4,20590.5,25,82362.0,13546.28
3614,2023-03-12,North,Punjab,Ludhiana,Clothing,Womenswear,Kurti,2,2300.4,40,4600.8,327.55
3615,2022-01-03,East,West Bengal,Siliguri,Furniture,Sofas,L-Shaped Sofa,1,27637.6,20,27637.6,7022.7
3616,2024-04-24,East,Bihar,Gaya,Furniture,Sofas,L-Shaped Sofa,1,17595.2,20,17595.2,2592.39
3617,2022-04-14,West,Gujarat,Surat,Office Supplies,Ink & Toner,HP Ink Cartridge,3,5586.0,25,16758.0,1635.29
3618,2022-01-22,South,Andhra Pradesh,Tirupati,Furniture,Tables,Office Desk,5,26582.4,20,132912.0,29547.38
3619,2022-05-28,East,West Bengal,Howrah,Furniture,Storage,TV Unit,2,30419.25,25,60838.5,7711.98
3620,2023-09-03,South,Kerala,Thiruvananthapuram,Electronics,Accessories,Power Bank,4,32881.5,10,131526.0,9813.1
3621,2022-04-21,South,Tamil Nadu,Coimbatore,Electronics,Televisions,"Samsung 50"" Crystal",4,15270.0,0,61080.0,2970.16
3622,2024-09-02,North,Rajasthan,Jodhpur,Office Supplies,Stationery,Gel Pen Pack,6,4273.6,20,25641.6,3880.94
3623,2024-08-18,West,Goa,Margao,Electronics,Televisions,"Sony Bravia 43""",2,49601.75,15,99203.5,6045.64
3624,2024-09-06,North,Rajasthan,Jaipur,Furniture,Sofas,3-Seater Fabric Sofa,2,27283.5,25,54567.0,12961.59
3625,2024-05-11,South,Telangana,Warangal,Office Supplies,Stationery,Gel Pen Pack,4,6904.2,40,27616.8,7674.43
3626,2024-12-13,West,Maharashtra,Nagpur,Clothing,Menswear,Sherwani,4,1455.4,5,5821.6,585.81
3627,2024-01-25,North,Rajasthan,Jodhpur,Clothing,Footwear,Running Shoes,4,1414.55,5,5658.2,994.69
3628,2022-12-30,North,Uttar Pradesh,Varanasi,Furniture,Storage,TV Unit,5,8335.95,15,41679.75,9780.19
3629,2024-04-19,North,Punjab,Amritsar,Office Supplies,Ink & Toner,Canon Toner,3,9539.55,15,28618.65,1653.6
3630,2022-11-06,North,Delhi,New Delhi,Electronics,Accessories,Wireless Earbuds,5,11549.6,20,57748.0,7137.93
3631,2023-12-20,West,Maharashtra,Mumbai,Office Supplies,Ink & Toner,HP Ink Cartridge,1,8531.2,20,8531.2,1381.12
3632,2024-10-04,West,Goa,Margao,Clothing,Menswear,Jeans,4,3056.4,10,12225.6,1704.15
3633,2023-11-08,North,Uttar Pradesh,Varanasi,Clothing,Womenswear,Dress,6,2506.8,40,15040.8,3845.3
3634,2022-10-30,East,Odisha,Bhubaneswar,Electronics,Accessories,Wireless Earbuds,2,25654.3,30,51308.6,7390.98
3635,2024-10-18,West,Maharashtra,Nagpur,Furniture,Sofas,Recliner Sofa,3,21544.2,10,64632.6,10266.55
3636,2024-05-03,East,Assam,Guwahati,Electronics,Accessories,Bluetooth Speaker,5,57445.6,20,287228.0,6390.96
3637,2024-12-26,West,Maharashtra,Mumbai,Clothing,Womenswear,Ethnic Set,6,2914.2,10,17485.2,3343.51
3638,2024-12-18,East,Bihar,Gaya,Office Supplies,Printers,HP Inkjet Printer,2,9160.2,10,18320.4,4957.75
3639,2024-03-10,East,Odisha,Cuttack,Furniture,Chairs,Gaming Chair,3,30818.7,10,92456.1,13949.34
3640,2022-11-20,North,Rajasthan,Jodhpur,Clothing,Womenswear,Dress,4,2844.6,40,11378.4,2747.88
3641,2024-08-18,East,Odisha,Bhubaneswar,Furniture,Sofas,Recliner Sofa,1,20581.05,15,20581.05,2385.96
3642,2022-08-21,East,Bihar,Gaya,Office Supplies,Stationery,Gel Pen Pack,6,3438.9,10,20633.4,5424.08
3643,2023-08-18,East,West Bengal,Kolkata,Furniture,Tables,Dining Table 6-Seater,1,21279.75,15,21279.75,5357.71
3644,2024-08-25,South,Kerala,Thiruvananthapuram,Furniture,Tables,Office Desk,6,29368.5,30,176211.0,28673.05
3645,2023-10-29,North,Punjab,Chandigarh,Clothing,Womenswear,Saree,1,4024.8,10,4024.8,1004.42
3646,2024-02-28,East,Assam,Dibrugarh,Office Supplies,Stationery,A4 Paper Ream,6,4582.5,25,27495.0,5828.36
3647,2024-03-29,South,Andhra Pradesh,Vijayawada,Clothing,Footwear,Running Shoes,6,3004.85,5,18029.1,2761.82
3648,2022-11-21,East,Odisha,Bhubaneswar,Office Supplies,Ink & Toner,Canon Toner,6,7119.0,0,42714.0,2800.68
3649,2024-06-24,East,Odisha,Cuttack,Office Supplies,Ink & Toner,HP Ink Cartridge,6,7596.0,10,45576.0,2353.71
3650,2023-11-06,North,Rajasthan,Jaipur,Office Supplies,Stationery,Notebook Bundle,4,9896.15,5,39584.6,5961.33
3651,2024-01-30,East,West Bengal,Howrah,Electronics,Laptops,Dell Inspiron 15,4,59325.6,5,237302.4,22511.0
3652,2023-10-13,North,Rajasthan,Jodhpur,Electronics,Laptops,Asus Vivobook,5,36207.5,30,181037.5,23159.58
3653,2022-08-17,North,Haryana,Gurugram,Furniture,Storage,Wardrobe 4-Door,4,1899.0,40,7596.0,441.54
3654,2024-12-19,North,Delhi,Dwarka,Office Supplies,Ink & Toner,HP Ink Cartridge,4,6667.2,10,26668.8,4619.51
3655,2024-05-21,East,West Bengal,Howrah,Clothing,Womenswear,Dress,3,2636.1,10,7908.3,578.19
3656,2022-01-07,East,Assam,Guwahati,Office Supplies,Stationery,Gel Pen Pack,1,6857.4,40,6857.4,1505.88
3657,2022-05-13,West,Goa,Margao,Furniture,Tables,Coffee Table,4,21026.35,5,84105.4,5104.1
3658,2022-02-13,South,Andhra Pradesh,Guntur,Electronics,Accessories,Wireless Earbuds,4,38168.8,20,152675.2,11153.92
3659,2024-12-07,East,West Bengal,Kolkata,Office Supplies,Ink & Toner,Canon Toner,6,1451.7,10,8710.2,468.86
3660,2023-07-19,West,Maharashtra,Mumbai,Electronics,Accessories,Bluetooth Speaker,5,28461.0,40,142305.0,5591.03
3661,2024-09-05,South,Tamil Nadu,Coimbatore,Office Supplies,Ink & Toner,HP Ink Cartridge,3,11553.0,0,34659.0,9069.3
3662,2024-03-17,North,Punjab,Ludhiana,Clothing,Menswear,Jeans,3,784.5,25,2353.5,138.45
3663,2023-03-29,South,Karnataka,Hubballi,Furniture,Chairs,Gaming Chair,6,17582.4,40,105494.4,6129.24
3664,2023-06-17,South,Karnataka,Hubballi,Clothing,Womenswear,Saree,3,3970.4,20,11911.2,895.51
3665,2024-06-15,East,Odisha,Bhubaneswar,Clothing,Menswear,Formal Shirt,4,981.0,10,3924.0,1002.44
3666,2023-08-26,South,Telangana,Karimnagar,Electronics,Accessories,Wireless Earbuds,1,46352.8,20,46352.8,3425.83
3667,2022-11-11,North,Delhi,New Delhi,Office Supplies,Stationery,Gel Pen Pack,1,5057.25,25,5057.25,711.92
3668,2022-11-28,West,Madhya Pradesh,Bhopal,Clothing,Womenswear,Dress,1,2634.6,40,2634.6,606.59
3669,2022-09-03,North,Uttar Pradesh,Lucknow,Office Supplies,Printers,HP Inkjet Printer,4,2976.0,0,11904.0,1320.9
3670,2023-06-02,East,Bihar,Patna,Office Supplies,Printers,HP Inkjet Printer,3,3765.5,15,11296.5,2337.28
3671,2024-10-21,North,Rajasthan,Jodhpur,Office Supplies,Ink & Toner,Canon Toner,3,1519.5,25,4558.5,812.65
3672,2023-06-05,East,Assam,Guwahati,Electronics,Laptops,HP Pavilion,4,38297.35,5,153189.4,9764.93
3673,2024-05-03,East,Bihar,Patna,Office Supplies,Printers,Canon Laser Printer,3,6553.8,10,19661.4,2576.23
3674,2023-08-02,West,Goa,Margao,Electronics,Laptops,HP Pavilion,4,25182.0,10,100728.0,15254.2
3675,2024-01-08,South,Kerala,Kozhikode,Office Supplies,Printers,HP Inkjet Printer,6,8034.0,0,48204.0,6487.87
3676,2024-10-27,West,Gujarat,Vadodara,Electronics,Televisions,"Sony Bravia 43""",4,15671.7,10,62686.8,3946.72
3677,2023-03-10,South,Telangana,Hyderabad,Clothing,Womenswear,Saree,4,3423.8,5,13695.2,2098.51
3678,2024-05-29,East,Bihar,Patna,Office Supplies,Printers,Canon Laser Printer,6,5826.6,40,34959.6,4076.0
3679,2023-02-17,West,Madhya Pradesh,Indore,Clothing,Womenswear,Dress,6,2849.6,20,17097.6,4384.51
3680,2024-10-23,North,Delhi,New Delhi,Electronics,Televisions,"Sony Bravia 43""",6,21031.2,40,126187.2,2785.45
3681,2023-05-14,North,Rajasthan,Udaipur,Furniture,Tables,Dining Table 6-Seater,1,9280.0,0,9280.0,1313.52
3682,2023-07-27,South,Telangana,Hyderabad,Clothing,Menswear,Formal Shirt,1,2918.7,10,2918.7,194.24
3683,2023-12-26,North,Rajasthan,Jodhpur,Electronics,Accessories,Power Bank,2,42090.0,0,84180.0,1936.85
3684,2023-01-11,East,Bihar,Patna,Office Supplies,Printers,HP Inkjet Printer,2,1875.75,25,3751.5,664.03
3685,2022-09-27,West,Maharashtra,Pune,Clothing,Footwear,Running Shoes,2,1277.0,0,2554.0,163.15
3686,2023-08-16,West,Madhya Pradesh,Bhopal,Electronics,Televisions,"Sony Bravia 43""",6,13962.95,15,83777.7,3832.91
3687,2024-05-15,East,Bihar,Patna,Furniture,Storage,TV Unit,1,39513.0,0,39513.0,4619.44
3688,2022-04-21,East,West Bengal,Howrah,Furniture,Sofas,3-Seater Fabric Sofa,5,42503.0,0,212515.0,27307.44
3689,2024-03-12,South,Tamil Nadu,Chennai,Furniture,Chairs,Gaming Chair,3,22692.6,30,68077.8,16605.32
3690,2022-12-18,North,Punjab,Chandigarh,Electronics,Accessories,Smart Watch,2,26369.25,25,52738.5,6006.23
3691,2023-11-03,South,Karnataka,Hubballi,Furniture,Chairs,Gaming Chair,3,12867.4,30,38602.2,6697.91
3692,2023-09-30,West,Madhya Pradesh,Indore,Electronics,Televisions,"Samsung 50"" Crystal",5,24613.6,20,123068.0,9544.26
3693,2024-12-07,West,Goa,Margao,Electronics,Accessories,Bluetooth Speaker,5,39982.0,0,199910.0,4379.14
3694,2024-10-20,South,Kerala,Kozhikode,Electronics,Laptops,Dell Inspiron 15,4,24282.0,10,97128.0,12357.0
3695,2024-10-21,North,Uttar Pradesh,Kanpur,Electronics,Accessories,Power Bank,5,63118.0,0,315590.0,9996.46
3696,2024-04-10,North,Uttar Pradesh,Varanasi,Furniture,Sofas,L-Shaped Sofa,2,25302.6,10,50605.2,3429.53
3697,2023-04-10,East,West Bengal,Howrah,Electronics,Laptops,HP Pavilion,1,6766.5,25,6766.5,250.03
3698,2023-08-28,West,Maharashtra,Nagpur,Electronics,Accessories,Wireless Earbuds,5,17647.0,0,88235.0,12159.73
3699,2023-11-13,East,Odisha,Cuttack,Furniture,Storage,Wardrobe 4-Door,3,7832.7,10,23498.1,3128.71
3700,2023-06-25,South,Telangana,Karimnagar,Furniture,Storage,Bookshelf,1,23206.4,20,23206.4,1276.15
3701,2023-08-27,North,Haryana,Faridabad,Clothing,Womenswear,Dress,1,2443.5,25,2443.5,170.2
3702,2023-11-22,North,Punjab,Amritsar,Clothing,Footwear,Sandals,3,1985.9,30,5957.7,934.5
3703,2024-12-06,South,Tamil Nadu,Madurai,Furniture,Sofas,L-Shaped Sofa,1,9383.4,10,9383.4,819.84
3704,2023-06-23,West,Goa,Margao,Office Supplies,Printers,Canon Laser Printer,2,5564.25,25,11128.5,2849.02
3705,2023-06-25,South,Tamil Nadu,Coimbatore,Office Supplies,Printers,Canon Laser Printer,6,5915.0,0,35490.0,3342.2
3706,2022-07-02,East,West Bengal,Kolkata,Electronics,Mobile Phones,Samsung Galaxy A54,6,22030.2,10,132181.2,18504.3
3707,2024-12-05,South,Tamil Nadu,Chennai,Electronics,Laptops,Lenovo IdeaPad,4,57896.0,0,231584.0,5625.5
3708,2022-05-11,West,Goa,Panaji,Clothing,Footwear,Running Shoes,6,2633.0,0,15798.0,1236.72
3709,2023-07-28,North,Haryana,Gurugram,Electronics,Accessories,Power Bank,3,41603.4,10,124810.2,18389.57
3710,2024-12-17,North,Delhi,Dwarka,Office Supplies,Stationery,Notebook Bundle,1,6820.0,20,6820.0,426.98
3711,2024-11-27,West,Maharashtra,Nagpur,Furniture,Tables,Coffee Table,6,28618.0,0,171708.0,41976.64
3712,2024-10-11,West,Goa,Panaji,Furniture,Sofas,L-Shaped Sofa,3,3081.25,15,9243.75,1834.72
3713,2023-08-13,North,Punjab,Amritsar,Electronics,Laptops,Lenovo IdeaPad,6,63743.0,0,382458.0,58327.55
3714,2024-05-27,West,Madhya Pradesh,Bhopal,Electronics,Mobile Phones,Redmi Note 13,1,39555.9,10,39555.9,4328.27
3715,2024-09-27,East,Odisha,Bhubaneswar,Office Supplies,Ink & Toner,HP Ink Cartridge,3,7228.0,0,21684.0,1551.91
3716,2024-05-23,West,Gujarat,Surat,Furniture,Sofas,Recliner Sofa,6,23956.0,0,143736.0,33474.31
3717,2023-03-15,South,Andhra Pradesh,Guntur,Clothing,Footwear,Sandals,6,237.6,40,1425.6,188.82
3718,2022-02-13,West,Maharashtra,Nagpur,Clothing,Footwear,Running Shoes,5,3715.45,5,18577.25,2597.68
3719,2024-10-31,North,Rajasthan,Udaipur,Furniture,Chairs,Ergonomic Office Chair,4,8030.7,10,32122.8,1866.46
3720,2024-02-20,East,West Bengal,Siliguri,Electronics,Televisions,"Samsung 50"" Crystal",2,14751.75,25,29503.5,4458.48
3721,2023-11-12,North,Uttar Pradesh,Kanpur,Furniture,Sofas,3-Seater Fabric Sofa,3,29625.05,15,88875.15,4490.96
3722,2023-03-15,West,Madhya Pradesh,Indore,Clothing,Menswear,Sherwani,6,1621.8,10,9730.8,2257.22
3723,2024-10-14,East,Odisha,Bhubaneswar,Furniture,Chairs,Wooden Dining Chair,4,35117.0,0,140468.0,28870.93
3724,2023-09-26,South,Kerala,Thiruvananthapuram,Furniture,Sofas,L-Shaped Sofa,5,29352.2,15,146761.0,29261.37
3725,2024-07-21,West,Gujarat,Surat,Electronics,Accessories,Smart Watch,6,30752.4,40,184514.4,13096.66
3726,2024-10-03,North,Punjab,Ludhiana,Furniture,Storage,Wardrobe 4-Door,4,22919.4,30,91677.6,19800.7
3727,2022-07-23,South,Telangana,Karimnagar,Furniture,Sofas,3-Seater Fabric Sofa,3,8714.7,10,26144.1,5249.44
3728,2022-04-14,East,Bihar,Patna,Office Supplies,Ink & Toner,HP Ink Cartridge,2,6719.3,30,13438.6,3244.42
3729,2023-08-14,South,Telangana,Hyderabad,Furniture,Tables,Dining Table 6-Seater,2,4668.3,10,9336.6,1591.48
3730,2023-10-21,East,West Bengal,Siliguri,Office Supplies,Stationery,Notebook Bundle,1,293.25,15,293.25,52.56
3731,2023-02-25,North,Delhi,New Delhi,Electronics,Televisions,"Samsung 50"" Crystal",5,22647.1,30,113235.5,2368.13
3732,2023-03-05,West,Maharashtra,Pune,Electronics,Televisions,"Samsung 50"" Crystal",3,39044.7,10,117134.1,11203.14
3733,2023-02-09,West,Madhya Pradesh,Indore,Electronics,Mobile Phones,Redmi Note 13,2,39826.2,40,79652.4,4565.8
3734,2022-12-13,West,Goa,Margao,Electronics,Televisions,"LG 55"" UHD",1,8528.05,15,8528.05,946.63
3735,2024-11-05,North,Haryana,Gurugram,Electronics,Mobile Phones,Redmi Note 13,5,36530.35,5,182651.75,22298.56
3736,2024-12-31,East,Odisha,Cuttack,Clothing,Footwear,Formal Shoes,2,3366.9,10,6733.8,492.06
3737,2023-04-26,South,Tamil Nadu,Chennai,Clothing,Womenswear,Ethnic Set,6,3185.1,10,19110.6,4320.46
3738,2023-04-23,South,Tamil Nadu,Madurai,Electronics,Mobile Phones,iPhone 14,3,27648.0,25,82944.0,4045.89
3739,2023-04-17,South,Tamil Nadu,Chennai,Furniture,Storage,TV Unit,6,3360.7,30,20164.2,3701.41
3740,2022-04-03,South,Tamil Nadu,Chennai,Office Supplies,Printers,Canon Laser Printer,2,6979.5,25,13959.0,1480.8
3741,2023-10-20,East,Bihar,Patna,Electronics,Accessories,Smart Watch,4,62531.85,5,250127.4,5850.98
3742,2022-03-12,East,West Bengal,Kolkata,Office Supplies,Ink & Toner,Canon Toner,1,7037.1,30,7037.1,1743.31
3743,2023-06-23,East,Bihar,Gaya,Electronics,Televisions,"LG 55"" UHD",3,32307.0,0,96921.0,14510.68
3744,2023-10-30,West,Maharashtra,Pune,Electronics,Mobile Phones,OnePlus 12R,6,73328.0,0,439968.0,65760.16
3745,2022-02-19,West,Maharashtra,Nagpur,Electronics,Accessories,Wireless Earbuds,4,63675.9,10,254703.6,33029.94
3746,2024-01-06,West,Maharashtra,Mumbai,Electronics,Mobile Phones,iPhone 14,1,9853.2,10,9853.2,1368.57
3747,2023-05-31,East,Odisha,Cuttack,Clothing,Womenswear,Saree,3,2860.8,40,8582.4,1623.38
3748,2023-08-01,North,Haryana,Faridabad,Clothing,Menswear,Formal Shirt,2,2964.0,0,5928.0,417.99
3749,2024-11-04,South,Tamil Nadu,Coimbatore,Furniture,Chairs,Ergonomic Office Chair,5,16275.6,40,81378.0,4489.95
3750,2023-05-08,South,Tamil Nadu,Chennai,Clothing,Womenswear,Kurti,6,3372.8,20,20236.8,5098.9
3751,2022-11-17,South,Kerala,Thiruvananthapuram,Clothing,Womenswear,Kurti,2,852.8,20,1705.6,285.31
3752,2023-08-23,East,Bihar,Gaya,Furniture,Chairs,Wooden Dining Chair,3,26975.2,30,80925.6,20699.83
3753,2022-09-18,West,Madhya Pradesh,Indore,Clothing,Footwear,Sandals,3,2755.8,40,8267.4,2300.52
3754,2023-09-26,West,Madhya Pradesh,Indore,Furniture,Chairs,Wooden Dining Chair,6,26547.0,25,159282.0,35511.46
3755,2024-09-06,East,Assam,Dibrugarh,Clothing,Menswear,Sherwani,5,2371.2,5,11856.0,1548.87
3756,2024-07-19,North,Rajasthan,Udaipur,Clothing,Womenswear,Ethnic Set,4,3529.0,0,14116.0,2952.74
3757,2022-06-17,North,Haryana,Gurugram,Clothing,Womenswear,Saree,3,2289.0,40,6867.0,1127.08
3758,2023-12-29,East,Bihar,Patna,Electronics,Accessories,Power Bank,6,26895.0,25,161370.0,4275.84
3759,2024-07-01,East,West Bengal,Howrah,Electronics,Accessories,Power Bank,4,15262.0,0,61048.0,4297.57
3760,2023-08-01,West,Maharashtra,Nagpur,Clothing,Womenswear,Saree,3,3842.1,10,11526.3,3094.22
3761,2023-07-06,West,Madhya Pradesh,Bhopal,Clothing,Menswear,Jeans,3,2985.0,0,8955.0,2506.76
3762,2022-11-25,East,Odisha,Bhubaneswar,Clothing,Womenswear,Dress,6,520.1,30,3120.6,573.09
3763,2022-11-19,East,Assam,Guwahati,Furniture,Storage,Bookshelf,5,35756.0,20,178780.0,36955.45
3764,2023-09-20,North,Rajasthan,Jodhpur,Furniture,Chairs,Ergonomic Office Chair,1,34022.4,20,34022.4,4478.17
3765,2024-09-06,East,Bihar,Patna,Office Supplies,Printers,HP Inkjet Printer,4,966.4,20,3865.6,364.91
3766,2024-05-27,South,Tamil Nadu,Chennai,Office Supplies,Ink & Toner,HP Ink Cartridge,3,5533.5,15,16600.5,2460.71
3767,2024-09-02,East,Odisha,Bhubaneswar,Electronics,Televisions,"Samsung 50"" Crystal",1,9693.0,10,9693.0,1217.34
3768,2022-02-07,East,Bihar,Patna,Furniture,Storage,TV Unit,6,21265.0,0,127590.0,22584.22
3769,2022-08-30,North,Rajasthan,Jodhpur,Clothing,Womenswear,Kurti,2,1067.5,30,2135.0,333.69
3770,2022-07-13,West,Goa,Panaji,Electronics,Laptops,Dell Inspiron 15,2,22926.0,40,45852.0,7028.52
3771,2023-06-04,West,Gujarat,Vadodara,Furniture,Storage,Bookshelf,6,12078.9,10,72473.4,10039.64
3772,2024-08-28,North,Haryana,Faridabad,Electronics,Laptops,Dell Inspiron 15,6,31502.0,0,189012.0,30121.35
3773,2024-04-01,South,Karnataka,Mysuru,Furniture,Tables,Coffee Table,4,14849.1,30,59396.4,6331.58
3774,2024-08-12,East,Assam,Guwahati,Office Supplies,Ink & Toner,HP Ink Cartridge,2,2148.75,25,4297.5,689.44
3775,2024-10-16,East,West Bengal,Kolkata,Office Supplies,Stationery,Gel Pen Pack,4,5379.65,15,21518.6,1979.87
3776,2023-07-31,West,Madhya Pradesh,Indore,Electronics,Mobile Phones,Redmi Note 13,1,45442.0,0,45442.0,3836.53
3777,2022-07-29,North,Rajasthan,Jodhpur,Furniture,Tables,Coffee Table,1,21474.6,30,21474.6,5633.38
3778,2023-08-20,North,Haryana,Faridabad,Electronics,Mobile Phones,Redmi Note 13,3,35397.0,0,106191.0,15240.14
3779,2023-10-25,West,Madhya Pradesh,Bhopal,Furniture,Sofas,3-Seater Fabric Sofa,4,4526.25,25,18105.0,2051.36
3780,2023-01-26,East,Bihar,Gaya,Electronics,Televisions,"Sony Bravia 43""",1,29009.7,10,29009.7,2420.57
3781,2022-04-01,South,Andhra Pradesh,Guntur,Furniture,Storage,Wardrobe 4-Door,1,13439.0,0,13439.0,3709.83
3782,2024-05-01,East,Bihar,Gaya,Clothing,Womenswear,Kurti,2,1949.9,15,3899.8,681.57
3783,2024-08-22,South,Andhra Pradesh,Guntur,Office Supplies,Stationery,A4 Paper Ream,3,7047.0,40,21141.0,5645.86
3784,2024-04-12,North,Punjab,Ludhiana,Furniture,Chairs,Gaming Chair,4,27303.3,10,109213.2,28388.51
3785,2023-11-12,West,Madhya Pradesh,Bhopal,Electronics,Accessories,Smart Watch,2,38864.8,20,77729.6,7982.27
3786,2024-10-21,South,Tamil Nadu,Coimbatore,Office Supplies,Stationery,Notebook Bundle,5,8325.0,0,41625.0,4954.42
3787,2022-07-18,West,Maharashtra,Mumbai,Clothing,Footwear,Formal Shoes,3,1316.0,20,3948.0,644.07
3788,2023-10-30,West,Goa,Margao,Electronics,Accessories,Bluetooth Speaker,6,20807.2,20,124843.2,11125.52
3789,2022-03-31,South,Telangana,Warangal,Clothing,Menswear,Sherwani,5,541.8,10,2709.0,224.54
3790,2022-05-09,South,Karnataka,Bengaluru,Electronics,Televisions,"LG 55"" UHD",6,18301.0,0,109806.0,8793.74
3791,2023-03-27,East,Odisha,Bhubaneswar,Clothing,Womenswear,Ethnic Set,6,2310.0,0,13860.0,3452.19
3792,2022-06-21,South,Tamil Nadu,Coimbatore,Electronics,Mobile Phones,OnePlus 12R,3,16899.75,25,50699.25,7491.45
3793,2023-05-28,West,Goa,Margao,Clothing,Womenswear,Kurti,5,499.2,20,2496.0,370.43
3794,2022-09-26,North,Uttar Pradesh,Kanpur,Office Supplies,Ink & Toner,HP Ink Cartridge,3,10555.0,0,31665.0,4222.45
3795,2024-12-31,East,Assam,Dibrugarh,Electronics,Mobile Phones,Redmi Note 13,6,12501.0,10,75006.0,8725.47
3796,2024-03-11,South,Andhra Pradesh,Visakhapatnam,Furniture,Chairs,Gaming Chair,2,37872.0,0,75744.0,16730.89
3797,2022-03-20,East,West Bengal,Kolkata,Clothing,Footwear,Running Shoes,6,1667.25,25,10003.5,643.44
3798,2022-08-05,East,Assam,Dibrugarh,Electronics,Televisions,"Samsung 50"" Crystal",4,19516.0,30,78064.0,10956.38
3799,2023-01-30,South,Telangana,Warangal,Furniture,Storage,TV Unit,4,11833.2,5,47332.8,5918.12
3800,2023-07-20,South,Tamil Nadu,Madurai,Office Supplies,Stationery,Notebook Bundle,4,8092.5,25,32370.0,8403.69
3801,2022-01-10,West,Goa,Margao,Furniture,Tables,Dining Table 6-Seater,1,26536.15,15,26536.15,6432.48
3802,2024-04-28,East,West Bengal,Howrah,Office Supplies,Ink & Toner,HP Ink Cartridge,4,213.3,10,853.2,134.4
3803,2023-10-07,North,Delhi,Dwarka,Clothing,Menswear,Jeans,4,3361.5,10,13446.0,1811.39
3804,2023-01-21,South,Karnataka,Hubballi,Electronics,Mobile Phones,iPhone 14,4,35730.8,30,142923.2,13022.02
3805,2023-01-04,South,Tamil Nadu,Chennai,Furniture,Chairs,Ergonomic Office Chair,4,24296.25,5,97185.0,5153.13
3806,2022-10-14,West,Maharashtra,Nagpur,Office Supplies,Stationery,A4 Paper Ream,2,4293.0,0,8586.0,610.73
3807,2024-06-15,East,Bihar,Patna,Office Supplies,Stationery,A4 Paper Ream,5,10555.0,0,52775.0,8864.24
3808,2023-08-16,South,Andhra Pradesh,Tirupati,Office Supplies,Ink & Toner,HP Ink Cartridge,3,3345.6,40,10036.8,1895.48
3809,2023-03-12,North,Punjab,Ludhiana,Furniture,Storage,TV Unit,5,24273.0,25,121365.0,29442.41
3810,2023-02-20,North,Haryana,Gurugram,Furniture,Sofas,L-Shaped Sofa,1,30051.0,0,30051.0,4536.37
3811,2022-11-01,South,Telangana,Warangal,Furniture,Chairs,Wooden Dining Chair,1,14104.8,40,14104.8,1424.87
3812,2024-05-31,West,Gujarat,Surat,Office Supplies,Stationery,Gel Pen Pack,3,9287.95,15,27863.85,5834.31
3813,2023-07-28,East,West Bengal,Howrah,Electronics,Accessories,Wireless Earbuds,3,40600.0,30,121800.0,10070.97
3814,2023-04-13,South,Telangana,Hyderabad,Electronics,Accessories,Smart Watch,2,27681.5,30,55363.0,6000.78
3815,2023-05-06,East,West Bengal,Kolkata,Office Supplies,Stationery,Notebook Bundle,6,414.0,0,2484.0,138.05
3816,2023-09-28,East,Assam,Dibrugarh,Office Supplies,Printers,HP Inkjet Printer,4,638.25,25,2553.0,312.31
3817,2024-11-02,East,Odisha,Cuttack,Electronics,Accessories,Smart Watch,4,23356.2,30,93424.8,14635.39
3818,2022-10-29,South,Kerala,Thiruvananthapuram,Electronics,Mobile Phones,Redmi Note 13,3,58509.75,15,175529.25,5950.19
3819,2024-03-22,South,Kerala,Kozhikode,Clothing,Menswear,Sherwani,4,645.6,20,2582.4,452.49
3820,2024-03-04,East,Assam,Guwahati,Furniture,Storage,TV Unit,1,9597.0,30,9597.0,1963.13
3821,2024-02-12,South,Tamil Nadu,Madurai,Electronics,Televisions,"Samsung 50"" Crystal",2,17129.4,40,34258.8,3609.17
3822,2024-06-25,South,Andhra Pradesh,Vijayawada,Furniture,Chairs,Wooden Dining Chair,6,39139.2,10,234835.2,25645.1
3823,2024-12-29,West,Madhya Pradesh,Bhopal,Clothing,Footwear,Formal Shoes,6,1747.0,0,10482.0,1046.18
3824,2024-10-29,East,Assam,Dibrugarh,Office Supplies,Stationery,Gel Pen Pack,6,10216.8,10,61300.8,12093.39
3825,2024-12-23,South,Telangana,Warangal,Furniture,Chairs,Wooden Dining Chair,2,7004.2,30,14008.4,2400.0
3826,2022-02-17,South,Karnataka,Mysuru,Clothing,Footwear,Sandals,1,1890.0,0,1890.0,217.83
3827,2023-11-24,North,Haryana,Faridabad,Office Supplies,Ink & Toner,Canon Toner,2,7874.55,5,15749.1,2415.98
3828,2022-03-21,East,Assam,Dibrugarh,Furniture,Sofas,Recliner Sofa,3,25496.0,20,76488.0,8276.41
3829,2023-11-12,West,Madhya Pradesh,Bhopal,Furniture,Sofas,Recliner Sofa,5,29190.4,20,145952.0,18809.9
3830,2022-09-14,West,Goa,Panaji,Office Supplies,Printers,Canon Laser Printer,4,6087.6,40,24350.4,4617.65
3831,2024-08-06,East,Assam,Dibrugarh,Electronics,Televisions,"Samsung 50"" Crystal",1,18865.8,10,18865.8,1742.2
3832,2023-04-23,North,Uttar Pradesh,Kanpur,Furniture,Storage,Wardrobe 4-Door,2,15658.4,20,31316.8,2910.73
3833,2022-06-27,West,Madhya Pradesh,Bhopal,Clothing,Womenswear,Kurti,5,808.2,10,4041.0,975.74
3834,2022-11-26,East,Odisha,Cuttack,Electronics,Televisions,"Sony Bravia 43""",1,16300.8,10,16300.8,2278.03
3835,2022-03-16,East,West Bengal,Howrah,Electronics,Mobile Phones,Samsung Galaxy A54,1,13165.8,40,13165.8,1872.45
3836,2023-09-25,West,Gujarat,Ahmedabad,Electronics,Mobile Phones,OnePlus 12R,5,38904.3,10,194521.5,27370.61
3837,2022-11-17,South,Karnataka,Bengaluru,Furniture,Chairs,Wooden Dining Chair,6,32999.0,0,197994.0,32626.88
3838,2023-02-11,East,Assam,Dibrugarh,Clothing,Footwear,Running Shoes,1,3687.2,20,3687.2,821.26
3839,2024-10-10,West,Maharashtra,Pune,Office Supplies,Stationery,A4 Paper Ream,4,2055.2,20,8220.8,2128.17
3840,2023-06-11,West,Madhya Pradesh,Bhopal,Furniture,Storage,TV Unit,6,6290.1,10,37740.6,6219.28
3841,2024-10-01,West,Maharashtra,Mumbai,Clothing,Menswear,Jeans,5,1276.8,30,6384.0,1108.4
3842,2024-10-17,East,Bihar,Patna,Electronics,Accessories,Wireless Earbuds,6,50466.85,5,302801.1,38388.53
3843,2022-07-22,West,Gujarat,Ahmedabad,Furniture,Tables,Office Desk,4,19170.0,10,76680.0,7853.36
3844,2022-10-25,West,Goa,Margao,Clothing,Womenswear,Dress,6,3773.4,5,22640.4,2495.44
3845,2024-09-11,North,Haryana,Gurugram,Electronics,Televisions,"LG 55"" UHD",6,13320.75,25,79924.5,7853.79
3846,2024-11-06,North,Delhi,Dwarka,Office Supplies,Stationery,A4 Paper Ream,2,4963.7,30,9927.4,1292.45
3847,2023-01-04,South,Andhra Pradesh,Guntur,Office Supplies,Printers,HP Inkjet Printer,3,3586.4,20,10759.2,1404.76
3848,2022-08-28,North,Haryana,Gurugram,Office Supplies,Printers,HP Inkjet Printer,6,6858.4,20,41150.4,10133.84
3849,2023-03-20,North,Rajasthan,Jodhpur,Office Supplies,Stationery,Gel Pen Pack,4,7722.75,25,30891.0,3031.41
3850,2022-09-10,North,Delhi,New Delhi,Electronics,Laptops,Asus Vivobook,3,27947.0,0,83841.0,5425.1
3851,2024-10-31,East,Assam,Guwahati,Clothing,Menswear,Casual T-Shirt,1,3289.0,0,3289.0,647.43
3852,2022-09-24,North,Uttar Pradesh,Noida,Clothing,Menswear,Casual T-Shirt,6,2243.25,25,13459.5,1146.38
3853,2024-10-12,South,Karnataka,Hubballi,Clothing,Menswear,Sherwani,5,3364.5,25,16822.5,2754.94
3854,2023-11-05,North,Rajasthan,Udaipur,Clothing,Menswear,Sherwani,5,2893.5,10,14467.5,1614.17
3855,2024-01-13,North,Rajasthan,Jaipur,Clothing,Menswear,Formal Shirt,1,1701.6,40,1701.6,368.23
3856,2023-10-05,West,Madhya Pradesh,Bhopal,Electronics,Accessories,Bluetooth Speaker,6,28008.0,25,168048.0,16868.4
3857,2023-04-12,North,Haryana,Faridabad,Office Supplies,Printers,HP Inkjet Printer,5,6600.25,15,33001.25,6435.34
3858,2022-10-19,South,Andhra Pradesh,Vijayawada,Furniture,Storage,TV Unit,4,30120.3,30,120481.2,24599.22
3859,2024-08-08,South,Karnataka,Bengaluru,Furniture,Chairs,Ergonomic Office Chair,5,18385.8,40,91929.0,19400.76
3860,2023-11-09,East,Assam,Guwahati,Furniture,Storage,TV Unit,5,33850.4,5,169252.0,15430.16
3861,2024-11-21,East,Bihar,Patna,Electronics,Mobile Phones,iPhone 14,2,39993.1,5,79986.2,11221.61
3862,2022-02-23,East,Odisha,Bhubaneswar,Office Supplies,Ink & Toner,Canon Toner,3,7901.6,20,23704.8,4782.32
3863,2023-10-09,East,Odisha,Cuttack,Furniture,Chairs,Ergonomic Office Chair,5,30021.15,15,150105.75,23057.35
3864,2024-04-27,South,Tamil Nadu,Chennai,Office Supplies,Ink & Toner,HP Ink Cartridge,5,1602.0,0,8010.0,2128.02
3865,2024-06-08,South,Tamil Nadu,Coimbatore,Electronics,Accessories,Bluetooth Speaker,6,34156.2,40,204937.2,15809.98
3866,2023-04-26,South,Andhra Pradesh,Vijayawada,Furniture,Storage,TV Unit,3,24545.25,25,73635.75,9950.6
3867,2024-03-19,East,Odisha,Bhubaneswar,Clothing,Womenswear,Dress,1,2658.6,30,2658.6,331.31
3868,2022-11-08,South,Kerala,Thiruvananthapuram,Clothing,Footwear,Running Shoes,1,352.8,20,352.8,85.63
3869,2023-11-16,East,Odisha,Bhubaneswar,Office Supplies,Stationery,Gel Pen Pack,2,11771.0,0,23542.0,4615.11
3870,2024-05-05,North,Delhi,Dwarka,Electronics,Accessories,Wireless Earbuds,4,22621.0,0,90484.0,6842.68
3871,2022-04-22,East,West Bengal,Howrah,Electronics,Accessories,Wireless Earbuds,1,51231.75,25,51231.75,5391.09
3872,2023-02-20,West,Madhya Pradesh,Bhopal,Electronics,Televisions,"Samsung 50"" Crystal",1,68448.0,0,68448.0,9638.82
3873,2022-11-03,North,Delhi,Dwarka,Office Supplies,Ink & Toner,Canon Toner,4,2392.2,10,9568.8,1480.41
3874,2024-03-13,East,Odisha,Cuttack,Office Supplies,Ink & Toner,HP Ink Cartridge,6,551.25,25,3307.5,214.67
3875,2023-10-27,West,Goa,Panaji,Electronics,Laptops,HP Pavilion,4,67287.0,0,269148.0,36857.29
3876,2024-02-22,South,Karnataka,Bengaluru,Furniture,Tables,Coffee Table,4,38627.1,10,154508.4,23695.02
3877,2022-04-25,North,Uttar Pradesh,Lucknow,Office Supplies,Ink & Toner,Canon Toner,6,8077.5,10,48465.0,3740.4
3878,2022-05-09,South,Telangana,Warangal,Electronics,Mobile Phones,iPhone 14,4,12880.8,10,51523.2,5347.05
3879,2022-05-13,North,Rajasthan,Jodhpur,Furniture,Storage,TV Unit,5,35218.4,20,176092.0,40784.58
3880,2024-12-31,South,Kerala,Kozhikode,Clothing,Footwear,Running Shoes,6,2373.3,10,14239.8,3529.06
3881,2024-03-07,East,Assam,Guwahati,Office Supplies,Stationery,A4 Paper Ream,4,7885.45,15,31541.8,6948.26
3882,2023-12-07,West,Maharashtra,Nagpur,Clothing,Womenswear,Dress,6,305.0,0,1830.0,188.51
3883,2023-02-09,South,Kerala,Thiruvananthapuram,Electronics,Televisions,"LG 55"" UHD",5,39025.8,40,195129.0,12200.42
3884,2024-08-16,South,Kerala,Thiruvananthapuram,Office Supplies,Ink & Toner,HP Ink Cartridge,2,9965.0,0,19930.0,1375.82
3885,2022-10-07,East,Odisha,Bhubaneswar,Office Supplies,Ink & Toner,HP Ink Cartridge,2,11575.0,0,23150.0,3987.49
3886,2022-12-05,North,Uttar Pradesh,Varanasi,Office Supplies,Printers,HP Inkjet Printer,6,8968.0,0,53808.0,5673.49
3887,2022-01-09,West,Goa,Margao,Clothing,Footwear,Formal Shoes,1,4012.0,15,4012.0,1107.37
3888,2023-05-24,North,Punjab,Ludhiana,Electronics,Laptops,Asus Vivobook,2,19879.8,15,39759.6,1628.21
3889,2023-03-28,North,Haryana,Gurugram,Electronics,Laptops,Lenovo IdeaPad,6,56999.2,20,341995.2,14777.36
3890,2022-01-14,North,Haryana,Gurugram,Electronics,Televisions,"Samsung 50"" Crystal",3,50689.0,0,152067.0,24309.8
3891,2022-12-16,West,Maharashtra,Nashik,Furniture,Storage,Wardrobe 4-Door,3,22308.6,40,66925.8,6259.78
3892,2024-07-14,East,Odisha,Cuttack,Clothing,Footwear,Running Shoes,4,2769.3,15,11077.2,1925.81
3893,2022-10-06,North,Delhi,Dwarka,Clothing,Womenswear,Kurti,1,1020.75,25,1020.75,226.47
3894,2024-06-27,West,Madhya Pradesh,Bhopal,Furniture,Storage,Wardrobe 4-Door,2,31254.75,25,62509.5,3239.08
3895,2023-11-13,North,Rajasthan,Udaipur,Electronics,Laptops,HP Pavilion,6,27921.75,25,167530.5,19485.57
3896,2024-03-07,West,Goa,Panaji,Furniture,Chairs,Gaming Chair,2,11735.1,10,23470.2,5410.66
3897,2022-09-27,East,West Bengal,Kolkata,Electronics,Televisions,"Sony Bravia 43""",5,34375.8,40,171879.0,22626.57
3898,2023-06-23,South,Tamil Nadu,Madurai,Furniture,Tables,Office Desk,2,22381.6,20,44763.2,2389.6
3899,2023-01-15,West,Madhya Pradesh,Indore,Electronics,Laptops,Asus Vivobook,6,26390.4,20,158342.4,16434.29
3900,2023-10-10,East,Bihar,Patna,Furniture,Tables,Coffee Table,2,31152.8,20,62305.6,14042.51
3901,2024-12-11,South,Tamil Nadu,Chennai,Office Supplies,Ink & Toner,HP Ink Cartridge,2,2908.5,30,5817.0,330.11
3902,2024-11-01,West,Gujarat,Surat,Furniture,Sofas,3-Seater Fabric Sofa,2,31857.3,10,63714.6,15846.96
3903,2024-10-29,West,Gujarat,Vadodara,Office Supplies,Ink & Toner,HP Ink Cartridge,1,6518.4,20,6518.4,1094.45
3904,2023-06-20,South,Kerala,Kochi,Electronics,Televisions,"LG 55"" UHD",4,29775.0,0,119100.0,4433.61
3905,2024-03-02,East,Bihar,Gaya,Electronics,Laptops,Dell Inspiron 15,2,26890.5,25,53781.0,5049.79
3906,2022-02-04,North,Uttar Pradesh,Noida,Office Supplies,Ink & Toner,HP Ink Cartridge,1,2305.6,20,2305.6,231.22
3907,2023-06-20,West,Gujarat,Surat,Furniture,Storage,Wardrobe 4-Door,5,3270.6,10,16353.0,1181.97
3908,2022-03-29,South,Tamil Nadu,Madurai,Furniture,Chairs,Ergonomic Office Chair,2,40284.9,10,80569.8,14094.9
3909,2022-02-06,East,West Bengal,Kolkata,Electronics,Mobile Phones,iPhone 14,1,17797.0,0,17797.0,2511.92
3910,2024-10-11,East,Odisha,Bhubaneswar,Office Supplies,Printers,HP Inkjet Printer,6,3152.7,10,18916.2,1994.24
3911,2023-02-28,South,Tamil Nadu,Madurai,Furniture,Storage,Wardrobe 4-Door,3,4803.3,10,14409.9,1972.85
3912,2022-09-02,South,Karnataka,Hubballi,Electronics,Accessories,Wireless Earbuds,2,27758.25,25,55516.5,2688.22
3913,2022-11-03,South,Tamil Nadu,Coimbatore,Electronics,Laptops,Lenovo IdeaPad,5,56698.2,10,283491.0,28033.03
3914,2024-01-12,North,Uttar Pradesh,Lucknow,Office Supplies,Ink & Toner,HP Ink Cartridge,6,9204.0,0,55224.0,7738.27
3915,2024-02-12,South,Andhra Pradesh,Guntur,Clothing,Footwear,Running Shoes,6,3221.0,0,19326.0,5256.1
3916,2022-02-06,West,Goa,Margao,Office Supplies,Printers,Canon Laser Printer,6,1750.0,0,10500.0,2367.11
3917,2022-02-13,North,Delhi,New Delhi,Clothing,Womenswear,Kurti,5,876.0,25,4380.0,990.3
3918,2022-03-08,West,Maharashtra,Pune,Clothing,Womenswear,Ethnic Set,6,3536.0,0,21216.0,5381.25
3919,2022-11-23,West,Gujarat,Vadodara,Clothing,Womenswear,Ethnic Set,5,1414.0,0,7070.0,771.56
3920,2024-09-22,South,Telangana,Warangal,Office Supplies,Stationery,Gel Pen Pack,4,1438.2,10,5752.8,1326.57
3921,2024-08-18,East,Bihar,Gaya,Furniture,Sofas,L-Shaped Sofa,3,26273.0,0,78819.0,4842.66
3922,2023-12-18,North,Haryana,Faridabad,Office Supplies,Stationery,Gel Pen Pack,6,3451.2,20,20707.2,4031.97
3923,2022-11-23,South,Kerala,Kochi,Office Supplies,Ink & Toner,Canon Toner,6,742.5,10,4455.0,651.4
3924,2024-06-19,East,West Bengal,Howrah,Electronics,Laptops,HP Pavilion,3,30255.0,0,90765.0,4206.87
3925,2022-07-11,North,Uttar Pradesh,Lucknow,Office Supplies,Printers,HP Inkjet Printer,4,11274.0,0,45096.0,6282.98
3926,2024-07-08,West,Goa,Panaji,Electronics,Televisions,"Sony Bravia 43""",5,20856.0,40,104280.0,11291.63
3927,2022-07-31,North,Rajasthan,Jodhpur,Office Supplies,Printers,HP Inkjet Printer,2,4335.3,10,8670.6,1871.08
3928,2024-09-09,East,Bihar,Gaya,Furniture,Chairs,Ergonomic Office Chair,5,23519.7,10,117598.5,12582.69
3929,2022-11-14,South,Kerala,Kozhikode,Furniture,Storage,Wardrobe 4-Door,1,37142.0,0,37142.0,4000.32
3930,2024-12-18,North,Haryana,Faridabad,Furniture,Sofas,3-Seater Fabric Sofa,2,17575.6,30,35151.2,7922.63
3931,2024-12-19,West,Gujarat,Vadodara,Furniture,Sofas,L-Shaped Sofa,2,31381.0,0,62762.0,13732.89
3932,2023-04-10,West,Maharashtra,Mumbai,Clothing,Footwear,Formal Shoes,4,469.8,40,1879.2,467.86
3933,2022-09-09,West,Maharashtra,Nashik,Electronics,Televisions,"Sony Bravia 43""",5,46238.3,15,231191.5,34925.86
3934,2023-07-23,East,West Bengal,Howrah,Furniture,Storage,Bookshelf,4,35275.5,10,141102.0,10834.19
3935,2023-10-13,West,Madhya Pradesh,Bhopal,Clothing,Footwear,Formal Shoes,5,3890.4,20,19452.0,1778.17
3936,2024-04-17,East,Odisha,Bhubaneswar,Office Supplies,Stationery,Gel Pen Pack,1,6143.4,40,6143.4,1249.31
3937,2022-03-24,East,Bihar,Patna,Office Supplies,Stationery,Notebook Bundle,2,396.0,20,792.0,134.03
3938,2023-04-18,East,Assam,Guwahati,Clothing,Menswear,Casual T-Shirt,6,4106.0,0,24636.0,2139.21
3939,2023-07-03,North,Punjab,Amritsar,Furniture,Storage,Bookshelf,6,33310.0,0,199860.0,13090.43
3940,2022-06-04,West,Gujarat,Surat,Electronics,Laptops,Lenovo IdeaPad,6,67561.15,5,405366.9,31605.49
3941,2022-05-14,West,Madhya Pradesh,Bhopal,Furniture,Sofas,L-Shaped Sofa,2,29906.1,10,59812.2,13074.15
3942,2023-10-02,West,Goa,Margao,Office Supplies,Printers,HP Inkjet Printer,1,7255.6,15,7255.6,1351.46
3943,2024-04-08,East,West Bengal,Kolkata,Office Supplies,Stationery,Notebook Bundle,2,4279.75,15,8559.5,1360.98
3944,2022-08-02,East,West Bengal,Siliguri,Electronics,Accessories,Wireless Earbuds,5,10357.6,20,51788.0,6882.63
3945,2022-12-16,East,Odisha,Cuttack,Clothing,Menswear,Sherwani,2,1437.0,40,2874.0,272.7
3946,2022-07-11,North,Punjab,Chandigarh,Furniture,Tables,Office Desk,6,20720.7,10,124324.2,6310.15
3947,2024-12-10,North,Haryana,Gurugram,Electronics,Televisions,"LG 55"" UHD",4,46542.0,25,186168.0,8873.21
3948,2024-04-13,South,Telangana,Hyderabad,Clothing,Footwear,Running Shoes,6,4824.0,0,28944.0,5163.64
3949,2024-01-16,North,Rajasthan,Jaipur,Office Supplies,Ink & Toner,HP Ink Cartridge,1,2571.0,25,2571.0,166.08
3950,2023-05-16,South,Tamil Nadu,Madurai,Clothing,Womenswear,Kurti,2,275.25,25,550.5,47.77
3951,2023-05-29,South,Andhra Pradesh,Guntur,Electronics,Laptops,Dell Inspiron 15,4,49710.5,30,198842.0,18194.44
3952,2023-05-14,North,Rajasthan,Udaipur,Office Supplies,Ink & Toner,HP Ink Cartridge,1,7490.0,0,7490.0,846.34
3953,2023-12-15,West,Gujarat,Surat,Furniture,Tables,Dining Table 6-Seater,1,9779.0,30,9779.0,1420.83
3954,2022-06-25,North,Uttar Pradesh,Lucknow,Clothing,Womenswear,Kurti,1,556.0,0,556.0,63.22
3955,2022-01-02,East,West Bengal,Kolkata,Electronics,Laptops,Asus Vivobook,2,31745.7,30,63491.4,4200.7
3956,2023-01-16,East,Assam,Guwahati,Clothing,Menswear,Jeans,4,3291.3,10,13165.2,2509.03
3957,2023-11-11,North,Punjab,Amritsar,Electronics,Televisions,"LG 55"" UHD",4,27745.8,40,110983.2,10746.42
3958,2024-04-30,North,Uttar Pradesh,Noida,Office Supplies,Printers,HP Inkjet Printer,5,2832.75,25,14163.75,2183.54
3959,2024-10-12,West,Gujarat,Vadodara,Office Supplies,Printers,HP Inkjet Printer,4,10178.1,10,40712.4,6153.95
3960,2023-10-02,North,Uttar Pradesh,Noida,Electronics,Accessories,Smart Watch,3,36544.05,15,109632.15,14971.87
3961,2024-03-09,South,Telangana,Hyderabad,Clothing,Footwear,Running Shoes,5,4727.0,0,23635.0,6145.62
3962,2022-08-11,North,Punjab,Amritsar,Clothing,Menswear,Jeans,5,4410.0,0,22050.0,2644.34
3963,2024-10-02,North,Punjab,Amritsar,Electronics,Televisions,"LG 55"" UHD",3,23744.0,0,71232.0,7554.91
3964,2024-10-25,North,Delhi,New Delhi,Furniture,Chairs,Ergonomic Office Chair,2,25707.95,5,51415.9,6815.8
3965,2022-03-29,East,Bihar,Gaya,Office Supplies,Printers,Canon Laser Printer,4,6025.85,5,24103.4,4283.32
3966,2024-10-11,South,Karnataka,Mysuru,Electronics,Accessories,Bluetooth Speaker,4,35548.0,0,142192.0,3854.98
3967,2024-04-08,South,Tamil Nadu,Coimbatore,Electronics,Televisions,"Samsung 50"" Crystal",1,42352.0,20,42352.0,3253.59
3968,2022-12-03,West,Madhya Pradesh,Bhopal,Electronics,Mobile Phones,iPhone 14,2,32440.25,15,64880.5,5459.3
3969,2024-01-12,South,Tamil Nadu,Madurai,Furniture,Chairs,Ergonomic Office Chair,4,19198.2,30,76792.8,13493.0
3970,2023-09-28,East,Assam,Dibrugarh,Electronics,Mobile Phones,OnePlus 12R,3,12744.0,0,38232.0,1797.47
3971,2024-12-14,West,Maharashtra,Pune,Clothing,Menswear,Jeans,4,1956.0,0,7824.0,1472.1
3972,2023-08-20,South,Telangana,Hyderabad,Furniture,Chairs,Wooden Dining Chair,3,31804.0,0,95412.0,15204.51
3973,2023-12-03,East,Odisha,Bhubaneswar,Electronics,Televisions,"Samsung 50"" Crystal",2,56637.9,10,113275.8,9275.98
3974,2022-05-31,West,Maharashtra,Mumbai,Office Supplies,Stationery,A4 Paper Ream,4,6050.25,25,24201.0,4584.33
3975,2022-09-29,East,Assam,Guwahati,Clothing,Menswear,Sherwani,4,1157.1,5,4628.4,263.47
3976,2023-09-19,South,Telangana,Karimnagar,Office Supplies,Printers,HP Inkjet Printer,5,7826.4,20,39132.0,7099.62
3977,2022-09-05,East,Assam,Dibrugarh,Office Supplies,Ink & Toner,Canon Toner,5,212.25,25,1061.25,179.55
3978,2023-04-21,South,Karnataka,Bengaluru,Furniture,Chairs,Wooden Dining Chair,1,38673.0,10,38673.0,4249.96
3979,2023-07-26,South,Tamil Nadu,Chennai,Office Supplies,Printers,Canon Laser Printer,3,9336.0,0,28008.0,1792.79
3980,2023-11-16,North,Rajasthan,Jodhpur,Office Supplies,Stationery,Gel Pen Pack,3,3757.5,10,11272.5,1553.59
3981,2022-01-15,North,Rajasthan,Jaipur,Furniture,Chairs,Gaming Chair,5,2953.3,30,14766.5,2418.84
3982,2024-07-29,East,Bihar,Patna,Electronics,Laptops,HP Pavilion,5,18432.0,40,92160.0,13846.68
3983,2024-09-06,West,Madhya Pradesh,Indore,Electronics,Televisions,"LG 55"" UHD",1,45641.25,25,45641.25,5608.17
3984,2024-12-16,East,Odisha,Bhubaneswar,Clothing,Menswear,Formal Shirt,2,3428.55,5,6857.1,820.8
3985,2024-11-22,South,Kerala,Thiruvananthapuram,Clothing,Womenswear,Dress,3,2530.8,10,7592.4,1067.9
3986,2023-11-21,North,Delhi,Dwarka,Clothing,Menswear,Formal Shirt,5,1187.2,30,5936.0,1137.46
3987,2022-12-01,South,Kerala,Kochi,Electronics,Accessories,Smart Watch,4,40095.2,20,160380.8,14987.44
3988,2024-05-07,South,Andhra Pradesh,Visakhapatnam,Furniture,Tables,Dining Table 6-Seater,3,22691.0,0,68073.0,17930.83
3989,2024-07-23,West,Gujarat,Surat,Clothing,Footwear,Formal Shoes,1,4431.6,10,4431.6,1041.41
3990,2023-04-09,West,Madhya Pradesh,Bhopal,Furniture,Sofas,3-Seater Fabric Sofa,5,15847.2,20,79236.0,21514.62
3991,2022-06-21,North,Rajasthan,Udaipur,Office Supplies,Stationery,Notebook Bundle,4,377.0,0,1508.0,260.83
3992,2022-05-10,East,Odisha,Bhubaneswar,Clothing,Womenswear,Saree,2,2784.6,15,5569.2,638.96
3993,2022-05-11,South,Telangana,Karimnagar,Office Supplies,Ink & Toner,Canon Toner,4,4414.0,0,17656.0,1191.94
3994,2024-11-16,South,Karnataka,Hubballi,Furniture,Chairs,Ergonomic Office Chair,3,14066.65,5,42199.95,10160.15
3995,2024-12-27,East,West Bengal,Howrah,Electronics,Laptops,Lenovo IdeaPad,6,60828.3,10,364969.8,46879.13
3996,2024-08-06,South,Kerala,Kozhikode,Office Supplies,Stationery,Gel Pen Pack,6,848.3,15,5089.8,1154.54
3997,2022-06-09,East,West Bengal,Siliguri,Clothing,Menswear,Formal Shirt,5,1530.0,25,7650.0,656.16
3998,2023-04-21,West,Madhya Pradesh,Bhopal,Furniture,Chairs,Gaming Chair,2,23998.0,0,47996.0,8851.67
3999,2022-12-04,North,Delhi,Dwarka,Electronics,Televisions,"Samsung 50"" Crystal",4,23905.2,40,95620.8,2273.49
4000,2022-03-19,West,Gujarat,Ahmedabad,Furniture,Storage,Wardrobe 4-Door,1,22843.75,15,22843.75,6077.59
4001,2024-10-31,East,Bihar,Gaya,Office Supplies,Ink & Toner,Canon Toner,5,5931.6,40,29658.0,5442.36
4002,2023-08-16,South,Kerala,Kozhikode,Office Supplies,Stationery,Notebook Bundle,5,5579.25,25,27896.25,4800.21
4003,2023-11-28,North,Rajasthan,Jodhpur,Furniture,Sofas,Recliner Sofa,1,24013.8,10,24013.8,3433.22
4004,2023-08-22,East,Odisha,Cuttack,Clothing,Footwear,Formal Shoes,1,744.8,30,744.8,175.52
4005,2024-11-05,East,Bihar,Patna,Electronics,Laptops,Dell Inspiron 15,4,42198.4,20,168793.6,22118.87
4006,2023-08-12,South,Tamil Nadu,Coimbatore,Office Supplies,Printers,Canon Laser Printer,2,2331.9,10,4663.8,1117.82
4007,2023-07-05,East,Odisha,Bhubaneswar,Clothing,Menswear,Formal Shirt,1,1483.2,20,1483.2,240.74
4008,2024-06-06,East,Assam,Dibrugarh,Office Supplies,Printers,HP Inkjet Printer,1,3564.4,5,3564.4,541.37
4009,2024-05-10,South,Kerala,Kochi,Electronics,Laptops,Dell Inspiron 15,6,6073.9,30,36443.4,1857.48
4010,2022-07-05,South,Andhra Pradesh,Tirupati,Office Supplies,Stationery,Notebook Bundle,4,2522.1,30,10088.4,1381.02
4011,2023-08-31,North,Delhi,Dwarka,Clothing,Menswear,Jeans,2,1912.5,25,3825.0,293.02
4012,2024-02-19,East,West Bengal,Howrah,Clothing,Footwear,Running Shoes,4,1597.0,0,6388.0,694.99
4013,2022-08-30,East,Odisha,Bhubaneswar,Office Supplies,Printers,HP Inkjet Printer,6,6478.7,15,38872.2,8804.59
4014,2023-07-10,East,Bihar,Gaya,Clothing,Womenswear,Ethnic Set,5,2635.5,25,13177.5,3297.77
4015,2023-10-18,West,Madhya Pradesh,Indore,Electronics,Laptops,Asus Vivobook,5,38256.8,15,191284.0,8170.29
4016,2022-03-30,West,Goa,Panaji,Furniture,Chairs,Ergonomic Office Chair,1,43099.0,0,43099.0,9961.52
4017,2022-03-08,North,Punjab,Ludhiana,Office Supplies,Printers,Canon Laser Printer,4,10587.6,10,42350.4,9811.63
4018,2023-03-08,West,Maharashtra,Mumbai,Clothing,Menswear,Jeans,1,1592.0,0,1592.0,253.42
4019,2022-03-01,South,Karnataka,Hubballi,Electronics,Televisions,"Samsung 50"" Crystal",1,22065.0,0,22065.0,1376.02
4020,2023-04-20,West,Madhya Pradesh,Bhopal,Furniture,Sofas,3-Seater Fabric Sofa,2,7009.1,30,14018.2,1041.72
4021,2024-01-23,West,Gujarat,Surat,Clothing,Menswear,Sherwani,1,242.4,20,242.4,41.9
4022,2024-12-13,West,Madhya Pradesh,Bhopal,Electronics,Accessories,Power Bank,2,37704.8,30,75409.6,7518.19
4023,2023-12-04,East,Assam,Dibrugarh,Clothing,Footwear,Formal Shoes,2,3410.0,0,6820.0,693.23
4024,2023-05-26,South,Andhra Pradesh,Guntur,Electronics,Accessories,Wireless Earbuds,6,39394.2,40,236365.2,24910.28
4025,2023-04-01,South,Karnataka,Mysuru,Clothing,Menswear,Casual T-Shirt,6,849.15,15,5094.9,1003.11
4026,2023-12-07,North,Uttar Pradesh,Varanasi,Electronics,Televisions,"Sony Bravia 43""",6,7187.6,30,43125.6,1388.32
4027,2024-04-16,North,Delhi,New Delhi,Office Supplies,Stationery,Notebook Bundle,5,2056.2,40,10281.0,998.4
4028,2023-05-27,South,Kerala,Thiruvananthapuram,Clothing,Footwear,Sandals,2,2397.6,10,4795.2,343.54
4029,2024-05-19,North,Delhi,Dwarka,Office Supplies,Stationery,A4 Paper Ream,5,7921.1,5,39605.5,7470.48
4030,2023-02-16,North,Haryana,Faridabad,Electronics,Laptops,Lenovo IdeaPad,1,44192.4,30,44192.4,2815.22
4031,2023-06-27,North,Punjab,Chandigarh,Clothing,Womenswear,Saree,2,4519.0,0,9038.0,723.46
4032,2024-08-10,East,Odisha,Cuttack,Electronics,Accessories,Wireless Earbuds,5,52780.8,20,263904.0,17879.66
4033,2022-09-22,East,Bihar,Patna,Clothing,Footwear,Running Shoes,1,4029.0,0,4029.0,430.83
4034,2022-10-22,West,Goa,Margao,Clothing,Menswear,Casual T-Shirt,1,2021.3,15,2021.3,430.78
4035,2022-03-31,East,Bihar,Gaya,Office Supplies,Stationery,A4 Paper Ream,5,2463.2,20,12316.0,747.41
4036,2023-04-27,West,Gujarat,Vadodara,Furniture,Chairs,Gaming Chair,2,30768.0,20,61536.0,15427.68
4037,2023-05-24,East,Assam,Dibrugarh,Office Supplies,Printers,HP Inkjet Printer,3,10713.0,0,32139.0,1847.95
4038,2022-07-24,East,Odisha,Bhubaneswar,Furniture,Tables,Coffee Table,5,21463.0,0,107315.0,8689.7
4039,2024-08-30,East,Assam,Guwahati,Office Supplies,Printers,Canon Laser Printer,2,1551.6,10,3103.2,348.88
4040,2023-06-01,South,Telangana,Hyderabad,Furniture,Tables,Office Desk,6,17620.8,40,105724.8,20307.14
4041,2024-03-07,West,Maharashtra,Pune,Furniture,Storage,Bookshelf,3,7914.2,30,23742.6,3659.05
4042,2022-09-23,North,Uttar Pradesh,Noida,Office Supplies,Printers,HP Inkjet Printer,4,7848.05,15,31392.2,5754.55
4043,2024-11-13,North,Delhi,New Delhi,Office Supplies,Stationery,Gel Pen Pack,5,4994.25,25,24971.25,4864.76
4044,2022-11-13,North,Delhi,Dwarka,Electronics,Mobile Phones,Samsung Galaxy A54,4,24231.2,20,96924.8,14758.4
4045,2024-03-12,West,Goa,Panaji,Office Supplies,Ink & Toner,HP Ink Cartridge,5,144.0,25,720.0,157.53
4046,2022-11-13,East,Odisha,Cuttack,Furniture,Chairs,Wooden Dining Chair,2,12091.5,25,24183.0,4795.95
4047,2023-07-06,West,Maharashtra,Mumbai,Furniture,Tables,Dining Table 6-Seater,3,28028.25,25,84084.75,20550.61
4048,2022-11-01,North,Haryana,Faridabad,Furniture,Sofas,L-Shaped Sofa,1,19460.25,25,19460.25,2609.74
4049,2022-11-03,South,Karnataka,Hubballi,Electronics,Accessories,Wireless Earbuds,4,69343.0,0,277372.0,12813.01
4050,2024-11-06,South,Karnataka,Mysuru,Office Supplies,Ink & Toner,HP Ink Cartridge,1,7287.7,30,7287.7,832.98
4051,2024-11-22,East,Bihar,Gaya,Electronics,Mobile Phones,Redmi Note 13,4,27282.45,15,109129.8,13412.35
4052,2024-10-07,South,Andhra Pradesh,Vijayawada,Office Supplies,Printers,HP Inkjet Printer,1,2696.25,25,2696.25,334.19
4053,2022-10-28,North,Haryana,Faridabad,Office Supplies,Ink & Toner,Canon Toner,5,2729.4,40,13647.0,2970.29
4054,2022-01-03,South,Telangana,Hyderabad,Clothing,Menswear,Casual T-Shirt,6,1941.0,25,11646.0,2399.41
4055,2022-01-10,West,Maharashtra,Mumbai,Clothing,Footwear,Formal Shoes,2,398.4,40,796.8,211.88
4056,2024-08-26,North,Haryana,Faridabad,Clothing,Womenswear,Ethnic Set,4,4142.7,10,16570.8,2098.84
4057,2022-09-28,South,Kerala,Kochi,Electronics,Mobile Phones,OnePlus 12R,2,30100.0,30,60200.0,1325.02
4058,2022-10-03,North,Uttar Pradesh,Kanpur,Electronics,Accessories,Power Bank,3,47500.6,30,142501.8,18304.16
4059,2024-09-10,East,Bihar,Gaya,Office Supplies,Stationery,Gel Pen Pack,5,3817.8,30,19089.0,2535.41
4060,2024-10-22,North,Punjab,Ludhiana,Clothing,Menswear,Jeans,1,2603.55,15,2603.55,286.58
4061,2023-06-27,North,Uttar Pradesh,Varanasi,Clothing,Footwear,Sandals,3,3975.3,10,11925.9,1385.79
4062,2022-01-13,South,Karnataka,Mysuru,Electronics,Accessories,Power Bank,2,20200.2,40,40400.4,5952.26
4063,2024-12-06,East,West Bengal,Kolkata,Clothing,Womenswear,Dress,3,3471.3,30,10413.9,2770.28
4064,2023-01-27,North,Haryana,Gurugram,Clothing,Womenswear,Kurti,1,2505.75,25,2505.75,527.06
4065,2024-08-01,North,Punjab,Chandigarh,Office Supplies,Ink & Toner,HP Ink Cartridge,5,2693.0,0,13465.0,3754.0
4066,2023-07-10,North,Haryana,Faridabad,Clothing,Footwear,Sandals,5,733.6,20,3668.0,716.46
4067,2024-12-14,East,Assam,Dibrugarh,Office Supplies,Ink & Toner,HP Ink Cartridge,5,1258.85,15,6294.25,550.05
4068,2022-10-02,South,Karnataka,Mysuru,Clothing,Womenswear,Kurti,2,2281.3,30,4562.6,1028.31
4069,2024-06-23,West,Goa,Panaji,Furniture,Storage,TV Unit,1,4748.4,10,4748.4,730.0
4070,2023-03-06,North,Haryana,Faridabad,Electronics,Laptops,HP Pavilion,6,38066.4,10,228398.4,10209.81
4071,2023-01-06,West,Madhya Pradesh,Indore,Electronics,Televisions,"Sony Bravia 43""",6,68978.0,0,413868.0,61027.37
4072,2023-08-03,East,Odisha,Bhubaneswar,Clothing,Footwear,Running Shoes,2,2350.0,0,4700.0,375.22
4073,2022-06-02,East,West Bengal,Siliguri,Clothing,Womenswear,Saree,3,2033.6,20,6100.8,307.93
4074,2023-03-03,West,Madhya Pradesh,Bhopal,Electronics,Televisions,"Samsung 50"" Crystal",2,69275.9,5,138551.8,4606.75
4075,2022-06-30,North,Haryana,Gurugram,Clothing,Menswear,Jeans,6,545.4,10,3272.4,713.22
4076,2023-10-01,North,Punjab,Chandigarh,Furniture,Tables,Coffee Table,3,13077.0,0,39231.0,10006.41
4077,2023-05-01,East,West Bengal,Kolkata,Furniture,Sofas,3-Seater Fabric Sofa,3,28341.0,25,85023.0,11365.18
4078,2022-12-05,South,Kerala,Thiruvananthapuram,Electronics,Accessories,Power Bank,5,31919.2,15,159596.0,12170.52
4079,2024-11-08,South,Kerala,Kochi,Office Supplies,Stationery,Notebook Bundle,5,5298.6,40,26493.0,4740.28
4080,2024-01-07,North,Uttar Pradesh,Lucknow,Clothing,Footwear,Sandals,2,154.2,40,308.4,63.21
4081,2022-01-21,East,Bihar,Patna,Electronics,Televisions,"LG 55"" UHD",1,43916.1,15,43916.1,5684.84
4082,2024-11-22,South,Tamil Nadu,Coimbatore,Clothing,Footwear,Formal Shoes,6,1472.4,10,8834.4,810.88
4083,2023-06-01,South,Tamil Nadu,Chennai,Electronics,Mobile Phones,Samsung Galaxy A54,4,62564.4,10,250257.6,16913.25
4084,2022-10-29,North,Rajasthan,Jodhpur,Electronics,Laptops,HP Pavilion,2,25804.8,10,51609.6,1046.49
4085,2022-09-27,West,Goa,Panaji,Furniture,Chairs,Wooden Dining Chair,5,14194.0,0,70970.0,5975.15
4086,2022-04-25,South,Telangana,Hyderabad,Clothing,Footwear,Sandals,2,1853.85,15,3707.7,237.72
4087,2024-09-27,North,Haryana,Gurugram,Furniture,Chairs,Gaming Chair,1,20947.5,30,20947.5,2371.32
4088,2023-08-09,East,Assam,Dibrugarh,Furniture,Storage,Wardrobe 4-Door,3,29373.0,25,88119.0,5211.44
4089,2022-04-21,North,Punjab,Chandigarh,Furniture,Storage,Wardrobe 4-Door,1,24580.8,20,24580.8,1618.35
4090,2023-02-10,North,Haryana,Faridabad,Clothing,Footwear,Formal Shoes,4,2441.7,10,9766.8,2614.17
4091,2022-11-16,East,Odisha,Bhubaneswar,Furniture,Tables,Dining Table 6-Seater,5,14307.3,10,71536.5,11805.21
4092,2023-10-29,North,Uttar Pradesh,Varanasi,Electronics,Televisions,"Sony Bravia 43""",4,11592.0,0,46368.0,6623.33
4093,2023-09-05,West,Goa,Panaji,Furniture,Tables,Coffee Table,3,22411.9,30,67235.7,13650.78
4094,2023-03-28,North,Haryana,Gurugram,Office Supplies,Printers,HP Inkjet Printer,6,9612.0,10,57672.0,4381.66
4095,2023-04-25,East,Bihar,Patna,Electronics,Accessories,Smart Watch,1,36653.7,15,36653.7,3660.0
4096,2022-05-02,North,Haryana,Faridabad,Furniture,Tables,Dining Table 6-Seater,6,3918.0,0,23508.0,4200.84
4097,2022-05-24,West,Goa,Margao,Clothing,Womenswear,Ethnic Set,6,946.8,10,5680.8,999.67
4098,2022-03-26,East,Odisha,Bhubaneswar,Clothing,Footwear,Running Shoes,6,2944.8,10,17668.8,4509.63
4099,2024-01-24,East,Odisha,Cuttack,Electronics,Laptops,Asus Vivobook,6,61497.0,0,368982.0,47979.93
4100,2023-10-04,West,Madhya Pradesh,Indore,Furniture,Tables,Coffee Table,3,20845.85,5,62537.55,3464.35
4101,2023-10-18,North,Uttar Pradesh,Noida,Electronics,Accessories,Smart Watch,3,13334.8,15,40004.4,1636.58
4102,2023-06-30,South,Andhra Pradesh,Vijayawada,Office Supplies,Ink & Toner,Canon Toner,5,9263.7,10,46318.5,10056.65
4103,2023-01-17,West,Gujarat,Vadodara,Clothing,Womenswear,Ethnic Set,3,604.0,20,1812.0,273.27
4104,2024-02-20,North,Rajasthan,Jodhpur,Furniture,Sofas,L-Shaped Sofa,6,33159.0,0,198954.0,43431.55
4105,2022-03-17,West,Goa,Panaji,Office Supplies,Printers,Canon Laser Printer,2,7643.7,10,15287.4,3283.51
4106,2022-02-10,West,Maharashtra,Mumbai,Electronics,Televisions,"Sony Bravia 43""",6,31549.5,5,189297.0,30266.12
4107,2023-08-04,North,Delhi,Dwarka,Office Supplies,Stationery,Gel Pen Pack,1,1116.0,0,1116.0,228.1
4108,2023-02-28,West,Goa,Panaji,Furniture,Sofas,L-Shaped Sofa,6,31216.0,20,187296.0,27253.24
4109,2024-05-31,West,Maharashtra,Nagpur,Electronics,Accessories,Smart Watch,3,10459.8,40,31379.4,2170.36
4110,2024-07-26,North,Delhi,Dwarka,Furniture,Storage,Wardrobe 4-Door,1,8804.8,20,8804.8,792.94
4111,2023-06-09,West,Gujarat,Surat,Electronics,Mobile Phones,OnePlus 12R,1,47470.5,25,47470.5,2190.69
4112,2023-10-13,South,Andhra Pradesh,Tirupati,Furniture,Storage,Wardrobe 4-Door,2,2933.35,15,5866.7,1283.3
4113,2023-09-20,North,Haryana,Gurugram,Clothing,Footwear,Running Shoes,6,2565.9,10,15395.4,3647.02
4114,2024-04-14,South,Kerala,Kozhikode,Furniture,Sofas,Recliner Sofa,1,6861.0,0,6861.0,603.02
4115,2022-10-05,North,Rajasthan,Udaipur,Clothing,Womenswear,Kurti,3,2848.5,10,8545.5,1677.16
4116,2023-09-03,South,Telangana,Warangal,Clothing,Womenswear,Saree,4,2280.6,40,9122.4,2248.43
4117,2022-03-18,North,Rajasthan,Udaipur,Furniture,Storage,Wardrobe 4-Door,3,3195.0,25,9585.0,1576.42
4118,2024-11-24,East,Assam,Dibrugarh,Electronics,Mobile Phones,OnePlus 12R,1,52454.5,30,52454.5,5526.35
4119,2023-03-25,South,Karnataka,Mysuru,Furniture,Sofas,Recliner Sofa,2,25063.2,20,50126.4,9918.73
4120,2022-02-03,North,Rajasthan,Jodhpur,Electronics,Laptops,Asus Vivobook,6,48465.6,20,290793.6,44536.41
4121,2024-09-04,East,Odisha,Cuttack,Electronics,Televisions,"Sony Bravia 43""",2,36644.0,0,73288.0,5478.86
4122,2024-10-07,West,Goa,Panaji,Electronics,Mobile Phones,iPhone 14,1,11992.8,20,11992.8,1290.46
4123,2023-01-18,South,Karnataka,Mysuru,Clothing,Womenswear,Dress,1,2151.0,10,2151.0,314.24
4124,2024-03-14,South,Telangana,Karimnagar,Electronics,Televisions,"LG 55"" UHD",1,21078.0,10,21078.0,2225.45
4125,2023-03-08,West,Maharashtra,Pune,Furniture,Sofas,L-Shaped Sofa,4,39928.0,0,159712.0,36153.95
4126,2024-06-10,West,Maharashtra,Mumbai,Office Supplies,Stationery,Gel Pen Pack,3,4756.6,15,14269.8,2829.18
4127,2023-10-22,North,Rajasthan,Jodhpur,Electronics,Laptops,Dell Inspiron 15,2,50912.0,20,101824.0,8338.83
4128,2023-10-28,West,Gujarat,Surat,Clothing,Womenswear,Saree,5,4494.0,0,22470.0,2006.11
4129,2024-07-27,South,Telangana,Warangal,Electronics,Mobile Phones,Samsung Galaxy A54,1,28452.9,30,28452.9,1175.44
4130,2023-05-06,South,Tamil Nadu,Chennai,Electronics,Televisions,"LG 55"" UHD",4,54340.0,0,217360.0,21464.51
4131,2024-10-18,West,Goa,Margao,Electronics,Accessories,Smart Watch,5,36696.0,20,183480.0,28293.62
4132,2022-10-17,North,Punjab,Amritsar,Clothing,Menswear,Sherwani,1,530.1,5,530.1,114.8
4133,2024-04-24,West,Gujarat,Ahmedabad,Office Supplies,Printers,Canon Laser Printer,3,9994.5,10,29983.5,3928.55
4134,2022-05-10,North,Uttar Pradesh,Varanasi,Clothing,Womenswear,Kurti,6,1874.7,10,11248.2,2294.79
4135,2022-03-17,South,Kerala,Thiruvananthapuram,Clothing,Womenswear,Saree,6,3101.6,20,18609.6,4156.7
4136,2022-08-03,North,Haryana,Gurugram,Electronics,Mobile Phones,Redmi Note 13,3,28262.5,5,84787.5,11749.25
4137,2023-08-28,South,Karnataka,Bengaluru,Furniture,Sofas,L-Shaped Sofa,4,3296.0,0,13184.0,927.94
4138,2024-11-01,East,Odisha,Cuttack,Furniture,Chairs,Gaming Chair,3,34671.5,15,104014.5,11194.55
4139,2023-09-08,West,Maharashtra,Pune,Clothing,Menswear,Jeans,6,304.5,30,1827.0,141.69
4140,2023-06-12,East,West Bengal,Kolkata,Clothing,Womenswear,Saree,2,1899.0,0,3798.0,608.65
4141,2022-08-02,West,Madhya Pradesh,Bhopal,Electronics,Mobile Phones,iPhone 14,1,37608.0,0,37608.0,1696.45
4142,2024-12-16,West,Goa,Margao,Electronics,Laptops,HP Pavilion,4,19945.8,10,79783.2,3211.97
4143,2023-12-18,West,Gujarat,Vadodara,Furniture,Sofas,3-Seater Fabric Sofa,5,5177.25,25,25886.25,4321.02
4144,2024-07-04,West,Goa,Panaji,Electronics,Accessories,Smart Watch,6,49770.0,0,298620.0,33243.41
4145,2023-03-04,East,West Bengal,Howrah,Furniture,Chairs,Gaming Chair,3,23714.1,10,71142.3,6008.76
4146,2023-10-10,South,Karnataka,Hubballi,Furniture,Chairs,Wooden Dining Chair,2,22774.0,0,45548.0,6924.73
4147,2022-11-28,West,Madhya Pradesh,Bhopal,Furniture,Sofas,L-Shaped Sofa,1,21468.75,25,21468.75,4380.29
4148,2022-06-26,West,Maharashtra,Mumbai,Electronics,Laptops,Lenovo IdeaPad,4,44967.0,40,179868.0,20085.6
4149,2024-07-02,East,Assam,Dibrugarh,Clothing,Womenswear,Dress,1,4109.0,0,4109.0,473.02
4150,2024-07-14,South,Telangana,Karimnagar,Furniture,Storage,Bookshelf,6,22861.8,10,137170.8,35665.77
4151,2024-02-10,East,Odisha,Cuttack,Office Supplies,Printers,Canon Laser Printer,6,2393.4,40,14360.4,2811.71
4152,2024-11-10,North,Rajasthan,Jodhpur,Office Supplies,Ink & Toner,Canon Toner,3,10363.55,5,31090.65,2850.29
4153,2023-06-21,West,Goa,Margao,Clothing,Womenswear,Dress,5,341.0,0,1705.0,455.78
4154,2024-08-17,North,Punjab,Chandigarh,Office Supplies,Stationery,Notebook Bundle,5,8660.0,0,43300.0,10642.99
4155,2023-12-25,North,Haryana,Faridabad,Furniture,Sofas,3-Seater Fabric Sofa,5,16858.8,10,84294.0,9455.5
4156,2022-12-28,South,Telangana,Karimnagar,Office Supplies,Ink & Toner,HP Ink Cartridge,3,5252.4,40,15757.2,3365.52
4157,2022-04-06,East,Assam,Guwahati,Office Supplies,Ink & Toner,HP Ink Cartridge,4,7345.0,0,29380.0,2222.0
4158,2024-07-01,North,Punjab,Amritsar,Electronics,Accessories,Power Bank,1,54817.2,10,54817.2,3997.93
4159,2024-10-11,West,Maharashtra,Pune,Electronics,Mobile Phones,OnePlus 12R,4,56201.4,10,224805.6,27997.85
4160,2024-03-24,East,Assam,Dibrugarh,Furniture,Sofas,Recliner Sofa,2,22275.6,5,44551.2,3518.23
4161,2024-10-08,East,Assam,Guwahati,Clothing,Menswear,Sherwani,4,2700.0,40,10800.0,1432.52
4162,2022-10-16,West,Gujarat,Ahmedabad,Office Supplies,Stationery,Notebook Bundle,5,9279.9,10,46399.5,10414.23
4163,2023-05-05,West,Gujarat,Surat,Clothing,Menswear,Formal Shirt,3,1730.0,0,5190.0,924.83
4164,2023-11-14,South,Kerala,Kochi,Clothing,Menswear,Sherwani,4,1867.0,0,7468.0,733.3
4165,2023-09-02,North,Uttar Pradesh,Noida,Office Supplies,Stationery,Gel Pen Pack,3,5454.0,10,16362.0,3431.18
4166,2022-07-01,North,Haryana,Faridabad,Clothing,Womenswear,Dress,5,1910.4,40,9552.0,2153.8
4167,2024-07-08,North,Delhi,Dwarka,Electronics,Accessories,Power Bank,5,23282.6,5,116413.0,2998.31
4168,2023-03-20,West,Madhya Pradesh,Indore,Clothing,Womenswear,Saree,4,3316.5,10,13266.0,3662.52
4169,2023-10-01,South,Andhra Pradesh,Tirupati,Furniture,Tables,Coffee Table,4,31997.6,20,127990.4,30558.7
4170,2022-02-17,West,Gujarat,Vadodara,Furniture,Sofas,3-Seater Fabric Sofa,5,18409.5,10,92047.5,18200.38
4171,2023-11-30,East,Odisha,Bhubaneswar,Furniture,Storage,Wardrobe 4-Door,1,8449.0,30,8449.0,715.93
4172,2024-10-31,South,Andhra Pradesh,Guntur,Electronics,Accessories,Bluetooth Speaker,3,50563.8,30,151691.4,24007.62
4173,2024-03-06,North,Delhi,Dwarka,Electronics,Mobile Phones,iPhone 14,6,43401.0,0,260406.0,34514.1
4174,2023-02-15,West,Gujarat,Ahmedabad,Clothing,Menswear,Casual T-Shirt,4,1088.0,0,4352.0,337.43
4175,2023-12-06,West,Gujarat,Vadodara,Electronics,Televisions,"Samsung 50"" Crystal",6,13274.4,40,79646.4,11230.12
4176,2023-04-27,South,Tamil Nadu,Madurai,Clothing,Womenswear,Saree,1,4221.0,10,4221.0,974.29
4177,2022-06-02,South,Andhra Pradesh,Vijayawada,Office Supplies,Ink & Toner,HP Ink Cartridge,6,9336.6,10,56019.6,5509.46
4178,2023-09-06,North,Haryana,Faridabad,Furniture,Tables,Dining Table 6-Seater,1,4668.3,10,4668.3,592.86
4179,2022-03-01,North,Haryana,Faridabad,Furniture,Chairs,Wooden Dining Chair,5,22689.0,0,113445.0,12579.64
4180,2023-07-20,West,Goa,Margao,Electronics,Televisions,"Samsung 50"" Crystal",6,35566.0,0,213396.0,29464.66
4181,2023-08-16,North,Haryana,Gurugram,Electronics,Mobile Phones,Redmi Note 13,5,13234.5,25,66172.5,7689.97
4182,2024-01-08,West,Madhya Pradesh,Indore,Office Supplies,Ink & Toner,HP Ink Cartridge,5,9815.0,0,49075.0,13702.82
4183,2024-11-20,North,Haryana,Faridabad,Clothing,Footwear,Running Shoes,5,399.6,10,1998.0,307.7
4184,2022-11-11,East,Bihar,Gaya,Furniture,Sofas,L-Shaped Sofa,3,35211.6,10,105634.8,28971.67
4185,2023-12-16,South,Karnataka,Bengaluru,Office Supplies,Stationery,Notebook Bundle,1,11789.0,0,11789.0,1929.64
4186,2022-03-10,West,Goa,Margao,Electronics,Laptops,HP Pavilion,6,24526.2,40,147157.2,8802.82
4187,2023-10-29,West,Gujarat,Vadodara,Clothing,Menswear,Casual T-Shirt,3,2453.0,0,7359.0,1953.5
4188,2024-07-01,South,Kerala,Kochi,Furniture,Sofas,L-Shaped Sofa,2,10069.0,0,20138.0,1519.55
4189,2023-09-23,North,Uttar Pradesh,Varanasi,Electronics,Televisions,"Samsung 50"" Crystal",3,25763.0,0,77289.0,5744.21
4190,2023-09-04,South,Andhra Pradesh,Vijayawada,Electronics,Laptops,HP Pavilion,2,6603.0,40,13206.0,1790.51
4191,2023-05-19,North,Punjab,Amritsar,Office Supplies,Stationery,Gel Pen Pack,2,6260.5,5,12521.0,2935.54
4192,2022-04-25,North,Rajasthan,Udaipur,Electronics,Accessories,Bluetooth Speaker,1,34745.6,20,34745.6,3338.22
4193,2024-03-24,East,Assam,Guwahati,Electronics,Mobile Phones,OnePlus 12R,2,58813.2,15,117626.4,11953.31
4194,2023-12-18,South,Karnataka,Mysuru,Office Supplies,Stationery,Notebook Bundle,3,2603.7,10,7811.1,833.98
4195,2023-10-13,South,Tamil Nadu,Chennai,Furniture,Chairs,Ergonomic Office Chair,3,14244.0,0,42732.0,8654.32
4196,2024-02-26,South,Telangana,Karimnagar,Office Supplies,Stationery,A4 Paper Ream,3,7739.1,10,23217.3,1730.59
4197,2024-02-17,West,Gujarat,Ahmedabad,Furniture,Sofas,3-Seater Fabric Sofa,3,17392.0,0,52176.0,3966.31
4198,2022-05-15,West,Goa,Panaji,Electronics,Accessories,Smart Watch,4,60068.65,15,240274.6,16101.85
4199,2022-10-10,East,Assam,Guwahati,Furniture,Storage,Wardrobe 4-Door,6,23952.0,40,143712.0,38091.91
4200,2024-08-26,East,Odisha,Cuttack,Clothing,Footwear,Sandals,4,1686.4,15,6745.6,361.2
4201,2023-08-17,East,Assam,Guwahati,Clothing,Footwear,Formal Shoes,2,4395.0,0,8790.0,2351.16
4202,2024-06-26,South,Kerala,Thiruvananthapuram,Clothing,Womenswear,Kurti,6,1299.0,0,7794.0,560.27
4203,2022-10-22,East,West Bengal,Siliguri,Office Supplies,Stationery,A4 Paper Ream,6,3619.5,5,21717.0,2135.92
4204,2023-04-21,East,West Bengal,Howrah,Clothing,Footwear,Sandals,6,2214.4,20,13286.4,2443.49
4205,2022-03-23,South,Kerala,Kozhikode,Office Supplies,Stationery,A4 Paper Ream,1,8626.95,5,8626.95,907.31
4206,2024-10-10,West,Madhya Pradesh,Indore,Furniture,Storage,Bookshelf,2,25010.4,15,50020.8,11670.25
4207,2023-08-08,North,Punjab,Chandigarh,Office Supplies,Printers,Canon Laser Printer,3,9458.8,15,28376.4,5635.87
4208,2024-10-16,West,Goa,Panaji,Electronics,Laptops,Asus Vivobook,3,67239.0,10,201717.0,12699.61
4209,2023-04-19,North,Punjab,Ludhiana,Clothing,Menswear,Casual T-Shirt,3,860.3,30,2580.9,440.11
4210,2024-04-13,North,Punjab,Amritsar,Clothing,Footwear,Running Shoes,3,2753.25,25,8259.75,2260.27
4211,2023-08-21,North,Punjab,Chandigarh,Furniture,Sofas,Recliner Sofa,5,20244.45,15,101222.25,24965.59
4212,2023-11-18,West,Goa,Margao,Clothing,Footwear,Running Shoes,6,561.75,25,3370.5,861.13
4213,2024-02-04,North,Delhi,New Delhi,Electronics,Televisions,"Sony Bravia 43""",1,40246.75,5,40246.75,6222.77
4214,2022-12-26,North,Rajasthan,Udaipur,Office Supplies,Printers,Canon Laser Printer,6,855.1,15,5130.6,660.02
4215,2022-11-29,South,Tamil Nadu,Coimbatore,Office Supplies,Ink & Toner,Canon Toner,4,9720.0,10,38880.0,10104.25
4216,2023-07-07,West,Gujarat,Vadodara,Furniture,Tables,Dining Table 6-Seater,2,6361.0,0,12722.0,1860.33
4217,2024-04-11,North,Punjab,Ludhiana,Furniture,Sofas,Recliner Sofa,1,36655.0,0,36655.0,7084.28
4218,2024-06-18,South,Andhra Pradesh,Visakhapatnam,Furniture,Sofas,Recliner Sofa,5,27113.0,5,135565.0,8624.38
4219,2022-01-03,West,Maharashtra,Nashik,Clothing,Footwear,Running Shoes,6,2093.4,10,12560.4,2561.97
4220,2022-09-17,West,Goa,Panaji,Electronics,Mobile Phones,Samsung Galaxy A54,6,24292.8,20,145756.8,12948.23
4221,2022-03-11,East,Odisha,Bhubaneswar,Furniture,Sofas,L-Shaped Sofa,1,17734.5,25,17734.5,3294.28
4222,2024-04-15,East,Bihar,Patna,Electronics,Accessories,Smart Watch,3,31348.0,0,94044.0,13757.85
4223,2023-03-21,South,Tamil Nadu,Coimbatore,Furniture,Tables,Dining Table 6-Seater,5,13742.4,30,68712.0,12387.03
4224,2024-03-30,West,Gujarat,Vadodara,Clothing,Menswear,Formal Shirt,4,3442.5,25,13770.0,3714.41
4225,2024-10-26,South,Andhra Pradesh,Vijayawada,Electronics,Laptops,Dell Inspiron 15,6,48495.6,10,290973.6,27394.67
4226,2022-12-03,East,Assam,Dibrugarh,Electronics,Accessories,Bluetooth Speaker,5,11331.6,5,56658.0,3226.81
4227,2024-03-28,East,West Bengal,Howrah,Electronics,Laptops,Asus Vivobook,1,56910.7,5,56910.7,4859.7
4228,2023-05-23,East,West Bengal,Kolkata,Electronics,Accessories,Power Bank,1,43898.25,25,43898.25,4991.89
4229,2022-05-30,East,Bihar,Gaya,Office Supplies,Stationery,Notebook Bundle,6,2550.0,25,15300.0,3815.53
4230,2022-12-08,East,Assam,Guwahati,Office Supplies,Stationery,A4 Paper Ream,3,3840.85,5,11522.55,3174.27
4231,2023-07-16,West,Goa,Margao,Electronics,Accessories,Bluetooth Speaker,1,15315.2,20,15315.2,992.91
4232,2024-04-07,South,Andhra Pradesh,Vijayawada,Clothing,Footwear,Formal Shoes,1,1239.75,25,1239.75,112.9
4233,2022-06-08,West,Gujarat,Ahmedabad,Furniture,Tables,Coffee Table,2,6487.2,15,12974.4,3008.09
4234,2024-03-10,East,Bihar,Gaya,Furniture,Tables,Office Desk,3,29704.8,20,89114.4,13328.35
4235,2024-10-20,North,Uttar Pradesh,Varanasi,Electronics,Laptops,HP Pavilion,4,31103.2,15,124412.8,17000.82
4236,2024-04-29,East,West Bengal,Siliguri,Electronics,Televisions,"Samsung 50"" Crystal",3,62667.0,0,188001.0,5061.85
4237,2022-10-21,West,Maharashtra,Pune,Clothing,Footwear,Running Shoes,3,1065.4,30,3196.2,186.02
4238,2023-03-31,South,Karnataka,Bengaluru,Electronics,Laptops,Asus Vivobook,3,60233.4,10,180700.2,18256.11
4239,2022-10-22,West,Goa,Margao,Furniture,Storage,Bookshelf,6,34420.0,20,206520.0,45046.43
4240,2024-11-12,West,Maharashtra,Nashik,Furniture,Sofas,Recliner Sofa,3,9869.0,0,29607.0,6007.33
4241,2024-11-02,South,Kerala,Kozhikode,Electronics,Accessories,Wireless Earbuds,5,26433.0,25,132165.0,5355.71
4242,2023-11-06,North,Punjab,Ludhiana,Office Supplies,Stationery,Gel Pen Pack,4,10873.7,5,43494.8,4029.13
4243,2022-10-30,West,Goa,Panaji,Furniture,Chairs,Ergonomic Office Chair,1,41356.35,5,41356.35,7458.23
4244,2024-06-25,South,Andhra Pradesh,Tirupati,Office Supplies,Ink & Toner,HP Ink Cartridge,4,6017.4,10,24069.6,5816.32
4245,2023-10-28,North,Uttar Pradesh,Noida,Clothing,Footwear,Running Shoes,6,882.0,40,5292.0,758.89
4246,2024-09-07,South,Kerala,Kochi,Furniture,Tables,Office Desk,1,13160.0,0,13160.0,2422.48
4247,2022-06-28,East,Bihar,Gaya,Electronics,Televisions,"Sony Bravia 43""",4,55995.75,25,223983.0,32144.68
4248,2024-05-11,West,Goa,Panaji,Clothing,Womenswear,Ethnic Set,4,1492.8,20,5971.2,675.88
4249,2023-09-20,West,Maharashtra,Nagpur,Furniture,Storage,TV Unit,1,15121.15,5,15121.15,1788.14
4250,2022-11-15,South,Tamil Nadu,Coimbatore,Clothing,Womenswear,Dress,2,1595.7,10,3191.4,255.87
4251,2024-09-09,South,Kerala,Kochi,Furniture,Chairs,Gaming Chair,2,32733.0,0,65466.0,13235.67
4252,2023-11-01,North,Uttar Pradesh,Kanpur,Clothing,Menswear,Formal Shirt,3,870.3,10,2610.9,321.4
4253,2022-06-09,South,Tamil Nadu,Chennai,Furniture,Chairs,Gaming Chair,4,23845.5,10,95382.0,25320.19
4254,2022-12-07,South,Tamil Nadu,Coimbatore,Furniture,Tables,Dining Table 6-Seater,4,34280.5,15,137122.0,31219.11
4255,2022-03-27,West,Goa,Margao,Electronics,Televisions,"Samsung 50"" Crystal",6,21104.0,0,126624.0,10105.97
4256,2022-12-27,West,Gujarat,Ahmedabad,Office Supplies,Printers,HP Inkjet Printer,6,1606.5,10,9639.0,2522.99
4257,2024-06-07,North,Punjab,Ludhiana,Office Supplies,Printers,HP Inkjet Printer,4,294.3,10,1177.2,124.11
4258,2023-05-01,South,Telangana,Warangal,Office Supplies,Printers,HP Inkjet Printer,4,1429.0,0,5716.0,881.91
4259,2024-03-05,East,Odisha,Cuttack,Clothing,Menswear,Formal Shirt,3,984.0,40,2952.0,280.25
4260,2022-08-05,East,Assam,Dibrugarh,Clothing,Footwear,Formal Shoes,4,1213.8,15,4855.2,627.48
4261,2022-09-05,West,Goa,Panaji,Office Supplies,Printers,HP Inkjet Printer,4,8201.9,30,32807.6,8021.65
4262,2023-07-11,East,Odisha,Cuttack,Clothing,Womenswear,Dress,3,432.0,40,1296.0,152.52
4263,2023-06-13,South,Kerala,Thiruvananthapuram,Clothing,Menswear,Sherwani,6,2510.9,15,15065.4,1309.28
4264,2024-12-06,South,Telangana,Hyderabad,Clothing,Womenswear,Saree,3,1942.8,40,5828.4,1067.52
4265,2024-08-12,West,Madhya Pradesh,Indore,Furniture,Chairs,Wooden Dining Chair,6,16064.1,10,96384.6,14150.68
4266,2022-12-28,South,Andhra Pradesh,Tirupati,Electronics,Televisions,"LG 55"" UHD",2,47601.9,10,95203.8,9974.44
4267,2024-05-20,West,Gujarat,Vadodara,Office Supplies,Ink & Toner,Canon Toner,2,9072.5,5,18145.0,3079.52
4268,2023-10-29,West,Maharashtra,Nashik,Furniture,Chairs,Ergonomic Office Chair,1,36081.9,10,36081.9,3122.69
4269,2022-05-26,West,Maharashtra,Nashik,Clothing,Womenswear,Saree,3,3870.9,10,11612.7,668.76
4270,2024-01-28,East,Assam,Guwahati,Furniture,Chairs,Gaming Chair,4,20945.25,25,83781.0,19399.6
4271,2024-06-23,East,Bihar,Patna,Electronics,Mobile Phones,OnePlus 12R,6,54351.0,0,326106.0,28786.42
4272,2023-04-13,East,West Bengal,Howrah,Electronics,Accessories,Wireless Earbuds,6,15387.15,5,92322.9,9130.97
4273,2022-10-12,North,Haryana,Gurugram,Furniture,Sofas,3-Seater Fabric Sofa,2,5339.7,10,10679.4,1617.69
4274,2024-07-01,South,Karnataka,Mysuru,Office Supplies,Stationery,A4 Paper Ream,4,10371.6,10,41486.4,7925.37
4275,2024-10-09,West,Goa,Margao,Office Supplies,Printers,HP Inkjet Printer,4,2521.4,30,10085.6,1766.28
4276,2024-04-28,South,Telangana,Karimnagar,Office Supplies,Ink & Toner,HP Ink Cartridge,1,1611.0,0,1611.0,124.09
4277,2022-04-11,West,Goa,Panaji,Furniture,Chairs,Wooden Dining Chair,6,16536.0,25,99216.0,21831.1
4278,2023-02-03,North,Delhi,Dwarka,Electronics,Laptops,Dell Inspiron 15,6,23135.2,20,138811.2,15702.49
4279,2022-05-18,East,Assam,Guwahati,Electronics,Mobile Phones,Samsung Galaxy A54,2,31097.6,20,62195.2,9927.07
4280,2022-10-15,West,Madhya Pradesh,Bhopal,Furniture,Chairs,Gaming Chair,3,6105.55,15,18316.65,2145.9
4281,2024-12-07,East,Odisha,Cuttack,Electronics,Laptops,HP Pavilion,5,38156.4,10,190782.0,5693.81
4282,2023-12-08,West,Goa,Panaji,Electronics,Mobile Phones,Redmi Note 13,5,44695.2,20,223476.0,23733.13
4283,2023-11-28,South,Andhra Pradesh,Tirupati,Clothing,Menswear,Jeans,2,2583.9,10,5167.8,1385.22
4284,2023-08-29,South,Telangana,Karimnagar,Office Supplies,Ink & Toner,Canon Toner,4,6496.7,30,25986.8,3361.93
4285,2023-11-10,South,Andhra Pradesh,Vijayawada,Electronics,Accessories,Bluetooth Speaker,3,29035.8,40,87107.4,3464.14
4286,2024-07-03,West,Maharashtra,Nashik,Electronics,Laptops,HP Pavilion,2,12874.8,40,25749.6,2722.28
4287,2022-10-02,West,Gujarat,Vadodara,Electronics,Mobile Phones,Redmi Note 13,2,7935.3,10,15870.6,1739.2
4288,2022-09-26,South,Andhra Pradesh,Visakhapatnam,Clothing,Menswear,Casual T-Shirt,4,1220.0,20,4880.0,484.87
4289,2024-10-08,East,Odisha,Bhubaneswar,Electronics,Laptops,HP Pavilion,3,17249.6,20,51748.8,7089.37
4290,2022-12-23,North,Punjab,Ludhiana,Clothing,Menswear,Formal Shirt,2,4230.45,15,8460.9,1516.15
4291,2023-12-19,South,Kerala,Kochi,Office Supplies,Ink & Toner,HP Ink Cartridge,5,1035.0,25,5175.0,692.57
4292,2022-12-26,East,Bihar,Gaya,Clothing,Womenswear,Ethnic Set,4,2173.5,25,8694.0,1406.72
4293,2022-01-10,East,Bihar,Patna,Clothing,Womenswear,Ethnic Set,3,1988.4,40,5965.2,1177.93
4294,2023-10-04,West,Madhya Pradesh,Bhopal,Electronics,Accessories,Smart Watch,4,25431.0,40,101724.0,7120.21
4295,2023-09-06,East,West Bengal,Siliguri,Clothing,Menswear,Jeans,5,2672.0,0,13360.0,1950.99
4296,2024-08-09,North,Delhi,New Delhi,Furniture,Chairs,Ergonomic Office Chair,1,16809.3,5,16809.3,3086.11
4297,2023-07-31,East,Odisha,Cuttack,Clothing,Menswear,Casual T-Shirt,6,3645.9,10,21875.4,4062.82
4298,2024-08-23,West,Maharashtra,Pune,Office Supplies,Printers,Canon Laser Printer,5,4752.0,10,23760.0,2999.56
4299,2023-08-24,South,Tamil Nadu,Madurai,Office Supplies,Stationery,Gel Pen Pack,6,1752.0,25,10512.0,2102.65
4300,2023-10-21,South,Kerala,Kozhikode,Electronics,Mobile Phones,Samsung Galaxy A54,4,47574.0,0,190296.0,7069.51
4301,2024-05-16,East,West Bengal,Siliguri,Electronics,Mobile Phones,iPhone 14,6,5029.8,40,30178.8,3780.45
4302,2022-07-28,East,Bihar,Patna,Electronics,Accessories,Power Bank,3,29965.9,15,89897.7,9354.78
4303,2023-07-13,South,Karnataka,Bengaluru,Electronics,Accessories,Wireless Earbuds,5,27630.1,15,138150.5,8012.82
4304,2024-06-26,West,Maharashtra,Nagpur,Office Supplies,Stationery,Gel Pen Pack,1,2982.65,15,2982.65,721.89
4305,2024-04-03,East,Bihar,Patna,Furniture,Chairs,Ergonomic Office Chair,2,23686.2,40,47372.4,5780.79
4306,2022-11-24,South,Tamil Nadu,Madurai,Furniture,Tables,Coffee Table,5,24794.1,10,123970.5,23250.31
4307,2024-12-08,East,Assam,Guwahati,Electronics,Mobile Phones,Redmi Note 13,6,37532.0,0,225192.0,33599.82
4308,2023-06-15,East,West Bengal,Howrah,Clothing,Menswear,Casual T-Shirt,5,2468.0,20,12340.0,1185.88
4309,2024-09-03,West,Maharashtra,Pune,Clothing,Footwear,Sandals,4,4475.0,0,17900.0,3488.22
4310,2022-06-29,North,Uttar Pradesh,Noida,Office Supplies,Ink & Toner,HP Ink Cartridge,2,4281.65,5,8563.3,970.75
4311,2024-06-24,East,West Bengal,Kolkata,Clothing,Footwear,Formal Shoes,5,3320.25,25,16601.25,3729.91
4312,2022-05-21,North,Uttar Pradesh,Lucknow,Furniture,Tables,Dining Table 6-Seater,3,31464.45,15,94393.35,7155.92
4313,2024-10-02,South,Tamil Nadu,Coimbatore,Office Supplies,Printers,HP Inkjet Printer,1,6662.4,40,6662.4,1239.05
4314,2022-12-03,South,Tamil Nadu,Chennai,Electronics,Laptops,Dell Inspiron 15,2,65524.5,10,131049.0,7344.28
4315,2024-08-26,West,Maharashtra,Nashik,Furniture,Tables,Dining Table 6-Seater,3,17333.7,5,52001.1,11690.55
4316,2022-04-07,West,Gujarat,Vadodara,Clothing,Footwear,Formal Shoes,5,1689.0,0,8445.0,601.75
4317,2024-07-14,South,Tamil Nadu,Chennai,Electronics,Laptops,Dell Inspiron 15,2,34483.2,20,68966.4,4126.05
4318,2023-11-23,North,Punjab,Chandigarh,Furniture,Sofas,Recliner Sofa,2,5872.0,0,11744.0,1234.99
4319,2023-10-31,North,Rajasthan,Jaipur,Office Supplies,Ink & Toner,Canon Toner,3,4468.8,5,13406.4,1755.09
4320,2022-04-23,West,Goa,Panaji,Electronics,Televisions,"LG 55"" UHD",4,34441.2,10,137764.8,18441.64
4321,2023-10-29,West,Goa,Margao,Office Supplies,Printers,Canon Laser Printer,4,1076.95,15,4307.8,373.97
4322,2022-10-03,East,Bihar,Gaya,Office Supplies,Stationery,Notebook Bundle,5,4246.0,0,21230.0,3384.1
4323,2023-08-25,North,Rajasthan,Jaipur,Furniture,Storage,TV Unit,5,22767.3,10,113836.5,21800.45
4324,2024-09-25,North,Punjab,Amritsar,Electronics,Accessories,Bluetooth Speaker,2,24984.9,15,49969.8,7790.12
4325,2024-12-15,West,Maharashtra,Pune,Office Supplies,Printers,HP Inkjet Printer,2,1908.75,25,3817.5,452.11
4326,2022-05-21,West,Gujarat,Surat,Electronics,Mobile Phones,OnePlus 12R,2,20389.6,30,40779.2,5968.96
4327,2024-07-22,West,Gujarat,Ahmedabad,Electronics,Accessories,Smart Watch,6,64883.1,5,389298.6,60616.9
4328,2023-04-09,South,Kerala,Kozhikode,Office Supplies,Printers,HP Inkjet Printer,6,6106.8,30,36640.8,6584.42
4329,2022-07-11,South,Kerala,Kozhikode,Office Supplies,Stationery,Notebook Bundle,1,3801.9,5,3801.9,872.18
4330,2022-01-05,North,Uttar Pradesh,Varanasi,Office Supplies,Stationery,Gel Pen Pack,2,9387.0,0,18774.0,4257.76
4331,2024-06-29,South,Karnataka,Bengaluru,Furniture,Tables,Coffee Table,2,15843.0,0,31686.0,6051.04
4332,2024-07-30,East,Odisha,Bhubaneswar,Furniture,Chairs,Wooden Dining Chair,2,34960.95,5,69921.9,8413.68
4333,2024-09-10,South,Tamil Nadu,Chennai,Furniture,Sofas,3-Seater Fabric Sofa,3,26156.4,40,78469.2,21694.68
4334,2022-04-13,South,Kerala,Kozhikode,Furniture,Storage,Wardrobe 4-Door,3,43860.0,0,131580.0,19914.66
4335,2022-06-07,North,Delhi,New Delhi,Clothing,Womenswear,Dress,1,711.0,0,711.0,179.33
4336,2022-04-09,West,Goa,Panaji,Furniture,Storage,Bookshelf,4,9608.4,10,38433.6,2781.82
4337,2022-10-09,East,Bihar,Patna,Electronics,Mobile Phones,Samsung Galaxy A54,2,43938.75,25,87877.5,12349.58
4338,2023-05-05,East,Odisha,Cuttack,Clothing,Footwear,Running Shoes,6,688.0,20,4128.0,421.8
4339,2022-08-08,South,Kerala,Kochi,Furniture,Storage,Wardrobe 4-Door,4,23408.0,5,93632.0,17511.37
4340,2022-06-27,East,Odisha,Bhubaneswar,Clothing,Menswear,Casual T-Shirt,1,1865.5,30,1865.5,403.36
4341,2022-12-24,North,Uttar Pradesh,Kanpur,Office Supplies,Printers,Canon Laser Printer,3,6311.0,0,18933.0,2830.0
4342,2022-07-08,West,Maharashtra,Pune,Clothing,Womenswear,Saree,3,3668.9,5,11006.7,3051.93
4343,2023-06-08,East,Assam,Guwahati,Furniture,Storage,TV Unit,4,5880.75,25,23523.0,4357.62
4344,2022-10-20,North,Delhi,Dwarka,Clothing,Womenswear,Saree,3,4611.0,0,13833.0,1886.15
4345,2023-04-15,East,West Bengal,Siliguri,Furniture,Chairs,Wooden Dining Chair,5,14044.8,20,70224.0,4260.43
4346,2023-12-14,West,Gujarat,Vadodara,Office Supplies,Stationery,A4 Paper Ream,1,3157.0,0,3157.0,225.66
4347,2023-06-19,East,West Bengal,Siliguri,Clothing,Footwear,Running Shoes,5,2782.9,15,13914.5,3851.37
4348,2023-04-05,West,Goa,Margao,Office Supplies,Ink & Toner,Canon Toner,5,2095.2,10,10476.0,2745.28
4349,2023-09-14,North,Punjab,Ludhiana,Clothing,Footwear,Formal Shoes,5,566.25,25,2831.25,481.81
4350,2023-10-13,South,Karnataka,Hubballi,Electronics,Televisions,"LG 55"" UHD",5,25368.0,40,126840.0,18571.78
4351,2022-11-22,East,Assam,Guwahati,Furniture,Storage,Bookshelf,2,31777.0,0,63554.0,13758.62
4352,2024-02-29,South,Kerala,Thiruvananthapuram,Office Supplies,Printers,HP Inkjet Printer,3,747.0,10,2241.0,305.99
4353,2022-02-11,West,Madhya Pradesh,Bhopal,Electronics,Televisions,"Sony Bravia 43""",6,41288.4,10,247730.4,19776.72
4354,2023-11-03,South,Tamil Nadu,Madurai,Furniture,Tables,Office Desk,6,4206.0,25,25236.0,1712.29
4355,2024-09-19,East,West Bengal,Siliguri,Office Supplies,Printers,Canon Laser Printer,5,6994.8,10,34974.0,5576.04
4356,2022-10-21,North,Punjab,Ludhiana,Clothing,Menswear,Formal Shirt,1,2906.25,25,2906.25,340.53
4357,2024-08-04,North,Uttar Pradesh,Varanasi,Clothing,Womenswear,Kurti,5,193.2,30,966.0,250.57
4358,2022-03-25,South,Andhra Pradesh,Vijayawada,Electronics,Laptops,HP Pavilion,2,16308.6,30,32617.2,4436.83
4359,2022-03-27,South,Andhra Pradesh,Vijayawada,Electronics,Televisions,"Samsung 50"" Crystal",2,34565.6,20,69131.2,10246.98
4360,2024-06-12,East,West Bengal,Kolkata,Electronics,Accessories,Bluetooth Speaker,1,13083.0,30,13083.0,536.07
4361,2022-11-07,East,Bihar,Patna,Office Supplies,Ink & Toner,Canon Toner,1,2539.0,0,2539.0,651.5
4362,2024-09-19,North,Haryana,Faridabad,Office Supplies,Ink & Toner,Canon Toner,3,2586.85,5,7760.55,1996.34
4363,2022-10-18,West,Maharashtra,Nagpur,Clothing,Womenswear,Dress,1,2197.35,5,2197.35,321.59
4364,2023-01-03,East,Bihar,Gaya,Clothing,Womenswear,Kurti,6,1516.0,0,9096.0,1292.93
4365,2022-09-24,South,Kerala,Thiruvananthapuram,Clothing,Womenswear,Ethnic Set,3,1194.9,30,3584.7,793.94
4366,2022-01-23,North,Rajasthan,Jaipur,Electronics,Accessories,Power Bank,2,9680.8,20,19361.6,2737.24
4367,2024-06-13,East,West Bengal,Siliguri,Furniture,Storage,TV Unit,3,33581.25,25,100743.75,7887.43
4368,2024-04-29,West,Goa,Margao,Office Supplies,Ink & Toner,Canon Toner,4,6944.4,10,27777.6,5783.55
4369,2024-07-11,North,Haryana,Gurugram,Clothing,Footwear,Sandals,5,3389.25,25,16946.25,3847.53
4370,2022-10-27,North,Punjab,Ludhiana,Clothing,Womenswear,Dress,6,1649.4,40,9896.4,2248.48
4371,2023-09-18,West,Maharashtra,Pune,Electronics,Mobile Phones,Redmi Note 13,6,16898.4,20,101390.4,6660.35
4372,2023-08-25,North,Rajasthan,Udaipur,Furniture,Tables,Dining Table 6-Seater,2,22334.4,10,44668.8,5820.12
4373,2024-05-04,North,Uttar Pradesh,Noida,Office Supplies,Printers,Canon Laser Printer,3,3772.0,0,11316.0,860.01
4374,2024-08-13,South,Kerala,Kochi,Office Supplies,Ink & Toner,Canon Toner,4,5240.0,0,20960.0,5508.98
4375,2023-12-31,South,Tamil Nadu,Chennai,Furniture,Sofas,L-Shaped Sofa,2,13515.0,0,27030.0,3578.33
4376,2024-04-09,South,Tamil Nadu,Chennai,Clothing,Footwear,Formal Shoes,1,1373.0,0,1373.0,343.94
4377,2024-01-30,South,Andhra Pradesh,Vijayawada,Office Supplies,Printers,HP Inkjet Printer,1,6909.3,10,6909.3,565.28
4378,2023-11-19,West,Gujarat,Surat,Clothing,Footwear,Running Shoes,5,1334.4,20,6672.0,1658.7
4379,2024-06-30,North,Delhi,New Delhi,Office Supplies,Stationery,A4 Paper Ream,6,3429.0,40,20574.0,3408.62
4380,2023-07-20,North,Punjab,Amritsar,Office Supplies,Stationery,Notebook Bundle,2,8904.8,20,17809.6,4530.41
4381,2024-11-02,South,Tamil Nadu,Coimbatore,Office Supplies,Ink & Toner,HP Ink Cartridge,6,690.9,30,4145.4,478.42
4382,2024-08-29,West,Madhya Pradesh,Bhopal,Furniture,Storage,Wardrobe 4-Door,6,14922.6,40,89535.6,15923.56
4383,2023-01-01,West,Goa,Margao,Office Supplies,Stationery,Notebook Bundle,6,2150.0,0,12900.0,979.57
4384,2024-03-29,East,Assam,Dibrugarh,Office Supplies,Printers,HP Inkjet Printer,5,5888.8,20,29444.0,4074.98
4385,2024-06-01,North,Uttar Pradesh,Varanasi,Furniture,Sofas,3-Seater Fabric Sofa,6,15421.2,40,92527.2,11748.66
4386,2024-01-27,North,Punjab,Ludhiana,Furniture,Sofas,3-Seater Fabric Sofa,3,17558.25,25,52674.75,12407.09
4387,2022-09-09,South,Andhra Pradesh,Vijayawada,Clothing,Womenswear,Kurti,4,4332.6,10,17330.4,2505.78
4388,2022-12-28,South,Karnataka,Mysuru,Office Supplies,Printers,HP Inkjet Printer,5,5956.5,25,29782.5,7872.0
4389,2023-04-19,North,Haryana,Gurugram,Electronics,Accessories,Bluetooth Speaker,5,23115.0,25,115575.0,5756.73
4390,2024-05-31,North,Delhi,New Delhi,Clothing,Footwear,Sandals,6,1128.0,25,6768.0,1087.79
4391,2022-07-30,East,Assam,Guwahati,Electronics,Televisions,"Samsung 50"" Crystal",3,12098.25,5,36294.75,5790.98
4392,2023-10-05,East,Bihar,Gaya,Office Supplies,Stationery,Gel Pen Pack,3,1777.0,0,5331.0,658.72
4393,2023-10-13,South,Telangana,Warangal,Furniture,Sofas,Recliner Sofa,1,2912.8,20,2912.8,313.01
4394,2022-09-08,North,Uttar Pradesh,Lucknow,Clothing,Womenswear,Ethnic Set,1,1331.4,40,1331.4,224.45
4395,2024-06-15,West,Goa,Margao,Office Supplies,Printers,HP Inkjet Printer,1,9119.65,15,9119.65,2165.2
4396,2022-09-06,West,Madhya Pradesh,Bhopal,Electronics,Laptops,Dell Inspiron 15,4,36040.5,10,144162.0,20227.51
4397,2023-02-08,East,Bihar,Gaya,Clothing,Womenswear,Kurti,4,330.0,25,1320.0,284.31
4398,2024-02-21,South,Tamil Nadu,Madurai,Office Supplies,Stationery,Notebook Bundle,3,1192.8,20,3578.4,601.05
4399,2024-04-19,North,Uttar Pradesh,Noida,Office Supplies,Printers,Canon Laser Printer,1,3109.0,0,3109.0,637.67
4400,2023-06-17,East,Bihar,Patna,Office Supplies,Ink & Toner,Canon Toner,1,1188.45,5,1188.45,61.54
4401,2024-11-17,East,Odisha,Bhubaneswar,Furniture,Tables,Coffee Table,1,32542.2,10,32542.2,5811.3
4402,2024-12-30,North,Delhi,Dwarka,Office Supplies,Stationery,A4 Paper Ream,5,4864.8,20,24324.0,5381.14
4403,2022-07-30,East,Assam,Dibrugarh,Furniture,Tables,Coffee Table,2,40024.45,5,80048.9,16634.85
4404,2023-04-06,South,Tamil Nadu,Coimbatore,Office Supplies,Ink & Toner,HP Ink Cartridge,4,1422.0,0,5688.0,1390.84
4405,2023-05-19,West,Gujarat,Vadodara,Clothing,Footwear,Formal Shoes,2,1704.75,25,3409.5,502.24
4406,2024-01-28,North,Haryana,Faridabad,Clothing,Footwear,Formal Shoes,1,861.0,25,861.0,76.62
4407,2023-05-31,North,Punjab,Chandigarh,Electronics,Laptops,Lenovo IdeaPad,1,34835.4,10,34835.4,2078.11
4408,2024-10-31,East,Bihar,Gaya,Clothing,Footwear,Formal Shoes,3,833.7,30,2501.1,612.49
4409,2024-09-27,North,Delhi,New Delhi,Office Supplies,Printers,Canon Laser Printer,4,5315.4,10,21261.6,4826.2
4410,2023-11-29,West,Madhya Pradesh,Bhopal,Electronics,Televisions,"LG 55"" UHD",6,56523.6,10,339141.6,32683.7
4411,2023-06-30,East,West Bengal,Kolkata,Office Supplies,Stationery,A4 Paper Ream,3,10398.6,10,31195.8,7758.44
4412,2022-06-28,West,Madhya Pradesh,Indore,Clothing,Womenswear,Ethnic Set,3,479.2,20,1437.6,342.35
4413,2023-04-23,East,Assam,Dibrugarh,Clothing,Womenswear,Dress,1,1147.2,40,1147.2,181.14
4414,2022-09-07,South,Kerala,Kochi,Electronics,Mobile Phones,Redmi Note 13,6,37478.2,15,224869.2,27701.32
4415,2024-11-12,South,Tamil Nadu,Chennai,Furniture,Sofas,3-Seater Fabric Sofa,1,28483.2,10,28483.2,7327.63
4416,2024-01-07,West,Madhya Pradesh,Bhopal,Clothing,Footwear,Sandals,5,2566.2,40,12831.0,2803.13
4417,2023-12-30,East,West Bengal,Kolkata,Office Supplies,Ink & Toner,HP Ink Cartridge,4,998.4,20,3993.6,740.61
4418,2022-12-29,West,Maharashtra,Mumbai,Furniture,Tables,Coffee Table,6,20104.7,30,120628.2,32975.91
4419,2024-12-11,South,Andhra Pradesh,Visakhapatnam,Furniture,Storage,Bookshelf,1,5631.3,10,5631.3,403.03
4420,2024-04-13,South,Telangana,Hyderabad,Office Supplies,Stationery,Notebook Bundle,3,6581.7,10,19745.1,4220.7
4421,2022-12-04,East,West Bengal,Howrah,Office Supplies,Stationery,Notebook Bundle,4,776.4,40,3105.6,475.74
4422,2024-10-02,South,Telangana,Warangal,Office Supplies,Ink & Toner,Canon Toner,4,11967.0,0,47868.0,6185.65
4423,2024-11-14,West,Goa,Panaji,Electronics,Laptops,Dell Inspiron 15,1,51485.0,0,51485.0,8038.5
4424,2023-07-27,East,West Bengal,Kolkata,Clothing,Footwear,Formal Shoes,2,2054.7,10,4109.4,278.84
4425,2022-11-02,West,Madhya Pradesh,Indore,Clothing,Womenswear,Saree,1,2527.95,5,2527.95,685.63
4426,2022-12-30,South,Tamil Nadu,Chennai,Clothing,Womenswear,Saree,1,3011.0,0,3011.0,657.51
4427,2024-10-01,East,Odisha,Bhubaneswar,Furniture,Tables,Coffee Table,6,20985.0,0,125910.0,24317.37
4428,2023-10-16,East,Assam,Guwahati,Clothing,Menswear,Casual T-Shirt,3,1989.4,30,5968.2,1536.21
4429,2024-06-11,North,Punjab,Amritsar,Office Supplies,Ink & Toner,Canon Toner,4,2164.0,0,8656.0,1578.0
4430,2022-06-26,East,West Bengal,Siliguri,Clothing,Footwear,Running Shoes,1,2305.2,40,2305.2,572.19
4431,2022-11-26,West,Goa,Panaji,Clothing,Footwear,Formal Shoes,2,3536.25,25,7072.5,1168.12
4432,2022-03-23,West,Madhya Pradesh,Bhopal,Office Supplies,Ink & Toner,HP Ink Cartridge,6,6435.6,40,38613.6,7713.42
4433,2024-09-23,North,Uttar Pradesh,Lucknow,Furniture,Tables,Dining Table 6-Seater,4,32262.3,10,129049.2,20415.66
4434,2024-10-02,West,Goa,Margao,Clothing,Womenswear,Saree,1,2347.2,10,2347.2,127.11
4435,2024-10-31,North,Uttar Pradesh,Kanpur,Office Supplies,Printers,Canon Laser Printer,1,1930.4,20,1930.4,271.11
4436,2023-10-08,East,Odisha,Bhubaneswar,Office Supplies,Ink & Toner,HP Ink Cartridge,6,2749.5,10,16497.0,2689.04
4437,2024-05-27,North,Rajasthan,Jaipur,Clothing,Menswear,Formal Shirt,1,3188.5,30,3188.5,655.89
4438,2024-05-27,East,Odisha,Cuttack,Clothing,Footwear,Running Shoes,6,1584.1,30,9504.6,903.02
4439,2024-05-29,North,Rajasthan,Udaipur,Clothing,Footwear,Sandals,5,941.25,25,4706.25,463.05
4440,2024-02-15,North,Uttar Pradesh,Varanasi,Electronics,Televisions,"Samsung 50"" Crystal",5,34995.6,10,174978.0,21449.8
4441,2024-01-08,South,Tamil Nadu,Madurai,Office Supplies,Ink & Toner,Canon Toner,1,2934.0,40,2934.0,759.91
4442,2023-12-20,East,Assam,Guwahati,Furniture,Storage,TV Unit,6,15130.0,0,90780.0,13924.78
4443,2024-06-20,East,Assam,Dibrugarh,Furniture,Storage,Wardrobe 4-Door,5,25738.8,40,128694.0,19394.83
4444,2024-05-31,North,Uttar Pradesh,Lucknow,Office Supplies,Stationery,Notebook Bundle,4,10548.8,5,42195.2,11567.83
4445,2022-10-15,South,Telangana,Hyderabad,Furniture,Chairs,Wooden Dining Chair,6,30296.55,15,181779.3,13632.65
4446,2022-08-16,East,Assam,Guwahati,Furniture,Tables,Office Desk,3,21921.0,25,65763.0,6048.36
4447,2024-08-14,North,Rajasthan,Udaipur,Office Supplies,Printers,HP Inkjet Printer,4,317.3,5,1269.2,224.82
4448,2024-11-06,West,Maharashtra,Mumbai,Clothing,Womenswear,Saree,6,326.4,15,1958.4,127.11
4449,2023-07-02,West,Madhya Pradesh,Indore,Office Supplies,Ink & Toner,Canon Toner,3,4367.7,10,13103.1,3642.95
4450,2023-08-25,East,West Bengal,Siliguri,Electronics,Televisions,"LG 55"" UHD",6,62964.1,5,377784.6,15033.56
4451,2024-05-29,East,West Bengal,Howrah,Furniture,Tables,Dining Table 6-Seater,1,26667.0,25,26667.0,6087.76
4452,2022-08-10,North,Rajasthan,Jodhpur,Electronics,Mobile Phones,OnePlus 12R,5,14639.55,15,73197.75,10403.57
4453,2022-04-22,South,Karnataka,Mysuru,Office Supplies,Ink & Toner,HP Ink Cartridge,5,3725.55,15,18627.75,2456.29
4454,2024-06-12,North,Uttar Pradesh,Kanpur,Electronics,Accessories,Bluetooth Speaker,3,11399.4,40,34198.2,2472.76
4455,2024-04-03,North,Uttar Pradesh,Lucknow,Furniture,Sofas,L-Shaped Sofa,4,41486.0,0,165944.0,21626.18
4456,2024-06-10,South,Andhra Pradesh,Tirupati,Furniture,Storage,Wardrobe 4-Door,6,10967.4,10,65804.4,3911.3
4457,2024-10-26,South,Tamil Nadu,Chennai,Electronics,Televisions,"Samsung 50"" Crystal",5,34236.9,10,171184.5,10948.24
4458,2024-11-29,East,Odisha,Bhubaneswar,Electronics,Laptops,Lenovo IdeaPad,1,46976.1,15,46976.1,1250.83
4459,2022-07-16,East,West Bengal,Howrah,Office Supplies,Ink & Toner,Canon Toner,3,6430.9,30,19292.7,5283.37
4460,2023-05-11,East,Bihar,Gaya,Clothing,Menswear,Jeans,4,3322.5,25,13290.0,1600.01
4461,2024-08-24,East,Assam,Guwahati,Furniture,Sofas,Recliner Sofa,1,25849.8,10,25849.8,5015.22
4462,2022-08-10,South,Telangana,Karimnagar,Furniture,Chairs,Ergonomic Office Chair,4,35344.8,20,141379.2,34264.19
4463,2024-01-08,West,Maharashtra,Nagpur,Office Supplies,Ink & Toner,Canon Toner,4,8064.9,10,32259.6,7742.25
4464,2024-09-02,North,Rajasthan,Jaipur,Office Supplies,Printers,Canon Laser Printer,2,8494.2,10,16988.4,2121.67
4465,2022-11-09,East,West Bengal,Siliguri,Electronics,Mobile Phones,Redmi Note 13,4,57050.1,10,228200.4,10547.62
4466,2023-04-12,South,Andhra Pradesh,Vijayawada,Furniture,Storage,TV Unit,4,16533.9,10,66135.6,18396.75
4467,2023-05-26,North,Delhi,Dwarka,Office Supplies,Stationery,A4 Paper Ream,4,4686.3,10,18745.2,4387.25
4468,2024-01-17,East,Assam,Dibrugarh,Electronics,Accessories,Wireless Earbuds,1,12327.55,15,12327.55,1835.63
4469,2023-03-17,West,Madhya Pradesh,Bhopal,Electronics,Mobile Phones,iPhone 14,3,27712.5,25,83137.5,7953.25
4470,2024-07-18,West,Maharashtra,Nagpur,Electronics,Accessories,Wireless Earbuds,3,26119.8,40,78359.4,8783.64
4471,2023-11-30,East,West Bengal,Kolkata,Electronics,Televisions,"LG 55"" UHD",4,18582.2,30,74328.8,7244.07
4472,2023-10-05,North,Punjab,Chandigarh,Clothing,Womenswear,Ethnic Set,4,1881.0,40,7524.0,1413.69
4473,2022-12-12,West,Goa,Panaji,Furniture,Sofas,L-Shaped Sofa,2,19587.4,30,39174.8,9583.8
4474,2022-08-09,East,West Bengal,Howrah,Clothing,Menswear,Jeans,4,628.15,15,2512.6,560.13
4475,2023-02-16,West,Maharashtra,Pune,Electronics,Laptops,Lenovo IdeaPad,4,21755.0,5,87020.0,7650.84
4476,2023-08-16,West,Goa,Margao,Furniture,Storage,Wardrobe 4-Door,6,13390.5,25,80343.0,18128.64
4477,2022-06-05,East,Odisha,Bhubaneswar,Office Supplies,Ink & Toner,Canon Toner,6,1800.3,15,10801.8,2269.78
4478,2024-10-11,East,Bihar,Gaya,Office Supplies,Stationery,Gel Pen Pack,2,9565.0,0,19130.0,4238.19
4479,2023-12-13,East,Assam,Guwahati,Clothing,Menswear,Jeans,6,2943.0,0,17658.0,1233.51
4480,2022-03-18,West,Goa,Margao,Electronics,Laptops,Lenovo IdeaPad,1,50743.8,10,50743.8,3226.23
4481,2023-05-30,East,West Bengal,Siliguri,Clothing,Menswear,Sherwani,3,2623.5,10,7870.5,2202.53
4482,2024-10-05,West,Gujarat,Ahmedabad,Electronics,Accessories,Power Bank,5,16427.2,20,82136.0,9518.2
4483,2023-04-12,East,Bihar,Patna,Electronics,Laptops,Lenovo IdeaPad,1,43444.8,40,43444.8,903.97
4484,2022-08-16,East,West Bengal,Siliguri,Office Supplies,Printers,HP Inkjet Printer,3,4023.05,15,12069.15,2080.84
4485,2023-03-12,South,Tamil Nadu,Chennai,Clothing,Womenswear,Kurti,5,1558.2,30,7791.0,1318.81
4486,2022-05-21,West,Gujarat,Surat,Furniture,Tables,Office Desk,1,26290.4,20,26290.4,2980.25
4487,2023-11-29,South,Andhra Pradesh,Tirupati,Electronics,Accessories,Bluetooth Speaker,6,17011.4,30,102068.4,3236.61
4488,2024-11-17,North,Delhi,New Delhi,Furniture,Storage,TV Unit,4,11485.5,5,45942.0,4481.53
4489,2024-10-13,East,Bihar,Patna,Office Supplies,Stationery,A4 Paper Ream,6,5029.2,10,30175.2,4731.33
4490,2024-01-01,North,Uttar Pradesh,Noida,Office Supplies,Printers,HP Inkjet Printer,1,8441.1,10,8441.1,1914.78
4491,2024-01-27,West,Madhya Pradesh,Bhopal,Furniture,Storage,Wardrobe 4-Door,6,4234.8,40,25408.8,4552.83
4492,2024-07-27,West,Maharashtra,Nagpur,Electronics,Accessories,Smart Watch,1,35215.2,40,35215.2,3735.98
4493,2024-06-08,West,Maharashtra,Pune,Office Supplies,Printers,HP Inkjet Printer,4,4838.4,30,19353.6,4317.19
4494,2023-01-11,West,Gujarat,Surat,Clothing,Footwear,Sandals,2,2280.6,30,4561.2,821.03
4495,2022-11-15,East,Bihar,Gaya,Office Supplies,Stationery,Notebook Bundle,3,5076.2,15,15228.6,1863.64
4496,2022-11-29,West,Madhya Pradesh,Indore,Furniture,Storage,Bookshelf,4,23169.6,10,92678.4,6345.26
4497,2022-01-07,North,Delhi,New Delhi,Furniture,Storage,Bookshelf,2,13230.9,10,26461.8,5809.2
4498,2023-11-19,West,Madhya Pradesh,Bhopal,Furniture,Storage,TV Unit,2,24052.5,10,48105.0,4785.48
4499,2023-11-27,South,Karnataka,Bengaluru,Clothing,Menswear,Casual T-Shirt,4,2767.2,40,11068.8,2183.58
4500,2023-06-08,West,Madhya Pradesh,Bhopal,Clothing,Menswear,Formal Shirt,5,1997.0,0,9985.0,872.06
4501,2023-03-06,West,Maharashtra,Pune,Electronics,Televisions,"Samsung 50"" Crystal",5,26194.0,30,130970.0,9130.25
4502,2023-06-16,North,Uttar Pradesh,Noida,Furniture,Tables,Coffee Table,6,8888.45,15,53330.7,5155.47
4503,2024-08-30,South,Karnataka,Mysuru,Electronics,Televisions,"LG 55"" UHD",5,65749.0,0,328745.0,41819.52
4504,2023-12-24,South,Telangana,Hyderabad,Clothing,Footwear,Formal Shoes,2,3123.9,10,6247.8,797.65
4505,2023-07-05,South,Telangana,Hyderabad,Clothing,Footwear,Sandals,6,2283.75,25,13702.5,946.28
4506,2024-07-20,North,Rajasthan,Jaipur,Office Supplies,Printers,Canon Laser Printer,3,7448.8,20,22346.4,4400.75
4507,2022-11-28,South,Telangana,Hyderabad,Office Supplies,Printers,Canon Laser Printer,1,8279.2,20,8279.2,1382.88
4508,2022-06-10,West,Maharashtra,Nashik,Clothing,Womenswear,Ethnic Set,5,4915.0,0,24575.0,6241.82
4509,2023-08-18,East,Bihar,Gaya,Electronics,Laptops,HP Pavilion,6,18940.0,0,113640.0,4532.28
4510,2022-07-06,South,Tamil Nadu,Coimbatore,Clothing,Menswear,Sherwani,2,1206.0,25,2412.0,139.61
4511,2024-10-30,East,Assam,Dibrugarh,Clothing,Footwear,Formal Shoes,5,782.4,20,3912.0,340.97
4512,2022-05-18,East,Bihar,Patna,Office Supplies,Ink & Toner,Canon Toner,4,6070.5,10,24282.0,5397.45
4513,2022-06-10,West,Madhya Pradesh,Bhopal,Electronics,Mobile Phones,Redmi Note 13,6,9127.8,40,54766.8,4272.31
4514,2023-11-09,East,Odisha,Cuttack,Office Supplies,Stationery,Gel Pen Pack,2,3994.2,10,7988.4,1812.59
4515,2022-12-09,North,Haryana,Faridabad,Electronics,Televisions,"Sony Bravia 43""",6,6048.7,30,36292.2,951.99
4516,2023-07-13,South,Karnataka,Bengaluru,Office Supplies,Ink & Toner,HP Ink Cartridge,3,957.1,15,2871.3,152.98
4517,2023-06-30,West,Gujarat,Vadodara,Clothing,Menswear,Sherwani,3,3261.6,10,9784.8,1507.0
4518,2023-10-18,North,Rajasthan,Udaipur,Furniture,Chairs,Gaming Chair,2,3473.1,10,6946.2,389.12
4519,2022-06-21,West,Gujarat,Surat,Furniture,Storage,TV Unit,6,35206.4,20,211238.4,35005.63
4520,2022-12-29,South,Kerala,Kozhikode,Electronics,Laptops,HP Pavilion,3,55436.3,5,166308.9,21471.83
4521,2022-03-22,East,West Bengal,Kolkata,Electronics,Televisions,"Samsung 50"" Crystal",6,8505.1,15,51030.6,7213.16
4522,2023-10-14,South,Tamil Nadu,Coimbatore,Furniture,Tables,Dining Table 6-Seater,4,10678.5,10,42714.0,4486.09
4523,2024-08-28,East,West Bengal,Howrah,Furniture,Storage,Bookshelf,3,11100.75,25,33302.25,2327.02
4524,2022-10-11,South,Karnataka,Bengaluru,Furniture,Tables,Dining Table 6-Seater,1,9127.8,40,9127.8,2372.57
4525,2024-05-01,West,Maharashtra,Pune,Furniture,Sofas,3-Seater Fabric Sofa,3,37784.7,10,113354.1,21576.19
4526,2023-09-09,East,Assam,Guwahati,Electronics,Accessories,Bluetooth Speaker,2,9278.1,10,18556.2,2039.04
4527,2023-09-30,South,Telangana,Hyderabad,Office Supplies,Printers,Canon Laser Printer,2,7450.2,10,14900.4,2119.08
4528,2023-02-05,West,Goa,Panaji,Furniture,Tables,Dining Table 6-Seater,2,14600.45,15,29200.9,6330.48
4529,2024-04-12,East,Assam,Dibrugarh,Furniture,Tables,Coffee Table,2,34246.4,20,68492.8,8059.27
4530,2024-06-06,North,Uttar Pradesh,Lucknow,Office Supplies,Printers,HP Inkjet Printer,2,6921.0,10,13842.0,718.66
4531,2022-01-30,North,Uttar Pradesh,Noida,Electronics,Laptops,Lenovo IdeaPad,5,19614.6,15,98073.0,3682.81
4532,2024-03-23,East,Bihar,Patna,Clothing,Menswear,Formal Shirt,2,2534.4,10,5068.8,489.75
4533,2024-09-23,East,Assam,Dibrugarh,Office Supplies,Printers,Canon Laser Printer,6,7929.6,20,47577.6,10140.16
4534,2023-02-27,East,Odisha,Bhubaneswar,Clothing,Menswear,Jeans,6,3913.6,20,23481.6,1554.89
4535,2023-08-03,West,Maharashtra,Nagpur,Clothing,Womenswear,Ethnic Set,1,4240.8,10,4240.8,780.85
4536,2023-10-31,North,Punjab,Chandigarh,Clothing,Footwear,Running Shoes,2,2253.6,20,4507.2,299.62
4537,2024-02-18,West,Gujarat,Vadodara,Furniture,Tables,Office Desk,3,26313.7,30,78941.1,13110.27
4538,2022-03-30,South,Telangana,Hyderabad,Furniture,Chairs,Wooden Dining Chair,6,7665.0,0,45990.0,3752.02
4539,2023-03-12,North,Uttar Pradesh,Varanasi,Office Supplies,Ink & Toner,HP Ink Cartridge,6,10408.0,0,62448.0,9796.87
4540,2022-10-29,North,Uttar Pradesh,Varanasi,Furniture,Tables,Dining Table 6-Seater,5,6687.9,10,33439.5,6490.25
4541,2024-10-15,East,Odisha,Cuttack,Furniture,Storage,TV Unit,4,28511.1,10,114044.4,15971.37
4542,2023-08-24,East,Assam,Dibrugarh,Electronics,Accessories,Bluetooth Speaker,6,31580.25,25,189481.5,10972.0
4543,2022-11-14,East,West Bengal,Howrah,Office Supplies,Ink & Toner,HP Ink Cartridge,5,2339.85,5,11699.25,2853.23
4544,2024-11-18,North,Delhi,New Delhi,Office Supplies,Stationery,Notebook Bundle,2,1070.3,30,2140.6,164.23
4545,2024-06-16,North,Uttar Pradesh,Lucknow,Office Supplies,Stationery,Gel Pen Pack,3,4296.6,10,12889.8,3155.28
4546,2022-12-16,North,Rajasthan,Udaipur,Electronics,Laptops,Lenovo IdeaPad,6,34050.4,20,204302.4,21015.85
4547,2024-11-30,West,Maharashtra,Nashik,Furniture,Tables,Dining Table 6-Seater,5,13457.2,15,67286.0,10835.67
4548,2023-08-26,North,Punjab,Ludhiana,Furniture,Tables,Coffee Table,6,36027.25,15,216163.5,17203.26
4549,2024-12-29,West,Maharashtra,Nashik,Furniture,Chairs,Gaming Chair,5,9695.7,10,48478.5,10391.31
4550,2022-12-16,South,Andhra Pradesh,Vijayawada,Furniture,Sofas,L-Shaped Sofa,5,9277.75,15,46388.75,7927.83
4551,2022-04-19,East,West Bengal,Kolkata,Furniture,Chairs,Ergonomic Office Chair,3,21829.2,40,65487.6,3496.49
4552,2023-05-12,North,Delhi,Dwarka,Clothing,Womenswear,Ethnic Set,1,2451.4,30,2451.4,451.28
4553,2024-08-06,West,Madhya Pradesh,Bhopal,Electronics,Mobile Phones,Redmi Note 13,5,38087.0,0,190435.0,13088.97
4554,2022-07-01,West,Madhya Pradesh,Indore,Electronics,Mobile Phones,Redmi Note 13,5,29575.0,0,147875.0,17392.22
4555,2024-11-12,South,Karnataka,Hubballi,Furniture,Sofas,L-Shaped Sofa,3,19614.7,30,58844.1,11425.19
4556,2023-08-31,West,Madhya Pradesh,Indore,Office Supplies,Ink & Toner,HP Ink Cartridge,1,5283.6,30,5283.6,1139.26
4557,2023-04-09,West,Maharashtra,Mumbai,Office Supplies,Stationery,Notebook Bundle,3,3055.5,10,9166.5,513.83
4558,2022-05-25,East,West Bengal,Howrah,Clothing,Footwear,Sandals,3,4427.95,5,13283.85,3095.94
4559,2024-12-05,West,Maharashtra,Mumbai,Clothing,Footwear,Formal Shoes,5,2100.6,10,10503.0,659.83
4560,2024-01-28,West,Madhya Pradesh,Bhopal,Furniture,Sofas,3-Seater Fabric Sofa,5,15054.65,5,75273.25,4206.9
4561,2022-06-02,West,Goa,Panaji,Clothing,Footwear,Sandals,2,484.0,0,968.0,146.11
4562,2024-03-10,East,Odisha,Cuttack,Furniture,Sofas,Recliner Sofa,5,33453.45,15,167267.25,28122.21
4563,2023-09-17,West,Madhya Pradesh,Indore,Furniture,Storage,Bookshelf,4,28172.0,0,112688.0,23274.08
4564,2023-10-09,East,Assam,Guwahati,Office Supplies,Printers,HP Inkjet Printer,1,788.0,0,788.0,58.35
4565,2024-12-14,North,Haryana,Faridabad,Clothing,Footwear,Sandals,2,2875.65,5,5751.3,744.19
4566,2024-05-12,South,Telangana,Hyderabad,Office Supplies,Ink & Toner,Canon Toner,5,4896.5,30,24482.5,3651.72
4567,2024-11-23,North,Delhi,Dwarka,Furniture,Chairs,Ergonomic Office Chair,2,36480.95,5,72961.9,17512.51
4568,2022-09-11,South,Andhra Pradesh,Visakhapatnam,Furniture,Tables,Dining Table 6-Seater,5,19248.3,10,96241.5,15658.23
4569,2024-05-10,West,Maharashtra,Mumbai,Office Supplies,Stationery,Gel Pen Pack,4,1931.25,25,7725.0,1360.38
4570,2022-04-06,South,Telangana,Karimnagar,Clothing,Footwear,Sandals,5,1464.0,20,7320.0,1383.96
4571,2022-08-17,North,Rajasthan,Jodhpur,Office Supplies,Ink & Toner,HP Ink Cartridge,4,9763.0,0,39052.0,5662.28
4572,2023-02-02,East,Assam,Guwahati,Clothing,Footwear,Formal Shoes,3,4430.7,10,13292.1,3518.09
4573,2022-07-23,West,Madhya Pradesh,Indore,Office Supplies,Stationery,Notebook Bundle,2,2125.5,25,4251.0,247.21
4574,2024-08-25,West,Maharashtra,Nagpur,Clothing,Menswear,Casual T-Shirt,3,3252.2,30,9756.6,1967.23
4575,2024-02-29,West,Maharashtra,Mumbai,Furniture,Sofas,Recliner Sofa,2,7078.0,0,14156.0,1680.68
4576,2022-12-11,North,Haryana,Faridabad,Furniture,Tables,Office Desk,6,18687.2,20,112123.2,10168.09
4577,2024-08-30,North,Haryana,Faridabad,Furniture,Tables,Coffee Table,6,34557.0,0,207342.0,34285.38
4578,2022-01-24,West,Goa,Margao,Clothing,Footwear,Sandals,3,356.4,40,1069.2,132.62
4579,2024-03-03,South,Tamil Nadu,Coimbatore,Furniture,Sofas,L-Shaped Sofa,5,24327.0,40,121635.0,23170.52
4580,2024-10-22,West,Madhya Pradesh,Bhopal,Clothing,Menswear,Sherwani,1,516.6,10,516.6,110.76
4581,2023-12-21,North,Haryana,Faridabad,Clothing,Menswear,Formal Shirt,1,391.85,15,391.85,60.48
4582,2023-12-05,South,Andhra Pradesh,Guntur,Office Supplies,Printers,HP Inkjet Printer,3,11289.0,0,33867.0,9055.21
4583,2022-11-17,East,Odisha,Bhubaneswar,Electronics,Laptops,Dell Inspiron 15,4,34897.1,30,139588.4,6936.96
4584,2022-02-14,East,West Bengal,Kolkata,Furniture,Storage,TV Unit,4,29619.0,10,118476.0,10083.63
4585,2023-07-26,North,Uttar Pradesh,Kanpur,Clothing,Womenswear,Dress,4,1975.2,20,7900.8,1100.05
4586,2023-10-28,North,Haryana,Gurugram,Office Supplies,Ink & Toner,Canon Toner,2,7035.7,30,14071.4,3060.21
4587,2024-09-23,East,Bihar,Gaya,Office Supplies,Ink & Toner,Canon Toner,6,5616.0,10,33696.0,4526.65
4588,2023-01-03,East,Odisha,Cuttack,Clothing,Footwear,Sandals,2,2928.85,5,5857.7,540.23
4589,2024-12-03,North,Haryana,Gurugram,Electronics,Televisions,"LG 55"" UHD",5,53595.9,10,267979.5,16038.79
4590,2024-09-06,East,Bihar,Gaya,Clothing,Menswear,Sherwani,6,560.7,30,3364.2,583.63
4591,2023-01-02,East,West Bengal,Howrah,Clothing,Womenswear,Dress,6,424.15,15,2544.9,402.74
4592,2023-08-30,North,Delhi,Dwarka,Furniture,Chairs,Gaming Chair,3,32144.45,15,96433.35,21942.13
4593,2023-12-10,North,Delhi,Dwarka,Electronics,Laptops,HP Pavilion,6,51640.4,30,309842.4,38675.36
4594,2024-05-30,East,Bihar,Patna,Office Supplies,Printers,Canon Laser Printer,1,228.0,40,228.0,23.82
4595,2024-04-29,South,Karnataka,Mysuru,Furniture,Tables,Coffee Table,3,9998.55,15,29995.65,3809.9
4596,2022-08-23,North,Uttar Pradesh,Lucknow,Furniture,Tables,Coffee Table,6,5886.3,30,35317.8,2173.6
4597,2022-10-21,West,Maharashtra,Mumbai,Office Supplies,Printers,Canon Laser Printer,3,10226.7,10,30680.1,3581.17
4598,2023-03-20,North,Uttar Pradesh,Lucknow,Furniture,Tables,Office Desk,6,31224.8,20,187348.8,26182.41
4599,2023-06-22,North,Haryana,Gurugram,Office Supplies,Printers,Canon Laser Printer,2,5301.8,30,10603.6,1195.68
4600,2023-11-17,East,West Bengal,Siliguri,Furniture,Storage,Wardrobe 4-Door,6,12000.6,40,72003.6,12298.28
4601,2023-12-14,South,Kerala,Kochi,Clothing,Womenswear,Kurti,5,1875.0,0,9375.0,2229.06
4602,2022-10-29,East,Bihar,Gaya,Office Supplies,Ink & Toner,Canon Toner,2,4565.7,10,9131.4,629.01
4603,2024-12-21,North,Delhi,New Delhi,Clothing,Womenswear,Saree,6,1004.0,0,6024.0,499.66
4604,2022-03-19,South,Karnataka,Hubballi,Electronics,Laptops,Lenovo IdeaPad,1,35552.0,0,35552.0,2327.19
4605,2022-08-10,West,Gujarat,Ahmedabad,Clothing,Menswear,Formal Shirt,5,3295.0,0,16475.0,3152.2
4606,2022-04-05,North,Punjab,Chandigarh,Clothing,Menswear,Casual T-Shirt,4,1252.8,20,5011.2,789.62
4607,2023-09-27,North,Delhi,New Delhi,Furniture,Tables,Dining Table 6-Seater,2,15902.4,20,31804.8,8602.17
4608,2024-09-12,West,Goa,Panaji,Electronics,Televisions,"Samsung 50"" Crystal",3,36911.7,30,110735.1,4517.18
4609,2023-07-10,North,Delhi,New Delhi,Office Supplies,Printers,HP Inkjet Printer,6,345.1,30,2070.6,160.43
4610,2022-08-16,West,Madhya Pradesh,Indore,Clothing,Womenswear,Kurti,4,1599.3,10,6397.2,693.08
4611,2023-12-05,East,Bihar,Gaya,Electronics,Mobile Phones,Redmi Note 13,1,51302.7,10,51302.7,1867.23
4612,2022-03-26,North,Punjab,Ludhiana,Office Supplies,Ink & Toner,Canon Toner,2,7485.1,15,14970.2,2516.73
4613,2022-01-30,West,Goa,Margao,Furniture,Storage,Wardrobe 4-Door,6,32332.3,5,193993.8,31601.87
4614,2022-05-26,East,Bihar,Patna,Electronics,Mobile Phones,Redmi Note 13,2,65522.0,0,131044.0,11585.08
4615,2023-09-22,East,West Bengal,Howrah,Office Supplies,Ink & Toner,HP Ink Cartridge,6,6102.0,10,36612.0,8105.07
4616,2023-05-06,North,Uttar Pradesh,Varanasi,Electronics,Laptops,Dell Inspiron 15,1,23824.0,0,23824.0,3680.2
4617,2022-03-24,North,Uttar Pradesh,Kanpur,Electronics,Accessories,Smart Watch,2,17918.4,40,35836.8,4321.58
4618,2022-04-11,South,Karnataka,Mysuru,Clothing,Menswear,Sherwani,1,2870.7,30,2870.7,263.27
4619,2024-09-24,South,Tamil Nadu,Coimbatore,Office Supplies,Stationery,Notebook Bundle,4,7720.0,0,30880.0,2842.38
4620,2023-02-08,South,Telangana,Warangal,Electronics,Laptops,Lenovo IdeaPad,3,7534.5,25,22603.5,2934.91
4621,2023-12-17,West,Maharashtra,Nashik,Office Supplies,Ink & Toner,Canon Toner,4,7156.0,20,28624.0,4504.45
4622,2023-06-05,South,Karnataka,Bengaluru,Office Supplies,Stationery,A4 Paper Ream,1,3256.2,10,3256.2,306.13
4623,2024-11-11,South,Andhra Pradesh,Tirupati,Furniture,Tables,Dining Table 6-Seater,2,21875.4,10,43750.8,4433.56
4624,2022-12-03,North,Uttar Pradesh,Kanpur,Office Supplies,Printers,HP Inkjet Printer,1,1569.75,25,1569.75,224.66
4625,2024-08-03,East,Assam,Guwahati,Electronics,Mobile Phones,Samsung Galaxy A54,1,37849.7,30,37849.7,5511.3
4626,2022-11-30,West,Madhya Pradesh,Indore,Furniture,Tables,Coffee Table,5,17351.2,20,86756.0,23703.44
4627,2023-04-07,West,Goa,Margao,Electronics,Mobile Phones,OnePlus 12R,3,73310.0,0,219930.0,33554.84
4628,2023-03-11,North,Rajasthan,Jaipur,Furniture,Storage,Wardrobe 4-Door,6,14697.9,30,88187.4,23329.95
4629,2023-10-17,North,Rajasthan,Jaipur,Furniture,Chairs,Wooden Dining Chair,6,9644.4,5,57866.4,11093.67
4630,2024-07-17,East,Assam,Guwahati,Furniture,Storage,TV Unit,1,5484.6,10,5484.6,780.87
4631,2023-12-10,East,West Bengal,Kolkata,Clothing,Footwear,Running Shoes,1,3257.55,5,3257.55,647.85
4632,2024-09-11,East,West Bengal,Howrah,Electronics,Accessories,Wireless Earbuds,5,38904.0,40,194520.0,30296.36
4633,2024-02-26,South,Andhra Pradesh,Visakhapatnam,Furniture,Sofas,Recliner Sofa,1,21173.4,10,21173.4,2127.0
4634,2023-05-02,East,Bihar,Patna,Furniture,Storage,Wardrobe 4-Door,1,24537.6,40,24537.6,3529.84
4635,2022-07-13,East,West Bengal,Siliguri,Clothing,Womenswear,Ethnic Set,5,2563.2,10,12816.0,2994.78
4636,2022-12-14,East,Odisha,Cuttack,Office Supplies,Ink & Toner,HP Ink Cartridge,1,5879.0,0,5879.0,1191.61
4637,2024-07-31,North,Haryana,Faridabad,Electronics,Mobile Phones,iPhone 14,2,46045.0,0,92090.0,13363.33
4638,2023-01-17,North,Punjab,Ludhiana,Furniture,Chairs,Ergonomic Office Chair,4,8416.1,30,33664.4,2371.82
4639,2024-08-28,East,Assam,Guwahati,Electronics,Mobile Phones,Redmi Note 13,3,12326.4,10,36979.2,3000.7
4640,2024-10-17,East,Bihar,Patna,Clothing,Footwear,Sandals,1,4579.0,0,4579.0,247.88
4641,2022-05-08,South,Andhra Pradesh,Visakhapatnam,Furniture,Sofas,Recliner Sofa,6,6417.6,40,38505.6,2088.52
4642,2022-01-17,North,Rajasthan,Jaipur,Electronics,Accessories,Wireless Earbuds,5,24894.0,10,124470.0,7518.28
4643,2023-08-15,South,Kerala,Kozhikode,Office Supplies,Printers,HP Inkjet Printer,3,3994.2,40,11982.6,2694.2
4644,2023-09-26,South,Kerala,Kochi,Office Supplies,Ink & Toner,Canon Toner,6,2228.1,30,13368.6,3092.43
4645,2024-02-09,South,Kerala,Thiruvananthapuram,Clothing,Footwear,Running Shoes,2,974.4,20,1948.8,424.49
4646,2022-11-20,East,Assam,Guwahati,Clothing,Footwear,Formal Shoes,3,3166.25,15,9498.75,2309.82
4647,2024-07-10,West,Madhya Pradesh,Bhopal,Clothing,Womenswear,Saree,6,3431.45,15,20588.7,1190.41
4648,2024-04-22,North,Uttar Pradesh,Noida,Furniture,Tables,Office Desk,2,31963.7,5,63927.4,9577.66
4649,2024-10-21,West,Madhya Pradesh,Indore,Clothing,Menswear,Casual T-Shirt,3,1523.0,0,4569.0,1251.0
4650,2023-03-07,North,Uttar Pradesh,Lucknow,Office Supplies,Ink & Toner,Canon Toner,6,8471.0,0,50826.0,14034.14
4651,2022-11-17,West,Goa,Margao,Clothing,Footwear,Running Shoes,1,383.25,25,383.25,71.91
4652,2022-01-21,North,Delhi,Dwarka,Office Supplies,Stationery,Gel Pen Pack,3,6158.25,25,18474.75,936.71
4653,2023-08-08,East,Assam,Guwahati,Electronics,Televisions,"Sony Bravia 43""",3,44499.6,10,133498.8,6446.06
4654,2023-05-29,North,Punjab,Ludhiana,Furniture,Chairs,Ergonomic Office Chair,5,13744.0,0,68720.0,4753.72
4655,2023-05-21,South,Karnataka,Mysuru,Clothing,Womenswear,Kurti,1,916.5,25,916.5,69.27
4656,2022-11-22,South,Tamil Nadu,Chennai,Electronics,Laptops,HP Pavilion,1,39757.0,0,39757.0,2538.29
4657,2024-02-28,South,Tamil Nadu,Chennai,Office Supplies,Stationery,Gel Pen Pack,6,4010.3,15,24061.8,3218.73
4658,2023-11-03,North,Uttar Pradesh,Kanpur,Office Supplies,Printers,HP Inkjet Printer,4,1261.6,20,5046.4,723.75
4659,2024-02-22,East,Bihar,Gaya,Office Supplies,Stationery,A4 Paper Ream,4,3391.5,5,13566.0,3484.29
4660,2023-10-12,South,Andhra Pradesh,Vijayawada,Clothing,Womenswear,Saree,4,2774.4,20,11097.6,2120.37
4661,2024-09-09,South,Telangana,Warangal,Electronics,Accessories,Bluetooth Speaker,2,39526.2,10,79052.4,10112.62
4662,2022-05-13,West,Gujarat,Surat,Electronics,Mobile Phones,iPhone 14,2,54027.0,0,108054.0,16494.74
4663,2022-11-11,West,Madhya Pradesh,Bhopal,Electronics,Laptops,HP Pavilion,4,11547.0,40,46188.0,5162.36
4664,2022-07-20,North,Delhi,Dwarka,Electronics,Mobile Phones,OnePlus 12R,2,35408.7,10,70817.4,9528.7
4665,2024-03-11,North,Uttar Pradesh,Noida,Office Supplies,Printers,HP Inkjet Printer,1,9074.4,5,9074.4,1519.95
4666,2023-03-10,South,Tamil Nadu,Chennai,Furniture,Sofas,Recliner Sofa,2,16464.0,20,32928.0,5386.7
4667,2022-07-02,East,West Bengal,Siliguri,Clothing,Menswear,Sherwani,5,841.2,40,4206.0,1128.17
4668,2022-11-02,West,Maharashtra,Pune,Furniture,Chairs,Ergonomic Office Chair,1,18241.9,5,18241.9,3898.75
4669,2022-08-01,East,Assam,Guwahati,Clothing,Footwear,Running Shoes,5,1172.7,10,5863.5,678.11
4670,2022-11-26,South,Tamil Nadu,Chennai,Clothing,Menswear,Sherwani,1,1937.25,25,1937.25,488.14
4671,2022-10-17,North,Uttar Pradesh,Kanpur,Furniture,Chairs,Ergonomic Office Chair,4,26149.6,20,104598.4,17558.14
4672,2022-06-10,West,Maharashtra,Nagpur,Office Supplies,Stationery,Notebook Bundle,4,5254.2,10,21016.8,2298.77
4673,2023-08-03,East,Assam,Dibrugarh,Furniture,Chairs,Gaming Chair,1,25556.0,0,25556.0,3550.84
4674,2023-10-21,West,Gujarat,Ahmedabad,Furniture,Tables,Coffee Table,3,32497.2,15,97491.6,7536.23
4675,2024-01-26,South,Kerala,Kozhikode,Clothing,Womenswear,Dress,3,4704.0,0,14112.0,3120.09
4676,2024-07-11,East,Assam,Guwahati,Office Supplies,Ink & Toner,HP Ink Cartridge,1,2895.3,10,2895.3,274.75
4677,2024-07-07,South,Karnataka,Hubballi,Office Supplies,Ink & Toner,Canon Toner,2,3400.8,20,6801.6,523.35
4678,2023-05-02,East,Odisha,Bhubaneswar,Electronics,Laptops,Dell Inspiron 15,6,49083.3,30,294499.8,42899.26
4679,2022-09-22,South,Andhra Pradesh,Guntur,Furniture,Tables,Office Desk,3,31666.5,10,94999.5,5834.6
4680,2022-11-18,North,Rajasthan,Udaipur,Electronics,Laptops,Lenovo IdeaPad,1,10431.95,5,10431.95,908.49
4681,2022-10-06,East,Odisha,Cuttack,Office Supplies,Stationery,A4 Paper Ream,4,2762.1,10,11048.4,677.36
4682,2024-08-16,South,Andhra Pradesh,Visakhapatnam,Clothing,Footwear,Running Shoes,4,2352.7,30,9410.8,1179.98
4683,2023-08-25,West,Gujarat,Vadodara,Electronics,Accessories,Wireless Earbuds,3,15235.2,20,45705.6,6777.86
4684,2022-04-04,East,Bihar,Gaya,Electronics,Mobile Phones,OnePlus 12R,1,45540.8,20,45540.8,2796.09
4685,2024-10-22,North,Punjab,Chandigarh,Office Supplies,Ink & Toner,HP Ink Cartridge,1,8012.8,20,8012.8,1333.43
4686,2024-12-03,West,Gujarat,Vadodara,Furniture,Storage,TV Unit,6,37572.55,15,225435.3,27461.47
4687,2023-11-27,West,Madhya Pradesh,Indore,Office Supplies,Printers,Canon Laser Printer,1,1596.0,0,1596.0,165.03
4688,2023-01-22,North,Haryana,Gurugram,Electronics,Televisions,"Sony Bravia 43""",2,36402.1,15,72804.2,4723.15
4689,2024-06-07,South,Karnataka,Hubballi,Furniture,Storage,Wardrobe 4-Door,4,6852.35,5,27409.4,6781.07
4690,2022-08-26,West,Goa,Panaji,Furniture,Storage,Bookshelf,6,9635.4,10,57812.4,8128.46
4691,2024-03-09,South,Karnataka,Bengaluru,Electronics,Laptops,Asus Vivobook,3,6624.0,40,19872.0,1918.73
4692,2023-05-23,North,Haryana,Faridabad,Furniture,Tables,Coffee Table,3,28182.7,30,84548.1,16047.79
4693,2024-10-23,East,Bihar,Gaya,Electronics,Televisions,"Samsung 50"" Crystal",1,32038.2,40,32038.2,3143.81
4694,2023-03-14,West,Gujarat,Ahmedabad,Office Supplies,Ink & Toner,Canon Toner,1,1288.0,0,1288.0,187.75
4695,2023-10-30,South,Kerala,Kozhikode,Furniture,Tables,Dining Table 6-Seater,1,27074.4,20,27074.4,6330.63
4696,2023-08-13,North,Delhi,Dwarka,Office Supplies,Stationery,Gel Pen Pack,5,3294.2,30,16471.0,1260.46
4697,2024-02-09,South,Kerala,Kochi,Clothing,Footwear,Formal Shoes,3,1578.0,0,4734.0,825.0
4698,2023-11-04,East,Bihar,Gaya,Office Supplies,Ink & Toner,Canon Toner,6,2263.1,30,13578.6,1816.73
4699,2024-06-09,West,Goa,Panaji,Office Supplies,Printers,HP Inkjet Printer,2,9133.0,0,18266.0,943.66
4700,2023-05-04,South,Kerala,Thiruvananthapuram,Electronics,Laptops,Dell Inspiron 15,4,21434.4,10,85737.6,13295.73
4701,2022-12-20,South,Andhra Pradesh,Vijayawada,Furniture,Storage,Bookshelf,4,26763.0,0,107052.0,16428.65
4702,2024-10-26,West,Gujarat,Surat,Clothing,Womenswear,Ethnic Set,6,1179.8,15,7078.8,1344.27
4703,2024-04-22,South,Telangana,Warangal,Office Supplies,Printers,Canon Laser Printer,5,9459.0,0,47295.0,8838.0
4704,2022-05-11,South,Andhra Pradesh,Guntur,Electronics,Mobile Phones,iPhone 14,3,45042.35,5,135127.05,14983.32
4705,2024-02-06,South,Tamil Nadu,Coimbatore,Furniture,Storage,TV Unit,2,26384.8,20,52769.6,8537.87
4706,2022-11-07,West,Gujarat,Ahmedabad,Furniture,Sofas,L-Shaped Sofa,4,2515.1,30,10060.4,655.04
4707,2022-09-26,South,Tamil Nadu,Coimbatore,Furniture,Storage,Wardrobe 4-Door,3,43890.0,0,131670.0,33063.8
4708,2022-10-12,East,West Bengal,Howrah,Clothing,Menswear,Jeans,5,3686.0,0,18430.0,1281.24
4709,2024-07-05,East,Bihar,Gaya,Electronics,Laptops,HP Pavilion,4,19875.9,5,79503.6,10773.58
4710,2022-01-12,North,Uttar Pradesh,Kanpur,Furniture,Sofas,3-Seater Fabric Sofa,2,14078.4,20,28156.8,4458.36
4711,2023-09-25,East,West Bengal,Siliguri,Office Supplies,Stationery,A4 Paper Ream,1,4733.4,30,4733.4,476.09
4712,2024-04-29,East,Bihar,Patna,Electronics,Accessories,Smart Watch,2,57636.0,0,115272.0,7866.98
4713,2024-04-29,East,West Bengal,Howrah,Clothing,Menswear,Jeans,6,1568.0,0,9408.0,1409.6
4714,2024-11-17,South,Andhra Pradesh,Visakhapatnam,Electronics,Accessories,Bluetooth Speaker,4,42453.0,0,169812.0,7637.32
4715,2023-02-04,South,Tamil Nadu,Madurai,Electronics,Accessories,Bluetooth Speaker,6,42246.4,20,253478.4,31218.91
4716,2024-02-11,North,Punjab,Ludhiana,Electronics,Mobile Phones,OnePlus 12R,1,21988.65,15,21988.65,2563.77
4717,2024-09-09,South,Tamil Nadu,Coimbatore,Clothing,Womenswear,Saree,2,1587.6,10,3175.2,873.01
4718,2022-09-22,East,West Bengal,Howrah,Clothing,Womenswear,Saree,2,3751.55,5,7503.1,1959.09
4719,2022-05-16,North,Rajasthan,Jaipur,Clothing,Menswear,Jeans,6,3387.6,10,20325.6,1603.83
4720,2022-08-27,South,Tamil Nadu,Madurai,Furniture,Sofas,3-Seater Fabric Sofa,1,38829.6,10,38829.6,5445.58
4721,2022-04-06,West,Madhya Pradesh,Bhopal,Clothing,Footwear,Formal Shoes,1,2866.5,10,2866.5,454.63
4722,2023-01-07,North,Rajasthan,Jaipur,Electronics,Laptops,Lenovo IdeaPad,2,22241.8,30,44483.6,4279.99
4723,2022-02-15,East,Assam,Dibrugarh,Clothing,Womenswear,Ethnic Set,3,1882.2,40,5646.6,1522.57
4724,2022-07-24,North,Delhi,New Delhi,Office Supplies,Printers,HP Inkjet Printer,3,9684.0,0,29052.0,4166.88
4725,2024-11-09,East,West Bengal,Siliguri,Furniture,Tables,Dining Table 6-Seater,2,18684.9,10,37369.8,4261.66
4726,2023-09-11,West,Madhya Pradesh,Bhopal,Office Supplies,Printers,HP Inkjet Printer,6,1563.0,25,9378.0,771.83
4727,2022-07-10,East,West Bengal,Howrah,Electronics,Laptops,HP Pavilion,5,18222.9,5,91114.5,7443.54
4728,2022-09-28,West,Goa,Margao,Office Supplies,Ink & Toner,HP Ink Cartridge,3,7383.0,0,22149.0,5305.64
4729,2024-08-17,North,Delhi,Dwarka,Electronics,Laptops,HP Pavilion,3,60472.0,0,181416.0,21773.38
4730,2023-03-11,South,Kerala,Kochi,Furniture,Sofas,Recliner Sofa,6,21600.9,10,129605.4,25033.75
4731,2023-09-14,West,Goa,Panaji,Office Supplies,Stationery,Gel Pen Pack,5,1519.2,10,7596.0,1103.98
4732,2023-11-15,East,Odisha,Bhubaneswar,Clothing,Footwear,Formal Shoes,2,1493.8,30,2987.6,718.48
4733,2023-09-17,West,Madhya Pradesh,Bhopal,Electronics,Accessories,Power Bank,3,31217.4,10,93652.2,6919.94
4734,2023-03-12,West,Goa,Margao,Office Supplies,Printers,HP Inkjet Printer,1,1464.0,40,1464.0,401.2
4735,2024-12-03,West,Maharashtra,Pune,Electronics,Laptops,Dell Inspiron 15,3,28082.6,30,84247.8,8969.77
4736,2023-04-25,North,Uttar Pradesh,Kanpur,Electronics,Laptops,Lenovo IdeaPad,1,73510.0,0,73510.0,9910.28
4737,2022-11-22,East,Assam,Dibrugarh,Office Supplies,Stationery,Notebook Bundle,1,8262.0,25,8262.0,833.79
4738,2023-08-25,East,Odisha,Cuttack,Office Supplies,Ink & Toner,HP Ink Cartridge,6,1390.6,15,8343.6,1055.1
4739,2023-01-22,North,Haryana,Gurugram,Office Supplies,Ink & Toner,HP Ink Cartridge,4,5390.25,25,21561.0,1383.21
4740,2024-08-31,East,Bihar,Gaya,Electronics,Laptops,Dell Inspiron 15,3,18600.6,40,55801.8,6796.59
4741,2024-10-08,West,Goa,Margao,Furniture,Tables,Dining Table 6-Seater,4,24752.25,5,99009.0,13774.84
4742,2022-01-29,North,Punjab,Chandigarh,Clothing,Menswear,Jeans,5,4475.7,10,22378.5,6064.49
4743,2022-11-03,East,Assam,Guwahati,Electronics,Mobile Phones,OnePlus 12R,6,47368.8,10,284212.8,43685.57
4744,2023-02-05,North,Uttar Pradesh,Noida,Electronics,Accessories,Wireless Earbuds,4,36681.4,5,146725.6,13135.49
4745,2022-03-01,West,Maharashtra,Pune,Office Supplies,Stationery,Gel Pen Pack,5,5183.5,30,25917.5,4351.49
4746,2022-06-20,West,Goa,Panaji,Office Supplies,Ink & Toner,HP Ink Cartridge,6,2062.2,30,12373.2,2773.29
4747,2024-12-06,South,Karnataka,Bengaluru,Office Supplies,Printers,HP Inkjet Printer,3,6480.0,25,19440.0,4615.15
4748,2022-06-08,East,Odisha,Bhubaneswar,Electronics,Laptops,Asus Vivobook,6,8707.3,30,52243.8,4873.81
4749,2022-01-29,East,Assam,Guwahati,Furniture,Sofas,Recliner Sofa,6,30476.7,10,182860.2,13452.89
4750,2023-10-06,North,Rajasthan,Jodhpur,Furniture,Storage,Bookshelf,4,18044.65,15,72178.6,7626.58
4751,2024-06-29,East,Assam,Dibrugarh,Office Supplies,Printers,HP Inkjet Printer,6,5706.9,10,34241.4,4839.2
4752,2022-08-21,East,Bihar,Gaya,Furniture,Chairs,Ergonomic Office Chair,4,28078.2,10,112312.8,18291.12
4753,2022-12-02,North,Haryana,Gurugram,Furniture,Chairs,Ergonomic Office Chair,1,5856.2,30,5856.2,997.84
4754,2022-05-19,South,Andhra Pradesh,Vijayawada,Furniture,Sofas,3-Seater Fabric Sofa,6,16114.7,30,96688.2,6907.99
4755,2023-10-04,East,West Bengal,Siliguri,Office Supplies,Stationery,A4 Paper Ream,5,1133.1,10,5665.5,703.01
4756,2022-11-12,East,West Bengal,Siliguri,Electronics,Televisions,"Sony Bravia 43""",5,23737.5,25,118687.5,6847.26
4757,2023-01-31,West,Gujarat,Surat,Office Supplies,Stationery,Notebook Bundle,3,1782.6,40,5347.8,1347.25
4758,2023-10-15,West,Madhya Pradesh,Bhopal,Clothing,Footwear,Sandals,2,1006.2,40,2012.4,313.12
4759,2024-12-07,South,Kerala,Thiruvananthapuram,Furniture,Tables,Coffee Table,6,22069.4,15,132416.4,33243.17
4760,2022-04-06,South,Telangana,Karimnagar,Office Supplies,Printers,HP Inkjet Printer,2,135.75,25,271.5,45.89
4761,2023-07-20,West,Maharashtra,Nagpur,Clothing,Footwear,Running Shoes,3,782.85,15,2348.55,244.06
4762,2024-10-01,North,Punjab,Amritsar,Electronics,Televisions,"Sony Bravia 43""",5,23683.5,5,118417.5,2556.99
4763,2022-02-03,North,Rajasthan,Jodhpur,Electronics,Televisions,"Samsung 50"" Crystal",4,22276.8,15,89107.2,9660.45
4764,2023-02-19,North,Uttar Pradesh,Kanpur,Furniture,Sofas,3-Seater Fabric Sofa,5,26217.0,10,131085.0,30518.79
4765,2023-10-18,North,Uttar Pradesh,Kanpur,Furniture,Tables,Coffee Table,2,20687.4,10,41374.8,2748.23
4766,2024-11-22,South,Karnataka,Hubballi,Office Supplies,Ink & Toner,HP Ink Cartridge,6,10815.75,5,64894.5,5878.44
4767,2023-09-09,East,West Bengal,Siliguri,Clothing,Menswear,Formal Shirt,5,1768.9,5,8844.5,2347.66
4768,2022-08-16,North,Punjab,Amritsar,Office Supplies,Ink & Toner,HP Ink Cartridge,1,9896.4,10,9896.4,1080.6
4769,2022-09-26,South,Andhra Pradesh,Guntur,Clothing,Womenswear,Dress,2,3560.4,10,7120.8,408.19
4770,2024-10-03,West,Maharashtra,Pune,Clothing,Womenswear,Saree,2,200.2,30,400.4,42.72
4771,2024-07-20,East,Assam,Dibrugarh,Office Supplies,Ink & Toner,Canon Toner,5,1262.25,25,6311.25,1535.6
4772,2023-04-09,North,Rajasthan,Jaipur,Clothing,Footwear,Running Shoes,2,2634.0,0,5268.0,659.03
4773,2023-08-16,East,Assam,Guwahati,Furniture,Storage,TV Unit,5,9789.0,25,48945.0,9264.71
4774,2024-03-31,South,Kerala,Kozhikode,Office Supplies,Stationery,A4 Paper Ream,3,5519.0,0,16557.0,4141.2
4775,2024-07-03,South,Tamil Nadu,Madurai,Electronics,Mobile Phones,Samsung Galaxy A54,4,40077.6,20,160310.4,13410.63
4776,2023-08-26,West,Maharashtra,Mumbai,Clothing,Womenswear,Dress,3,2647.2,40,7941.6,2201.28
4777,2024-10-02,East,Assam,Dibrugarh,Electronics,Laptops,Dell Inspiron 15,2,45534.0,0,91068.0,14294.04
4778,2023-04-05,East,West Bengal,Howrah,Office Supplies,Ink & Toner,HP Ink Cartridge,2,3915.0,0,7830.0,734.34
4779,2024-01-27,South,Telangana,Warangal,Furniture,Sofas,3-Seater Fabric Sofa,6,3422.3,30,20533.8,3987.62
4780,2024-10-18,East,Odisha,Bhubaneswar,Furniture,Tables,Coffee Table,5,30631.3,30,153156.5,15946.01
4781,2024-03-22,South,Andhra Pradesh,Tirupati,Furniture,Sofas,L-Shaped Sofa,4,39817.0,0,159268.0,36110.41
4782,2023-06-12,East,West Bengal,Howrah,Clothing,Footwear,Sandals,5,1497.0,40,7485.0,484.87
4783,2023-12-20,South,Karnataka,Mysuru,Furniture,Storage,Wardrobe 4-Door,3,33105.0,0,99315.0,27622.95
4784,2022-04-06,North,Haryana,Faridabad,Furniture,Tables,Dining Table 6-Seater,2,33738.75,25,67477.5,14102.67
4785,2024-02-02,West,Gujarat,Surat,Furniture,Tables,Dining Table 6-Seater,1,14018.4,20,14018.4,1938.08
4786,2023-04-24,East,Assam,Dibrugarh,Office Supplies,Ink & Toner,Canon Toner,2,4672.2,40,9344.4,1561.02
4787,2023-07-18,West,Gujarat,Vadodara,Office Supplies,Printers,Canon Laser Printer,6,803.6,30,4821.6,498.66
4788,2024-10-29,East,Bihar,Gaya,Furniture,Tables,Office Desk,1,34476.0,0,34476.0,4305.94
4789,2022-05-12,South,Andhra Pradesh,Vijayawada,Clothing,Footwear,Formal Shoes,5,1224.8,20,6124.0,592.64
4790,2023-05-28,East,West Bengal,Kolkata,Furniture,Tables,Coffee Table,1,26355.6,40,26355.6,5403.76
4791,2022-11-26,West,Goa,Margao,Office Supplies,Ink & Toner,Canon Toner,6,6037.5,25,36225.0,6132.88
4792,2024-10-09,North,Haryana,Faridabad,Clothing,Footwear,Sandals,6,2804.0,0,16824.0,2420.11
4793,2024-03-13,East,Bihar,Patna,Electronics,Televisions,"Sony Bravia 43""",2,66420.2,5,132840.4,6210.29
4794,2024-02-09,North,Haryana,Gurugram,Electronics,Televisions,"Samsung 50"" Crystal",4,8267.7,30,33070.8,5211.52
4795,2022-11-27,North,Haryana,Gurugram,Office Supplies,Printers,Canon Laser Printer,1,6193.05,5,6193.05,1320.1
4796,2022-07-29,North,Haryana,Faridabad,Furniture,Chairs,Gaming Chair,2,10507.7,30,21015.4,2279.17
4797,2022-09-29,West,Gujarat,Ahmedabad,Electronics,Mobile Phones,Redmi Note 13,5,14056.2,40,70281.0,5315.17
4798,2024-05-07,East,Odisha,Bhubaneswar,Furniture,Sofas,L-Shaped Sofa,2,4717.5,25,9435.0,1231.95
4799,2023-03-13,West,Maharashtra,Nagpur,Electronics,Televisions,"LG 55"" UHD",5,21063.0,0,105315.0,11301.44
4800,2024-05-23,West,Maharashtra,Nagpur,Electronics,Accessories,Power Bank,5,41412.6,10,207063.0,5721.36
4801,2022-07-23,East,Bihar,Patna,Clothing,Footwear,Sandals,5,2274.0,25,11370.0,2622.39
4802,2023-10-20,North,Haryana,Gurugram,Electronics,Laptops,HP Pavilion,4,18070.2,40,72280.8,9633.58
4803,2023-10-07,North,Delhi,Dwarka,Office Supplies,Ink & Toner,HP Ink Cartridge,3,7448.0,5,22344.0,2338.87
4804,2024-02-08,East,Odisha,Bhubaneswar,Clothing,Womenswear,Kurti,4,2825.6,20,11302.4,1035.69
4805,2024-09-15,West,Maharashtra,Mumbai,Clothing,Menswear,Sherwani,6,871.5,25,5229.0,730.7
4806,2024-12-27,East,West Bengal,Howrah,Office Supplies,Printers,Canon Laser Printer,1,1166.4,20,1166.4,147.62
4807,2023-10-28,West,Goa,Panaji,Office Supplies,Ink & Toner,HP Ink Cartridge,2,11833.0,0,23666.0,5042.94
4808,2022-10-04,North,Haryana,Gurugram,Electronics,Televisions,"LG 55"" UHD",5,42862.4,30,214312.0,26346.98
4809,2023-12-19,East,West Bengal,Howrah,Electronics,Accessories,Smart Watch,3,21750.0,0,65250.0,5301.88
4810,2022-03-10,West,Goa,Margao,Furniture,Sofas,L-Shaped Sofa,4,8341.9,15,33367.6,2053.21
4811,2024-09-23,West,Goa,Panaji,Clothing,Footwear,Sandals,6,732.8,20,4396.8,939.18
4812,2024-11-20,East,Bihar,Patna,Electronics,Televisions,"LG 55"" UHD",6,47681.0,0,286086.0,24735.03
4813,2023-10-24,East,Bihar,Gaya,Clothing,Menswear,Sherwani,1,3966.3,10,3966.3,482.99
4814,2024-08-13,West,Maharashtra,Mumbai,Office Supplies,Printers,Canon Laser Printer,2,840.65,15,1681.3,399.87
4815,2024-02-24,East,West Bengal,Siliguri,Electronics,Accessories,Smart Watch,4,23452.35,15,93809.4,5223.11
4816,2024-04-17,East,Bihar,Patna,Furniture,Tables,Coffee Table,3,26814.2,30,80442.6,7752.97
4817,2023-04-06,South,Karnataka,Hubballi,Furniture,Tables,Coffee Table,3,28613.9,30,85841.7,20109.84
4818,2022-12-23,East,Assam,Dibrugarh,Office Supplies,Stationery,Gel Pen Pack,4,722.0,0,2888.0,158.64
4819,2022-06-18,South,Telangana,Hyderabad,Clothing,Womenswear,Ethnic Set,1,3088.4,30,3088.4,740.44
4820,2023-06-10,South,Tamil Nadu,Chennai,Clothing,Footwear,Formal Shoes,4,2532.7,5,10130.8,1332.48
4821,2022-06-24,South,Karnataka,Bengaluru,Office Supplies,Stationery,Gel Pen Pack,3,1076.8,20,3230.4,715.28
4822,2022-08-27,West,Gujarat,Vadodara,Furniture,Tables,Office Desk,1,6175.0,0,6175.0,931.57
4823,2023-08-25,South,Kerala,Kochi,Office Supplies,Ink & Toner,Canon Toner,3,4086.75,25,12260.25,2157.17
4824,2023-02-19,North,Uttar Pradesh,Kanpur,Electronics,Accessories,Smart Watch,3,55020.0,25,165060.0,9926.82
4825,2023-03-30,South,Karnataka,Bengaluru,Clothing,Womenswear,Ethnic Set,6,3487.4,30,20924.4,1946.23
4826,2022-09-25,East,West Bengal,Kolkata,Office Supplies,Ink & Toner,Canon Toner,2,5979.0,0,11958.0,986.15
4827,2022-06-15,West,Gujarat,Surat,Furniture,Chairs,Wooden Dining Chair,3,2795.2,20,8385.6,1122.86
4828,2024-09-26,West,Goa,Margao,Electronics,Accessories,Bluetooth Speaker,2,15494.4,10,30988.8,2808.01
4829,2024-09-02,East,West Bengal,Kolkata,Clothing,Menswear,Casual T-Shirt,2,300.0,0,600.0,69.51
4830,2024-09-20,West,Gujarat,Ahmedabad,Electronics,Mobile Phones,iPhone 14,5,54886.2,15,274431.0,31526.47
4831,2023-11-10,East,Odisha,Bhubaneswar,Furniture,Sofas,Recliner Sofa,6,15337.5,25,92025.0,6474.6
4832,2024-02-23,North,Rajasthan,Jaipur,Clothing,Footwear,Running Shoes,4,3359.25,25,13437.0,1109.84
4833,2023-05-08,North,Rajasthan,Udaipur,Office Supplies,Stationery,Gel Pen Pack,3,3849.75,25,11549.25,639.1
4834,2023-09-20,South,Tamil Nadu,Coimbatore,Furniture,Storage,Wardrobe 4-Door,2,24195.55,5,48391.1,7539.86
4835,2023-09-21,North,Uttar Pradesh,Noida,Furniture,Tables,Coffee Table,1,14982.3,10,14982.3,2318.6
4836,2022-10-08,North,Delhi,New Delhi,Office Supplies,Printers,Canon Laser Printer,4,447.3,30,1789.2,112.59
4837,2023-11-01,South,Kerala,Thiruvananthapuram,Furniture,Sofas,3-Seater Fabric Sofa,5,9889.0,0,49445.0,5613.87
4838,2023-07-08,South,Karnataka,Bengaluru,Electronics,Laptops,Lenovo IdeaPad,1,46194.0,25,46194.0,6596.53
4839,2024-04-07,East,Bihar,Gaya,Office Supplies,Stationery,A4 Paper Ream,3,5149.2,30,15447.6,2021.84
4840,2023-11-19,East,Bihar,Gaya,Furniture,Tables,Coffee Table,4,4285.45,5,17141.8,4025.86
4841,2022-09-25,East,Bihar,Gaya,Furniture,Tables,Dining Table 6-Seater,1,26843.2,5,26843.2,2520.75
4842,2024-07-10,West,Gujarat,Vadodara,Electronics,Laptops,Lenovo IdeaPad,4,73370.0,0,293480.0,13134.52
4843,2022-04-14,North,Rajasthan,Jodhpur,Furniture,Storage,Wardrobe 4-Door,2,31623.3,10,63246.6,6334.86
4844,2024-08-14,West,Madhya Pradesh,Bhopal,Clothing,Menswear,Formal Shirt,6,2216.2,30,13297.2,1101.76
4845,2022-05-19,East,Odisha,Bhubaneswar,Furniture,Storage,TV Unit,3,19555.75,5,58667.25,15676.92
4846,2023-02-13,East,Assam,Guwahati,Electronics,Televisions,"LG 55"" UHD",1,42099.65,15,42099.65,6427.53
4847,2023-12-25,South,Andhra Pradesh,Tirupati,Office Supplies,Ink & Toner,HP Ink Cartridge,5,6394.0,0,31970.0,4335.53
4848,2024-12-16,South,Tamil Nadu,Chennai,Clothing,Menswear,Sherwani,1,3962.7,10,3962.7,783.03
4849,2023-12-31,North,Haryana,Gurugram,Electronics,Televisions,"Sony Bravia 43""",3,13651.2,20,40953.6,4317.1
4850,2023-12-05,West,Gujarat,Surat,Furniture,Sofas,Recliner Sofa,3,8052.2,5,24156.6,4908.88
4851,2022-12-21,South,Andhra Pradesh,Tirupati,Furniture,Tables,Coffee Table,4,41665.1,5,166660.4,17536.25
4852,2024-11-07,South,Karnataka,Mysuru,Office Supplies,Stationery,A4 Paper Ream,4,872.0,20,3488.0,342.49
4853,2024-12-11,East,West Bengal,Siliguri,Electronics,Televisions,"Samsung 50"" Crystal",2,48465.0,10,96930.0,14451.19
4854,2022-08-12,North,Delhi,New Delhi,Office Supplies,Printers,Canon Laser Printer,1,3907.8,10,3907.8,517.05
4855,2024-04-23,East,West Bengal,Siliguri,Clothing,Footwear,Running Shoes,6,4741.0,0,28446.0,2661.81
4856,2023-07-31,South,Tamil Nadu,Chennai,Electronics,Televisions,"Samsung 50"" Crystal",3,37412.2,30,112236.6,6979.41
4857,2022-12-29,East,Assam,Dibrugarh,Electronics,Laptops,Dell Inspiron 15,5,14370.65,5,71853.25,4814.51
4858,2024-07-07,West,Goa,Margao,Office Supplies,Stationery,Notebook Bundle,5,6623.1,10,33115.5,6535.54
4859,2023-01-29,North,Haryana,Faridabad,Furniture,Storage,Wardrobe 4-Door,1,11856.65,15,11856.65,3313.15
4860,2023-11-23,West,Madhya Pradesh,Indore,Office Supplies,Ink & Toner,Canon Toner,5,2436.95,15,12184.75,2987.73
4861,2023-03-29,North,Uttar Pradesh,Noida,Clothing,Womenswear,Ethnic Set,6,4042.8,10,24256.8,3958.58
4862,2022-08-15,East,West Bengal,Howrah,Clothing,Footwear,Sandals,4,1744.0,0,6976.0,1711.46
4863,2022-04-03,West,Maharashtra,Pune,Furniture,Chairs,Ergonomic Office Chair,1,13362.75,25,13362.75,2636.95
4864,2023-09-10,North,Haryana,Gurugram,Electronics,Laptops,Dell Inspiron 15,3,49535.2,20,148605.6,10827.58
4865,2023-01-22,West,Madhya Pradesh,Bhopal,Electronics,Televisions,"Samsung 50"" Crystal",6,45076.5,10,270459.0,35750.38
4866,2023-10-19,North,Rajasthan,Jodhpur,Clothing,Womenswear,Saree,4,1070.3,30,4281.2,419.85
4867,2024-10-28,East,West Bengal,Howrah,Clothing,Womenswear,Saree,2,320.4,40,640.8,44.08
4868,2023-11-26,South,Tamil Nadu,Madurai,Furniture,Chairs,Wooden Dining Chair,4,2023.8,40,8095.2,616.67
4869,2024-05-27,West,Madhya Pradesh,Bhopal,Office Supplies,Stationery,A4 Paper Ream,4,6465.0,40,25860.0,6593.99
4870,2024-07-27,North,Haryana,Gurugram,Furniture,Tables,Coffee Table,3,12388.5,10,37165.5,4439.6
4871,2023-10-29,West,Maharashtra,Nagpur,Furniture,Tables,Office Desk,2,33538.4,20,67076.8,3914.57
4872,2024-05-24,West,Madhya Pradesh,Indore,Furniture,Chairs,Wooden Dining Chair,5,18082.0,0,90410.0,11013.71
4873,2022-11-03,North,Rajasthan,Jaipur,Office Supplies,Ink & Toner,HP Ink Cartridge,4,6373.2,40,25492.8,1554.28
4874,2023-04-06,South,Tamil Nadu,Madurai,Clothing,Womenswear,Dress,3,3417.0,25,10251.0,982.7
4875,2022-01-07,South,Andhra Pradesh,Tirupati,Office Supplies,Printers,HP Inkjet Printer,6,10026.0,0,60156.0,9985.9
4876,2024-08-14,South,Karnataka,Bengaluru,Clothing,Womenswear,Kurti,3,467.4,40,1402.2,330.06
4877,2023-09-05,West,Maharashtra,Mumbai,Clothing,Womenswear,Saree,4,1059.0,25,4236.0,514.11
4878,2023-08-31,North,Uttar Pradesh,Varanasi,Furniture,Storage,Wardrobe 4-Door,5,4680.75,25,23403.75,4849.32
4879,2022-08-27,West,Gujarat,Surat,Clothing,Menswear,Formal Shirt,2,2949.0,40,5898.0,1279.88
4880,2023-04-12,West,Maharashtra,Mumbai,Electronics,Televisions,"LG 55"" UHD",4,8950.8,40,35803.2,2515.71
4881,2024-07-08,North,Haryana,Faridabad,Electronics,Televisions,"LG 55"" UHD",2,20164.9,30,40329.8,2386.97
4882,2024-12-27,East,Assam,Guwahati,Clothing,Womenswear,Dress,1,1978.2,10,1978.2,358.02
4883,2022-03-13,North,Punjab,Chandigarh,Clothing,Menswear,Sherwani,2,3109.5,10,6219.0,1329.42
4884,2023-03-06,South,Telangana,Karimnagar,Clothing,Menswear,Casual T-Shirt,4,3961.8,10,15847.2,2605.66
4885,2024-10-28,South,Andhra Pradesh,Tirupati,Office Supplies,Printers,HP Inkjet Printer,3,7099.4,30,21298.2,2264.14
4886,2024-11-15,West,Madhya Pradesh,Indore,Electronics,Televisions,"LG 55"" UHD",5,39282.0,25,196410.0,18411.52
4887,2023-11-13,North,Haryana,Faridabad,Office Supplies,Stationery,Notebook Bundle,2,10659.0,0,21318.0,5353.7
4888,2023-03-04,South,Telangana,Karimnagar,Clothing,Menswear,Casual T-Shirt,6,1440.0,20,8640.0,1495.27
4889,2024-07-14,South,Kerala,Thiruvananthapuram,Office Supplies,Ink & Toner,HP Ink Cartridge,4,2054.0,0,8216.0,885.75
4890,2024-04-27,West,Madhya Pradesh,Bhopal,Clothing,Womenswear,Saree,6,1292.9,30,7757.4,1578.49
4891,2022-08-21,North,Uttar Pradesh,Kanpur,Furniture,Sofas,L-Shaped Sofa,2,4027.2,40,8054.4,1791.29
4892,2023-09-11,East,Odisha,Cuttack,Electronics,Mobile Phones,Redmi Note 13,2,30897.0,10,61794.0,7639.11
4893,2024-08-22,West,Maharashtra,Mumbai,Furniture,Tables,Office Desk,6,43572.0,0,261432.0,27164.25
4894,2024-06-28,West,Goa,Margao,Office Supplies,Ink & Toner,HP Ink Cartridge,6,4734.6,40,28407.6,5592.25
4895,2022-11-15,North,Punjab,Amritsar,Clothing,Footwear,Formal Shoes,5,2655.8,30,13279.0,1348.89
4896,2023-05-04,South,Telangana,Hyderabad,Furniture,Tables,Coffee Table,6,16023.0,0,96138.0,11422.2
4897,2022-05-08,East,West Bengal,Siliguri,Office Supplies,Printers,Canon Laser Printer,1,1914.0,0,1914.0,379.73
4898,2022-01-24,West,Gujarat,Vadodara,Furniture,Tables,Dining Table 6-Seater,1,25247.6,30,25247.6,7011.03
4899,2022-10-29,South,Kerala,Kozhikode,Electronics,Mobile Phones,OnePlus 12R,2,34292.7,10,68585.4,10940.39
4900,2024-06-19,South,Andhra Pradesh,Guntur,Office Supplies,Stationery,A4 Paper Ream,5,4335.8,5,21679.0,2775.71
4901,2024-09-21,West,Goa,Panaji,Clothing,Footwear,Formal Shoes,5,573.8,5,2869.0,285.42
4902,2022-09-25,North,Delhi,New Delhi,Electronics,Accessories,Power Bank,1,12169.8,40,12169.8,1000.95
4903,2022-07-05,North,Haryana,Gurugram,Office Supplies,Stationery,Gel Pen Pack,5,1514.4,20,7572.0,1706.68
4904,2023-08-24,South,Kerala,Thiruvananthapuram,Clothing,Womenswear,Ethnic Set,1,3463.5,25,3463.5,732.33
4905,2024-05-04,South,Karnataka,Bengaluru,Clothing,Womenswear,Kurti,1,634.0,0,634.0,108.56
4906,2022-11-04,North,Uttar Pradesh,Lucknow,Clothing,Womenswear,Kurti,1,1333.65,15,1333.65,341.55
4907,2023-10-18,South,Andhra Pradesh,Guntur,Clothing,Menswear,Casual T-Shirt,3,3308.0,0,9924.0,1651.13
4908,2023-11-16,South,Tamil Nadu,Madurai,Electronics,Accessories,Smart Watch,1,31548.3,30,31548.3,4291.47
4909,2024-06-22,North,Punjab,Chandigarh,Furniture,Tables,Office Desk,5,20132.1,10,100660.5,20746.85
4910,2023-10-21,South,Telangana,Karimnagar,Electronics,Mobile Phones,Redmi Note 13,4,63422.1,10,253688.4,34387.98
4911,2023-10-13,North,Haryana,Gurugram,Clothing,Menswear,Sherwani,3,480.2,30,1440.6,383.08
4912,2024-12-23,East,West Bengal,Howrah,Electronics,Televisions,"Sony Bravia 43""",3,33712.2,10,101136.6,10304.41
4913,2022-08-18,North,Haryana,Faridabad,Office Supplies,Printers,Canon Laser Printer,6,4485.6,10,26913.6,7471.05
4914,2022-04-26,South,Telangana,Hyderabad,Office Supplies,Ink & Toner,HP Ink Cartridge,5,9355.1,15,46775.5,4879.92
4915,2024-05-30,North,Haryana,Gurugram,Office Supplies,Ink & Toner,HP Ink Cartridge,5,6669.9,10,33349.5,3306.95
4916,2023-12-24,West,Maharashtra,Pune,Furniture,Sofas,Recliner Sofa,5,24771.6,10,123858.0,27713.92
4917,2022-11-10,West,Maharashtra,Pune,Furniture,Chairs,Gaming Chair,3,23275.2,40,69825.6,5087.81
4918,2024-06-09,North,Delhi,New Delhi,Office Supplies,Stationery,Notebook Bundle,4,4648.0,0,18592.0,2852.65
4919,2024-05-12,South,Andhra Pradesh,Visakhapatnam,Electronics,Televisions,"Sony Bravia 43""",3,54752.75,15,164258.25,11550.01
4920,2023-10-19,East,Bihar,Patna,Clothing,Menswear,Jeans,6,635.0,0,3810.0,308.56
4921,2023-02-09,West,Maharashtra,Pune,Office Supplies,Stationery,Notebook Bundle,1,8401.5,10,8401.5,444.77
4922,2024-12-22,West,Madhya Pradesh,Bhopal,Furniture,Tables,Coffee Table,1,12816.45,5,12816.45,966.7
4923,2023-09-10,West,Maharashtra,Nashik,Furniture,Chairs,Gaming Chair,4,25057.2,40,100228.8,14603.09
4924,2022-11-05,West,Maharashtra,Nagpur,Clothing,Menswear,Casual T-Shirt,3,2358.9,10,7076.7,760.99
4925,2023-07-12,West,Gujarat,Vadodara,Clothing,Footwear,Formal Shoes,3,3855.6,10,11566.8,874.69
4926,2022-01-24,South,Telangana,Hyderabad,Electronics,Mobile Phones,Samsung Galaxy A54,2,19902.0,0,39804.0,3535.41
4927,2024-08-16,East,Odisha,Bhubaneswar,Clothing,Menswear,Casual T-Shirt,5,625.6,15,3128.0,309.84
4928,2023-12-28,North,Uttar Pradesh,Kanpur,Electronics,Televisions,"Sony Bravia 43""",2,47545.4,30,95090.8,9029.18
4929,2022-03-01,North,Punjab,Chandigarh,Office Supplies,Printers,HP Inkjet Printer,3,2235.6,10,6706.8,1006.04
4930,2024-11-30,North,Rajasthan,Jodhpur,Furniture,Sofas,3-Seater Fabric Sofa,2,35552.8,5,71105.6,11429.13
4931,2023-10-02,North,Uttar Pradesh,Noida,Office Supplies,Stationery,A4 Paper Ream,4,5493.0,40,21972.0,2011.05
4932,2022-04-14,North,Delhi,New Delhi,Electronics,Accessories,Bluetooth Speaker,6,10015.2,10,60091.2,3184.26
4933,2024-11-23,North,Punjab,Chandigarh,Clothing,Footwear,Formal Shoes,5,2135.7,10,10678.5,1755.45
4934,2022-07-06,South,Telangana,Hyderabad,Office Supplies,Stationery,Gel Pen Pack,2,6166.8,10,12333.6,1231.14
4935,2023-06-18,North,Punjab,Chandigarh,Furniture,Chairs,Gaming Chair,3,15516.0,0,46548.0,11977.52
4936,2023-12-25,East,West Bengal,Siliguri,Electronics,Televisions,"LG 55"" UHD",5,15417.6,40,77088.0,10622.67
4937,2024-04-28,West,Maharashtra,Nagpur,Electronics,Mobile Phones,Redmi Note 13,4,40005.9,10,160023.6,11560.01
4938,2022-02-06,North,Uttar Pradesh,Noida,Furniture,Storage,Bookshelf,2,17206.4,5,34412.8,2497.04
4939,2024-03-18,East,West Bengal,Siliguri,Electronics,Accessories,Smart Watch,1,37554.3,10,37554.3,1535.55
4940,2022-05-16,East,Bihar,Gaya,Clothing,Womenswear,Ethnic Set,3,2793.6,20,8380.8,1364.52
4941,2023-10-30,South,Tamil Nadu,Chennai,Furniture,Chairs,Ergonomic Office Chair,2,41807.0,0,83614.0,16059.23
4942,2023-02-21,East,Bihar,Gaya,Furniture,Chairs,Ergonomic Office Chair,5,24250.5,15,121252.5,14179.62
4943,2024-05-03,East,Assam,Guwahati,Furniture,Storage,TV Unit,4,8886.0,0,35544.0,6545.27
4944,2024-04-24,North,Uttar Pradesh,Kanpur,Electronics,Televisions,"Samsung 50"" Crystal",4,48335.4,10,193341.6,11049.02
4945,2024-09-08,South,Karnataka,Mysuru,Furniture,Tables,Coffee Table,6,33269.6,20,199617.6,16300.07
4946,2024-03-27,West,Gujarat,Vadodara,Clothing,Footwear,Running Shoes,4,2439.0,40,9756.0,1678.5
4947,2022-12-21,North,Rajasthan,Udaipur,Electronics,Televisions,"Samsung 50"" Crystal",4,31329.9,10,125319.6,13421.22
4948,2022-06-02,East,West Bengal,Siliguri,Clothing,Menswear,Sherwani,6,2939.0,0,17634.0,4648.24
4949,2024-08-04,West,Madhya Pradesh,Bhopal,Electronics,Mobile Phones,iPhone 14,4,25329.0,40,101316.0,5346.7
4950,2022-07-23,East,Odisha,Bhubaneswar,Clothing,Footwear,Running Shoes,5,1722.4,20,8612.0,1881.23
4951,2024-09-30,East,Odisha,Cuttack,Clothing,Menswear,Casual T-Shirt,2,343.0,0,686.0,159.01
4952,2024-07-16,South,Karnataka,Bengaluru,Office Supplies,Stationery,Notebook Bundle,2,8350.0,0,16700.0,1210.36
4953,2024-07-29,North,Rajasthan,Udaipur,Furniture,Sofas,Recliner Sofa,4,24912.3,30,99649.2,20579.55
4954,2022-12-23,South,Tamil Nadu,Coimbatore,Office Supplies,Stationery,A4 Paper Ream,5,8873.95,5,44369.75,3962.22
4955,2024-06-06,East,Bihar,Patna,Clothing,Footwear,Formal Shoes,5,1400.0,20,7000.0,921.33
4956,2024-10-16,West,Gujarat,Vadodara,Furniture,Tables,Office Desk,2,22327.2,40,44654.4,8168.17
4957,2022-08-31,East,West Bengal,Howrah,Clothing,Womenswear,Dress,4,3500.1,10,14000.4,3398.94
4958,2024-07-24,West,Goa,Margao,Furniture,Sofas,Recliner Sofa,2,19527.25,5,39054.5,7227.21
4959,2024-04-25,West,Madhya Pradesh,Indore,Electronics,Televisions,"LG 55"" UHD",5,13704.0,0,68520.0,1646.05
4960,2024-08-22,East,West Bengal,Kolkata,Furniture,Tables,Dining Table 6-Seater,1,28067.4,10,28067.4,4706.17
4961,2022-10-07,West,Gujarat,Ahmedabad,Electronics,Accessories,Wireless Earbuds,2,39964.6,5,79929.2,8686.07
4962,2022-08-11,South,Telangana,Warangal,Office Supplies,Ink & Toner,HP Ink Cartridge,5,873.6,40,4368.0,1009.1
4963,2023-11-14,North,Haryana,Faridabad,Electronics,Televisions,"LG 55"" UHD",3,49991.2,20,149973.6,9365.3
4964,2023-10-25,North,Punjab,Chandigarh,Clothing,Womenswear,Ethnic Set,2,956.7,10,1913.4,400.4
4965,2022-01-21,West,Gujarat,Ahmedabad,Office Supplies,Ink & Toner,Canon Toner,4,8756.8,20,35027.2,6566.51
4966,2022-08-21,North,Uttar Pradesh,Noida,Electronics,Mobile Phones,iPhone 14,3,14140.8,10,42422.4,4765.76
4967,2023-06-04,South,Tamil Nadu,Madurai,Clothing,Footwear,Formal Shoes,5,1019.35,5,5096.75,1010.3
4968,2024-09-18,South,Karnataka,Bengaluru,Clothing,Womenswear,Kurti,6,1789.2,10,10735.2,2909.12
4969,2022-04-21,East,Assam,Guwahati,Furniture,Sofas,3-Seater Fabric Sofa,3,18799.55,5,56398.65,11289.77
4970,2023-10-02,South,Andhra Pradesh,Guntur,Furniture,Tables,Dining Table 6-Seater,1,27404.3,30,27404.3,3734.76
4971,2023-06-16,South,Kerala,Kochi,Office Supplies,Stationery,A4 Paper Ream,1,8570.4,20,8570.4,1352.44
4972,2024-09-23,West,Maharashtra,Nagpur,Electronics,Accessories,Power Bank,1,61038.0,10,61038.0,3153.1
4973,2022-08-26,East,Odisha,Cuttack,Clothing,Footwear,Sandals,4,582.3,10,2329.2,291.91
4974,2023-07-09,East,Odisha,Cuttack,Furniture,Chairs,Ergonomic Office Chair,4,22147.2,10,88588.8,24583.73
4975,2023-01-08,South,Andhra Pradesh,Guntur,Electronics,Laptops,HP Pavilion,5,70404.5,5,352022.5,10762.9
4976,2023-04-05,East,West Bengal,Howrah,Office Supplies,Ink & Toner,HP Ink Cartridge,2,4968.0,40,9936.0,1179.48
4977,2022-03-13,East,Odisha,Cuttack,Office Supplies,Stationery,A4 Paper Ream,5,9710.9,5,48554.5,8424.35
4978,2023-11-19,East,Assam,Guwahati,Electronics,Televisions,"Sony Bravia 43""",6,25416.0,10,152496.0,23750.34
4979,2023-08-30,East,Assam,Dibrugarh,Clothing,Footwear,Running Shoes,2,2639.25,15,5278.5,1216.14
4980,2022-11-20,South,Andhra Pradesh,Guntur,Furniture,Sofas,L-Shaped Sofa,1,19639.9,30,19639.9,4075.74
4981,2023-03-09,South,Telangana,Karimnagar,Furniture,Sofas,3-Seater Fabric Sofa,3,16074.95,5,48224.85,5223.05
4982,2024-03-30,West,Goa,Margao,Electronics,Accessories,Bluetooth Speaker,3,41621.6,20,124864.8,12526.81
4983,2023-09-19,East,Bihar,Gaya,Office Supplies,Stationery,Gel Pen Pack,1,5789.4,40,5789.4,1135.99
4984,2023-09-22,North,Delhi,New Delhi,Furniture,Sofas,L-Shaped Sofa,4,10999.1,30,43996.4,11094.1
4985,2023-11-07,North,Rajasthan,Jaipur,Furniture,Tables,Coffee Table,4,4183.2,40,16732.8,2734.68
4986,2022-10-07,West,Maharashtra,Pune,Clothing,Footwear,Sandals,1,1849.5,10,1849.5,151.99
4987,2024-11-08,South,Karnataka,Bengaluru,Clothing,Menswear,Sherwani,3,1304.0,0,3912.0,275.06
4988,2023-10-30,West,Goa,Margao,Electronics,Laptops,Lenovo IdeaPad,4,14073.6,20,56294.4,7682.83
4989,2024-10-10,East,Assam,Dibrugarh,Furniture,Sofas,Recliner Sofa,6,7397.6,20,44385.6,2325.54
4990,2022-12-19,South,Telangana,Karimnagar,Furniture,Chairs,Ergonomic Office Chair,3,4343.0,0,13029.0,1984.85
4991,2023-09-28,South,Karnataka,Mysuru,Office Supplies,Stationery,A4 Paper Ream,2,3858.9,5,7717.8,1324.72
4992,2024-06-09,East,Assam,Dibrugarh,Clothing,Womenswear,Ethnic Set,3,1518.4,20,4555.2,481.38
4993,2022-11-05,West,Maharashtra,Nashik,Office Supplies,Stationery,A4 Paper Ream,5,7885.0,0,39425.0,8828.07
4994,2024-02-19,East,West Bengal,Siliguri,Furniture,Storage,TV Unit,2,14326.9,30,28653.8,6575.97
4995,2022-07-02,East,Bihar,Patna,Office Supplies,Stationery,Notebook Bundle,5,2219.4,10,11097.0,2148.08
4996,2024-10-01,North,Uttar Pradesh,Noida,Furniture,Chairs,Wooden Dining Chair,6,38351.7,10,230110.2,23705.44
4997,2024-03-16,East,Bihar,Gaya,Electronics,Accessories,Power Bank,5,27598.0,0,137990.0,20609.62
4998,2024-04-12,North,Punjab,Chandigarh,Clothing,Footwear,Sandals,1,4528.0,0,4528.0,389.01
4999,2023-11-26,South,Telangana,Warangal,Clothing,Menswear,Formal Shirt,5,3820.0,0,19100.0,2271.71
5000,2023-09-01,North,Haryana,Gurugram,Office Supplies,Stationery,Notebook Bundle,6,5037.6,20,30225.6,2000.23
5001,2024-03-20,East,Bihar,Patna,Electronics,Mobile Phones,OnePlus 12R,2,48052.0,0,96104.0,14861.74
5002,2023-03-23,North,Rajasthan,Udaipur,Clothing,Footwear,Running Shoes,4,2016.6,40,8066.4,1854.47
5003,2024-10-06,East,Odisha,Cuttack,Furniture,Chairs,Ergonomic Office Chair,4,22268.0,5,89072.0,21796.65
5004,2024-10-03,South,Telangana,Karimnagar,Furniture,Storage,Wardrobe 4-Door,2,30916.5,25,61833.0,9467.11
5005,2023-08-10,South,Kerala,Thiruvananthapuram,Electronics,Televisions,"Samsung 50"" Crystal",5,19168.8,20,95844.0,14848.6
5006,2022-01-22,South,Kerala,Thiruvananthapuram,Clothing,Menswear,Jeans,3,4515.0,0,13545.0,771.33
5007,2022-11-24,South,Tamil Nadu,Coimbatore,Clothing,Footwear,Running Shoes,6,1743.0,0,10458.0,1331.78
5008,2022-08-16,North,Rajasthan,Jaipur,Clothing,Footwear,Formal Shoes,3,944.0,20,2832.0,757.66
5009,2022-11-06,North,Punjab,Chandigarh,Clothing,Menswear,Sherwani,3,1467.75,25,4403.25,767.1
5010,2022-10-09,West,Goa,Panaji,Office Supplies,Ink & Toner,HP Ink Cartridge,2,3622.8,40,7245.6,1716.04
5011,2024-01-16,South,Karnataka,Bengaluru,Electronics,Accessories,Bluetooth Speaker,1,8698.4,20,8698.4,189.41
5012,2024-11-17,West,Gujarat,Vadodara,Office Supplies,Stationery,Notebook Bundle,6,3968.3,30,23809.8,2538.57
5013,2024-09-28,South,Andhra Pradesh,Tirupati,Clothing,Womenswear,Kurti,2,1414.2,40,2828.4,470.52
5014,2024-09-14,West,Goa,Panaji,Clothing,Menswear,Formal Shirt,3,1658.4,20,4975.2,693.46
5015,2023-09-18,North,Haryana,Faridabad,Office Supplies,Stationery,A4 Paper Ream,2,5038.6,30,10077.2,2235.62
5016,2024-03-21,South,Andhra Pradesh,Guntur,Office Supplies,Printers,HP Inkjet Printer,4,6423.0,0,25692.0,3471.35
5017,2024-11-13,East,Assam,Guwahati,Electronics,Televisions,"Samsung 50"" Crystal",2,52128.0,10,104256.0,2333.95
5018,2022-02-28,East,Odisha,Cuttack,Furniture,Sofas,3-Seater Fabric Sofa,5,35164.8,20,175824.0,42756.31
5019,2022-11-09,West,Goa,Margao,Office Supplies,Ink & Toner,Canon Toner,2,4497.3,10,8994.6,1874.28
5020,2024-12-06,West,Goa,Margao,Office Supplies,Printers,Canon Laser Printer,2,7893.75,25,15787.5,2888.58
5021,2024-08-18,South,Karnataka,Mysuru,Electronics,Laptops,Dell Inspiron 15,2,33939.0,10,67878.0,7010.2
5022,2022-07-04,West,Madhya Pradesh,Indore,Clothing,Womenswear,Ethnic Set,6,3236.4,10,19418.4,5370.57
5023,2024-10-20,South,Tamil Nadu,Coimbatore,Furniture,Chairs,Ergonomic Office Chair,5,6035.4,40,30177.0,4570.99
5024,2023-12-06,East,Bihar,Gaya,Furniture,Chairs,Gaming Chair,1,6267.0,0,6267.0,1161.37
5025,2023-01-09,East,Assam,Dibrugarh,Furniture,Storage,TV Unit,6,13655.2,20,81931.2,21479.15
5026,2024-10-04,East,Odisha,Cuttack,Furniture,Storage,TV Unit,5,9022.4,20,45112.0,7160.49
5027,2024-07-08,East,West Bengal,Howrah,Clothing,Footwear,Running Shoes,6,804.65,5,4827.9,928.36
5028,2023-08-23,East,Bihar,Gaya,Electronics,Televisions,"Samsung 50"" Crystal",1,43224.8,20,43224.8,2965.91
5029,2022-12-06,North,Delhi,New Delhi,Office Supplies,Printers,Canon Laser Printer,4,5338.8,40,21355.2,1963.38
5030,2022-11-07,South,Andhra Pradesh,Tirupati,Office Supplies,Ink & Toner,Canon Toner,6,9596.7,10,57580.2,6483.07
5031,2022-04-26,South,Telangana,Warangal,Furniture,Sofas,Recliner Sofa,4,14336.0,0,57344.0,6567.8
5032,2024-05-28,East,West Bengal,Siliguri,Electronics,Televisions,"Samsung 50"" Crystal",4,19925.25,25,79701.0,2806.79
5033,2023-04-27,East,Bihar,Patna,Clothing,Womenswear,Kurti,6,3102.5,15,18615.0,3267.64
5034,2022-12-02,North,Delhi,Dwarka,Electronics,Mobile Phones,Redmi Note 13,1,39144.0,0,39144.0,5569.86
5035,2023-06-17,North,Haryana,Gurugram,Office Supplies,Printers,HP Inkjet Printer,6,10401.3,10,62407.8,3342.9
5036,2024-08-17,West,Gujarat,Surat,Office Supplies,Printers,HP Inkjet Printer,6,5056.0,20,30336.0,2140.14
5037,2024-03-26,North,Uttar Pradesh,Kanpur,Furniture,Chairs,Ergonomic Office Chair,1,25382.7,10,25382.7,2055.02
5038,2022-07-29,South,Kerala,Thiruvananthapuram,Furniture,Storage,TV Unit,4,24757.0,0,99028.0,19072.67
5039,2024-12-09,South,Kerala,Kochi,Office Supplies,Printers,HP Inkjet Printer,4,5997.6,40,23990.4,6397.05
5040,2022-01-21,South,Andhra Pradesh,Guntur,Electronics,Accessories,Smart Watch,4,28341.0,25,113364.0,16190.23
5041,2024-10-03,North,Haryana,Gurugram,Furniture,Storage,Bookshelf,6,19277.0,0,115662.0,7235.87
5042,2023-12-26,North,Uttar Pradesh,Kanpur,Office Supplies,Ink & Toner,HP Ink Cartridge,6,3575.2,20,21451.2,3204.56
5043,2022-12-29,North,Delhi,Dwarka,Clothing,Footwear,Sandals,3,1253.7,30,3761.1,333.4
5044,2023-11-23,South,Karnataka,Bengaluru,Furniture,Sofas,3-Seater Fabric Sofa,6,11336.8,20,68020.8,14915.29
5045,2023-12-06,North,Delhi,New Delhi,Clothing,Menswear,Sherwani,5,1043.1,10,5215.5,668.79
5046,2024-11-27,East,Odisha,Bhubaneswar,Office Supplies,Stationery,A4 Paper Ream,6,895.2,20,5371.2,718.02
5047,2023-10-10,East,Odisha,Cuttack,Furniture,Sofas,Recliner Sofa,3,40754.0,0,122262.0,31328.82
5048,2022-10-21,North,Punjab,Chandigarh,Furniture,Storage,TV Unit,1,26292.75,25,26292.75,2408.55
5049,2024-10-15,North,Haryana,Gurugram,Electronics,Laptops,Asus Vivobook,2,20782.0,0,41564.0,4029.37
5050,2023-01-18,South,Karnataka,Hubballi,Furniture,Sofas,Recliner Sofa,2,7357.0,0,14714.0,3027.9
5051,2024-11-23,North,Delhi,Dwarka,Furniture,Sofas,3-Seater Fabric Sofa,5,8644.3,30,43221.5,6851.96
5052,2024-08-02,South,Karnataka,Bengaluru,Furniture,Storage,TV Unit,4,4474.0,0,17896.0,3945.79
5053,2024-07-28,West,Gujarat,Vadodara,Clothing,Womenswear,Kurti,5,1251.2,15,6256.0,666.56
5054,2022-05-15,West,Goa,Panaji,Furniture,Sofas,Recliner Sofa,4,19401.0,0,77604.0,18072.77
5055,2024-01-05,North,Uttar Pradesh,Kanpur,Office Supplies,Printers,HP Inkjet Printer,2,9214.85,15,18429.7,4282.3
5056,2022-05-11,North,Delhi,Dwarka,Electronics,Mobile Phones,OnePlus 12R,3,30366.6,40,91099.8,12473.03
5057,2024-06-06,East,West Bengal,Siliguri,Clothing,Footwear,Running Shoes,3,3683.05,15,11049.15,1152.66
5058,2024-11-13,South,Tamil Nadu,Coimbatore,Furniture,Chairs,Ergonomic Office Chair,2,33905.0,0,67810.0,3570.75
5059,2022-11-06,East,Bihar,Gaya,Clothing,Footwear,Running Shoes,1,830.45,15,830.45,171.0
5060,2022-05-31,South,Kerala,Kochi,Clothing,Menswear,Casual T-Shirt,3,3002.4,10,9007.2,2173.62
5061,2023-01-06,South,Tamil Nadu,Madurai,Clothing,Menswear,Formal Shirt,1,2520.35,5,2520.35,688.48
5062,2022-11-27,East,Assam,Guwahati,Furniture,Sofas,L-Shaped Sofa,6,24468.5,30,146811.0,23524.71
5063,2023-01-30,North,Uttar Pradesh,Varanasi,Furniture,Chairs,Wooden Dining Chair,5,9391.5,10,46957.5,3095.04
5064,2023-02-07,North,Haryana,Faridabad,Furniture,Chairs,Gaming Chair,1,30410.8,30,30410.8,7060.53
5065,2024-10-14,East,Assam,Guwahati,Electronics,Accessories,Smart Watch,5,51264.5,30,256322.5,29493.79
5066,2022-10-18,South,Tamil Nadu,Madurai,Clothing,Womenswear,Ethnic Set,3,1105.3,30,3315.9,364.72
5067,2024-09-24,East,Bihar,Gaya,Office Supplies,Printers,HP Inkjet Printer,4,9387.9,5,37551.6,4814.69
5068,2022-11-27,East,Odisha,Bhubaneswar,Electronics,Mobile Phones,Samsung Galaxy A54,6,43284.0,40,259704.0,24956.28
5069,2022-12-03,South,Karnataka,Mysuru,Office Supplies,Printers,HP Inkjet Printer,6,5740.0,20,34440.0,7533.46
5070,2022-06-06,East,West Bengal,Siliguri,Electronics,Laptops,Asus Vivobook,6,26088.6,40,156531.6,10419.97
5071,2022-06-04,West,Maharashtra,Nagpur,Clothing,Womenswear,Saree,3,3114.3,30,9342.9,1116.08
5072,2022-05-11,North,Uttar Pradesh,Varanasi,Office Supplies,Printers,HP Inkjet Printer,2,10470.9,5,20941.8,2121.52
5073,2022-10-28,South,Tamil Nadu,Madurai,Furniture,Sofas,3-Seater Fabric Sofa,5,34229.7,10,171148.5,9634.14
5074,2023-10-23,North,Punjab,Chandigarh,Electronics,Accessories,Wireless Earbuds,3,68260.0,0,204780.0,24398.14
5075,2024-02-12,North,Delhi,Dwarka,Clothing,Footwear,Sandals,6,3879.4,15,23276.4,5051.16
5076,2023-02-09,East,Bihar,Gaya,Furniture,Chairs,Gaming Chair,4,30825.0,10,123300.0,32741.1
5077,2022-03-27,South,Karnataka,Mysuru,Electronics,Televisions,"Samsung 50"" Crystal",4,23686.95,15,94747.8,5177.32
5078,2022-09-15,South,Kerala,Thiruvananthapuram,Electronics,Mobile Phones,Samsung Galaxy A54,1,25833.0,0,25833.0,2281.94
5079,2024-10-26,East,Bihar,Patna,Office Supplies,Printers,Canon Laser Printer,4,5649.0,25,22596.0,1323.23
5080,2024-08-30,East,Bihar,Patna,Office Supplies,Stationery,Gel Pen Pack,2,4231.3,5,8462.6,668.42
5081,2023-09-08,East,Assam,Guwahati,Electronics,Televisions,"LG 55"" UHD",5,6552.0,20,32760.0,1149.93
5082,2023-04-09,South,Karnataka,Bengaluru,Office Supplies,Stationery,Notebook Bundle,3,766.5,30,2299.5,642.44
5083,2024-04-02,South,Kerala,Thiruvananthapuram,Clothing,Footwear,Formal Shoes,3,2007.0,40,6021.0,1442.85
5084,2024-08-04,East,West Bengal,Kolkata,Furniture,Chairs,Ergonomic Office Chair,1,14691.6,40,14691.6,823.44
5085,2023-08-25,South,Karnataka,Bengaluru,Clothing,Womenswear,Saree,5,1001.3,5,5006.5,1108.71
5086,2024-07-29,North,Delhi,Dwarka,Furniture,Chairs,Ergonomic Office Chair,2,36935.0,0,73870.0,15131.49
5087,2024-01-07,East,Odisha,Cuttack,Electronics,Laptops,Asus Vivobook,2,31727.7,10,63455.4,4070.89
5088,2024-10-23,West,Madhya Pradesh,Bhopal,Furniture,Chairs,Ergonomic Office Chair,3,11506.2,40,34518.6,6255.62
5089,2022-09-03,South,Karnataka,Bengaluru,Clothing,Menswear,Casual T-Shirt,2,2177.0,0,4354.0,1203.81
5090,2024-11-15,East,West Bengal,Howrah,Office Supplies,Ink & Toner,HP Ink Cartridge,3,3655.8,40,10967.4,2734.57
5091,2023-11-11,South,Andhra Pradesh,Guntur,Office Supplies,Stationery,Notebook Bundle,5,2941.0,15,14705.0,2495.94
5092,2023-11-12,South,Karnataka,Hubballi,Furniture,Storage,Bookshelf,2,4807.2,20,9614.4,2084.99
5093,2022-05-07,West,Madhya Pradesh,Indore,Office Supplies,Stationery,Gel Pen Pack,1,4935.25,5,4935.25,766.4
5094,2024-01-13,East,West Bengal,Kolkata,Office Supplies,Stationery,Notebook Bundle,3,8372.8,20,25118.4,4582.63
5095,2023-09-05,South,Andhra Pradesh,Vijayawada,Office Supplies,Printers,Canon Laser Printer,5,8335.2,20,41676.0,2335.96
5096,2024-01-07,West,Gujarat,Ahmedabad,Clothing,Womenswear,Ethnic Set,2,2920.8,20,5841.6,1455.59
5097,2024-10-06,North,Rajasthan,Jaipur,Office Supplies,Printers,Canon Laser Printer,6,6273.0,10,37638.0,3552.17
5098,2023-03-10,North,Delhi,New Delhi,Electronics,Mobile Phones,Samsung Galaxy A54,2,72106.0,0,144212.0,20816.52
5099,2024-11-23,East,Assam,Guwahati,Clothing,Womenswear,Ethnic Set,5,1857.0,0,9285.0,1390.1
5100,2022-03-08,North,Uttar Pradesh,Lucknow,Furniture,Storage,Wardrobe 4-Door,3,8570.55,15,25711.65,3088.57
5101,2023-04-17,West,Madhya Pradesh,Indore,Office Supplies,Stationery,Notebook Bundle,3,2145.5,30,6436.5,340.61
5102,2023-11-20,West,Goa,Margao,Furniture,Sofas,3-Seater Fabric Sofa,2,17721.0,0,35442.0,2682.25
5103,2022-10-05,East,West Bengal,Kolkata,Clothing,Menswear,Casual T-Shirt,3,555.9,15,1667.7,119.88
5104,2022-07-07,East,Assam,Guwahati,Office Supplies,Printers,HP Inkjet Printer,4,10550.7,10,42202.8,8219.75
5105,2022-07-03,South,Andhra Pradesh,Visakhapatnam,Clothing,Womenswear,Kurti,2,1657.6,30,3315.2,617.65
5106,2024-04-08,West,Gujarat,Surat,Office Supplies,Ink & Toner,HP Ink Cartridge,1,9721.0,0,9721.0,1297.08
5107,2023-04-18,West,Madhya Pradesh,Bhopal,Clothing,Menswear,Jeans,4,1937.6,30,7750.4,1373.83
5108,2022-06-01,South,Andhra Pradesh,Vijayawada,Furniture,Chairs,Ergonomic Office Chair,1,9348.8,20,9348.8,2170.25
5109,2022-09-30,West,Madhya Pradesh,Bhopal,Office Supplies,Printers,HP Inkjet Printer,1,4715.1,10,4715.1,425.16
5110,2024-09-22,North,Delhi,Dwarka,Electronics,Accessories,Power Bank,5,19304.0,0,96520.0,7831.0
5111,2024-05-05,West,Maharashtra,Pune,Clothing,Menswear,Jeans,4,2652.0,15,10608.0,538.18
5112,2024-08-11,North,Uttar Pradesh,Lucknow,Clothing,Menswear,Jeans,5,4018.8,15,20094.0,4468.38
5113,2024-10-13,East,Odisha,Cuttack,Office Supplies,Printers,Canon Laser Printer,2,3981.6,10,7963.2,1440.8
5114,2023-11-24,North,Delhi,New Delhi,Electronics,Mobile Phones,iPhone 14,2,29680.0,0,59360.0,4105.14
5115,2024-12-26,North,Punjab,Amritsar,Clothing,Womenswear,Kurti,5,1863.2,15,9316.0,682.47
5116,2023-05-20,West,Gujarat,Ahmedabad,Office Supplies,Ink & Toner,Canon Toner,5,6764.4,10,33822.0,2313.17
5117,2024-04-03,South,Andhra Pradesh,Vijayawada,Furniture,Tables,Coffee Table,4,24161.2,30,96644.8,7031.07
5118,2022-06-11,North,Punjab,Ludhiana,Clothing,Womenswear,Dress,6,939.75,25,5638.5,1267.12
5119,2023-02-01,East,Bihar,Gaya,Clothing,Womenswear,Dress,4,681.6,20,2726.4,381.5
5120,2023-12-25,South,Tamil Nadu,Chennai,Clothing,Womenswear,Saree,1,885.75,25,885.75,221.17
5121,2022-11-24,North,Uttar Pradesh,Varanasi,Office Supplies,Stationery,A4 Paper Ream,5,1333.8,10,6669.0,1549.13
5122,2022-07-21,South,Karnataka,Mysuru,Electronics,Mobile Phones,iPhone 14,6,35584.15,5,213504.9,4838.27
5123,2024-08-06,East,Bihar,Patna,Furniture,Sofas,3-Seater Fabric Sofa,5,3333.0,25,16665.0,2823.78
5124,2022-06-06,West,Maharashtra,Nashik,Clothing,Menswear,Sherwani,3,3473.4,30,10420.2,2676.52
5125,2024-05-31,West,Maharashtra,Nashik,Furniture,Sofas,3-Seater Fabric Sofa,5,10680.25,15,53401.25,8419.49
5126,2022-02-07,West,Maharashtra,Mumbai,Electronics,Mobile Phones,OnePlus 12R,6,65023.2,10,390139.2,35730.99
5127,2022-04-24,West,Maharashtra,Nagpur,Clothing,Womenswear,Ethnic Set,3,2020.8,40,6062.4,744.38
5128,2022-02-19,South,Telangana,Karimnagar,Office Supplies,Stationery,Notebook Bundle,4,6519.6,40,26078.4,5014.49
5129,2024-08-03,North,Rajasthan,Jodhpur,Clothing,Menswear,Formal Shirt,1,3097.0,0,3097.0,600.5
5130,2022-12-11,South,Telangana,Hyderabad,Clothing,Footwear,Sandals,6,4651.0,0,27906.0,7185.98
5131,2024-08-11,South,Karnataka,Bengaluru,Clothing,Footwear,Running Shoes,6,1485.8,5,8914.8,1162.44
5132,2024-01-02,East,Odisha,Bhubaneswar,Electronics,Accessories,Smart Watch,2,66311.0,0,132622.0,10682.53
5133,2024-08-06,West,Maharashtra,Nagpur,Clothing,Menswear,Formal Shirt,2,1672.5,25,3345.0,763.71
5134,2024-11-23,East,Odisha,Cuttack,Electronics,Televisions,"Sony Bravia 43""",3,59865.2,5,179595.6,14804.48
5135,2022-05-24,North,Punjab,Amritsar,Electronics,Mobile Phones,iPhone 14,4,19009.9,30,76039.6,7446.98
5136,2024-06-25,East,West Bengal,Siliguri,Clothing,Womenswear,Kurti,1,1499.4,10,1499.4,172.79
5137,2022-06-28,North,Rajasthan,Udaipur,Furniture,Tables,Dining Table 6-Seater,1,29474.0,0,29474.0,1714.6
5138,2023-11-29,West,Gujarat,Surat,Electronics,Laptops,Dell Inspiron 15,6,21585.6,10,129513.6,6000.41
5139,2024-07-24,North,Delhi,Dwarka,Office Supplies,Printers,HP Inkjet Printer,5,6351.0,40,31755.0,5565.42
5140,2024-03-23,South,Kerala,Thiruvananthapuram,Office Supplies,Ink & Toner,Canon Toner,4,8652.6,5,34610.4,3242.66
5141,2023-06-05,West,Maharashtra,Nagpur,Clothing,Womenswear,Ethnic Set,1,2906.15,15,2906.15,690.04
5142,2024-04-14,South,Telangana,Warangal,Office Supplies,Stationery,A4 Paper Ream,1,1616.4,10,1616.4,342.49
5143,2022-08-04,East,West Bengal,Howrah,Clothing,Menswear,Formal Shirt,1,1268.0,20,1268.0,277.41
5144,2022-07-09,West,Madhya Pradesh,Indore,Electronics,Laptops,Dell Inspiron 15,4,33548.0,0,134192.0,19929.83
5145,2022-09-25,North,Uttar Pradesh,Varanasi,Office Supplies,Stationery,Notebook Bundle,3,10485.9,10,31457.7,2644.22
5146,2024-10-03,West,Madhya Pradesh,Indore,Clothing,Footwear,Running Shoes,1,575.1,10,575.1,64.1
5147,2022-10-19,East,Bihar,Gaya,Office Supplies,Printers,HP Inkjet Printer,5,10158.3,10,50791.5,5828.9
5148,2022-10-31,South,Karnataka,Bengaluru,Electronics,Mobile Phones,iPhone 14,1,55006.4,20,55006.4,6210.11
5149,2023-10-02,South,Tamil Nadu,Chennai,Furniture,Tables,Office Desk,3,29966.4,10,89899.2,7451.23
5150,2024-09-29,West,Gujarat,Ahmedabad,Furniture,Chairs,Wooden Dining Chair,4,30601.0,0,122404.0,14007.84
5151,2024-10-23,West,Gujarat,Surat,Electronics,Accessories,Smart Watch,6,35848.0,20,215088.0,31899.97
5152,2023-03-23,South,Kerala,Kochi,Electronics,Laptops,Dell Inspiron 15,4,29900.45,15,119601.8,13052.4
5153,2024-09-04,East,Bihar,Gaya,Clothing,Womenswear,Ethnic Set,3,2671.2,20,8013.6,2124.94
5154,2022-07-10,South,Tamil Nadu,Madurai,Office Supplies,Stationery,A4 Paper Ream,2,2235.2,20,4470.4,1245.23
5155,2023-08-05,West,Gujarat,Ahmedabad,Office Supplies,Printers,HP Inkjet Printer,1,8571.6,10,8571.6,1050.36
5156,2023-11-16,South,Kerala,Kozhikode,Furniture,Storage,Bookshelf,1,24849.75,15,24849.75,4645.28
5157,2022-06-25,North,Punjab,Ludhiana,Office Supplies,Stationery,Notebook Bundle,4,3784.2,30,15136.8,1511.04
5158,2023-06-08,South,Tamil Nadu,Coimbatore,Electronics,Accessories,Wireless Earbuds,6,35743.0,0,214458.0,10578.74
5159,2022-03-18,West,Gujarat,Vadodara,Furniture,Sofas,Recliner Sofa,6,37245.6,10,223473.6,62087.18
5160,2022-07-24,South,Karnataka,Mysuru,Office Supplies,Ink & Toner,Canon Toner,5,1298.0,0,6490.0,971.4
5161,2023-11-24,North,Punjab,Chandigarh,Electronics,Mobile Phones,Samsung Galaxy A54,6,48758.5,30,292551.0,7662.55
5162,2023-05-25,West,Gujarat,Vadodara,Furniture,Storage,Wardrobe 4-Door,3,26270.4,40,78811.2,6769.4
5163,2022-05-25,West,Maharashtra,Nagpur,Electronics,Mobile Phones,Samsung Galaxy A54,3,49225.6,20,147676.8,5341.59
5164,2024-10-07,South,Telangana,Hyderabad,Office Supplies,Stationery,Notebook Bundle,3,2969.9,15,8909.7,1730.49
5165,2023-04-04,South,Telangana,Hyderabad,Furniture,Sofas,Recliner Sofa,2,12773.6,20,25547.2,5373.65
5166,2022-06-10,West,Goa,Panaji,Clothing,Menswear,Formal Shirt,3,1324.0,0,3972.0,512.14
5167,2023-07-18,West,Goa,Margao,Office Supplies,Stationery,Notebook Bundle,2,545.4,10,1090.8,183.93
5168,2023-01-22,North,Uttar Pradesh,Noida,Office Supplies,Stationery,Gel Pen Pack,3,473.25,25,1419.75,287.55
5169,2024-03-02,North,Haryana,Faridabad,Office Supplies,Ink & Toner,HP Ink Cartridge,5,5989.75,5,29948.75,2866.29
5170,2023-11-29,East,West Bengal,Howrah,Electronics,Televisions,"Sony Bravia 43""",1,14494.5,10,14494.5,2229.27
5171,2024-12-19,North,Punjab,Ludhiana,Clothing,Womenswear,Saree,1,1198.4,30,1198.4,169.22
5172,2024-07-28,East,West Bengal,Kolkata,Electronics,Laptops,Dell Inspiron 15,3,20281.2,40,60843.6,3153.38
5173,2023-06-16,East,Odisha,Bhubaneswar,Electronics,Accessories,Power Bank,3,55157.95,5,165473.85,16172.88
5174,2024-08-09,East,Assam,Guwahati,Clothing,Womenswear,Kurti,2,4303.5,5,8607.0,1653.55
5175,2022-11-14,West,Gujarat,Ahmedabad,Office Supplies,Stationery,Gel Pen Pack,5,5908.8,40,29544.0,6909.39
5176,2024-03-08,North,Punjab,Chandigarh,Furniture,Tables,Office Desk,1,28949.2,30,28949.2,6024.68
5177,2024-08-22,West,Goa,Margao,Electronics,Laptops,Dell Inspiron 15,6,37152.6,40,222915.6,10168.58
5178,2022-12-28,East,Bihar,Gaya,Office Supplies,Ink & Toner,HP Ink Cartridge,4,5653.2,40,22612.8,1550.14
5179,2022-09-07,West,Maharashtra,Pune,Clothing,Womenswear,Dress,6,4988.0,0,29928.0,2318.03
5180,2024-10-26,West,Maharashtra,Mumbai,Office Supplies,Printers,HP Inkjet Printer,5,1592.0,0,7960.0,1261.74
5181,2022-10-21,North,Rajasthan,Jodhpur,Office Supplies,Ink & Toner,HP Ink Cartridge,4,7611.3,10,30445.2,4050.74
5182,2024-02-03,South,Tamil Nadu,Coimbatore,Office Supplies,Printers,Canon Laser Printer,4,4025.7,30,16102.8,1611.4
5183,2024-08-19,East,West Bengal,Siliguri,Furniture,Tables,Coffee Table,1,18741.8,30,18741.8,1735.46
5184,2022-10-09,North,Haryana,Gurugram,Furniture,Storage,TV Unit,6,8015.15,5,48090.9,10170.95
5185,2024-02-06,South,Karnataka,Mysuru,Clothing,Menswear,Jeans,3,3115.7,30,9347.1,2547.01
5186,2024-01-04,North,Rajasthan,Jaipur,Clothing,Womenswear,Kurti,2,4289.4,10,8578.8,1129.66
5187,2023-10-17,West,Gujarat,Ahmedabad,Electronics,Accessories,Bluetooth Speaker,6,73796.0,0,442776.0,20373.9
5188,2024-10-29,East,Assam,Guwahati,Furniture,Chairs,Wooden Dining Chair,6,29592.9,10,177557.4,14845.1
5189,2022-04-15,South,Tamil Nadu,Chennai,Office Supplies,Printers,Canon Laser Printer,4,9905.0,0,39620.0,5562.11
5190,2024-04-27,West,Madhya Pradesh,Bhopal,Office Supplies,Ink & Toner,Canon Toner,2,7380.0,10,14760.0,2920.68
5191,2023-03-12,North,Rajasthan,Jodhpur,Electronics,Laptops,Asus Vivobook,6,57490.6,15,344943.6,52049.68
5192,2022-02-10,South,Kerala,Kozhikode,Clothing,Womenswear,Dress,2,3273.6,20,6547.2,1432.39
5193,2024-07-02,West,Madhya Pradesh,Indore,Electronics,Laptops,Lenovo IdeaPad,1,7606.65,5,7606.65,1008.58
5194,2024-07-12,North,Haryana,Gurugram,Clothing,Menswear,Casual T-Shirt,6,373.0,0,2238.0,422.71
5195,2022-04-12,West,Maharashtra,Nashik,Electronics,Laptops,Lenovo IdeaPad,2,38873.05,15,77746.1,10760.49
5196,2023-11-04,North,Haryana,Gurugram,Furniture,Storage,TV Unit,6,4568.9,30,27413.4,1773.19
5197,2023-04-13,North,Delhi,New Delhi,Clothing,Footwear,Sandals,3,1307.7,10,3923.1,433.37
5198,2024-05-15,East,West Bengal,Siliguri,Furniture,Storage,Bookshelf,4,3793.0,0,15172.0,2098.74
5199,2022-01-21,West,Maharashtra,Nashik,Office Supplies,Stationery,Gel Pen Pack,1,2732.1,30,2732.1,595.34
5200,2023-07-29,South,Karnataka,Bengaluru,Furniture,Chairs,Ergonomic Office Chair,1,12368.8,20,12368.8,928.91
5201,2024-01-04,West,Maharashtra,Mumbai,Furniture,Chairs,Ergonomic Office Chair,3,7239.0,40,21717.0,1751.4
5202,2024-02-27,North,Haryana,Gurugram,Clothing,Menswear,Jeans,6,2322.4,20,13934.4,782.93
5203,2023-07-04,East,Bihar,Gaya,Electronics,Laptops,Dell Inspiron 15,5,48557.1,15,242785.5,24066.68
5204,2023-05-15,West,Goa,Margao,Furniture,Sofas,L-Shaped Sofa,6,22097.7,10,132586.2,14266.66
5205,2022-12-12,North,Delhi,Dwarka,Clothing,Menswear,Casual T-Shirt,6,483.55,5,2901.3,516.19
5206,2022-06-06,East,Assam,Guwahati,Electronics,Mobile Phones,Samsung Galaxy A54,6,36709.0,0,220254.0,7822.01
5207,2023-08-07,West,Goa,Margao,Office Supplies,Printers,HP Inkjet Printer,6,6460.0,5,38760.0,2734.87
5208,2022-05-12,West,Maharashtra,Mumbai,Electronics,Accessories,Bluetooth Speaker,6,24017.9,5,144107.4,4311.66
5209,2023-12-01,West,Madhya Pradesh,Indore,Electronics,Mobile Phones,Samsung Galaxy A54,5,62817.3,10,314086.5,16833.34
5210,2024-06-30,North,Rajasthan,Jodhpur,Office Supplies,Printers,HP Inkjet Printer,1,3550.5,10,3550.5,615.47
5211,2024-10-05,East,Assam,Guwahati,Electronics,Laptops,Asus Vivobook,4,67153.0,0,268612.0,35194.9
5212,2023-10-16,North,Punjab,Amritsar,Office Supplies,Ink & Toner,HP Ink Cartridge,2,4495.65,15,8991.3,1829.32
5213,2023-08-29,South,Andhra Pradesh,Tirupati,Office Supplies,Printers,Canon Laser Printer,2,5358.5,30,10717.0,2933.71
5214,2022-08-02,North,Delhi,New Delhi,Clothing,Womenswear,Kurti,3,4044.0,0,12132.0,1309.08
5215,2024-01-25,East,Assam,Dibrugarh,Clothing,Womenswear,Saree,2,2771.2,20,5542.4,315.49
5216,2022-12-27,East,Odisha,Cuttack,Furniture,Tables,Office Desk,1,32866.0,0,32866.0,4690.05
5217,2024-06-11,East,Assam,Guwahati,Clothing,Menswear,Casual T-Shirt,2,2451.4,30,4902.8,611.17
5218,2023-08-20,South,Tamil Nadu,Madurai,Office Supplies,Ink & Toner,HP Ink Cartridge,2,1271.7,10,2543.4,556.41
5219,2023-07-24,South,Tamil Nadu,Madurai,Office Supplies,Stationery,Gel Pen Pack,6,4274.0,0,25644.0,2952.63
5220,2024-04-29,South,Karnataka,Hubballi,Office Supplies,Stationery,Gel Pen Pack,2,9868.5,10,19737.0,4815.14
5221,2024-09-24,South,Telangana,Hyderabad,Clothing,Footwear,Running Shoes,3,1145.7,5,3437.1,763.61
5222,2022-03-22,East,West Bengal,Howrah,Electronics,Accessories,Power Bank,5,6632.25,25,33161.25,905.25
5223,2024-11-04,East,Odisha,Cuttack,Furniture,Sofas,L-Shaped Sofa,3,3126.0,25,9378.0,783.57
5224,2023-04-08,West,Madhya Pradesh,Indore,Electronics,Accessories,Wireless Earbuds,1,34023.0,40,34023.0,1001.54
5225,2023-08-20,West,Maharashtra,Nashik,Clothing,Footwear,Running Shoes,1,2728.4,5,2728.4,391.06
5226,2024-09-16,East,Assam,Guwahati,Clothing,Footwear,Running Shoes,6,643.2,20,3859.2,419.55
5227,2023-10-08,East,West Bengal,Kolkata,Furniture,Tables,Office Desk,3,37206.0,10,111618.0,12092.81
5228,2022-07-04,South,Karnataka,Hubballi,Furniture,Storage,Wardrobe 4-Door,3,36149.4,10,108448.2,29184.85
5229,2023-05-06,South,Kerala,Thiruvananthapuram,Clothing,Menswear,Casual T-Shirt,1,1006.0,0,1006.0,244.5
5230,2022-03-13,South,Kerala,Thiruvananthapuram,Electronics,Televisions,"Sony Bravia 43""",5,27654.4,20,138272.0,9041.9
5231,2022-08-20,South,Andhra Pradesh,Vijayawada,Clothing,Footwear,Formal Shoes,1,1528.8,20,1528.8,303.64
5232,2022-12-29,West,Gujarat,Vadodara,Clothing,Menswear,Formal Shirt,2,1560.0,0,3120.0,267.63
5233,2023-03-11,North,Delhi,New Delhi,Clothing,Menswear,Jeans,6,2331.6,40,13989.6,3216.94
5234,2023-04-11,East,Bihar,Gaya,Office Supplies,Ink & Toner,HP Ink Cartridge,1,1806.75,25,1806.75,142.86
5235,2023-11-23,West,Maharashtra,Pune,Clothing,Womenswear,Dress,5,2188.0,0,10940.0,2898.66
5236,2024-11-15,West,Goa,Margao,Furniture,Tables,Coffee Table,3,41553.0,5,124659.0,11080.43
5237,2022-05-26,North,Punjab,Amritsar,Furniture,Tables,Coffee Table,3,9101.7,10,27305.1,7191.55
5238,2023-03-14,East,West Bengal,Siliguri,Furniture,Sofas,3-Seater Fabric Sofa,1,28228.8,20,28228.8,4458.91
5239,2022-04-21,South,Telangana,Karimnagar,Office Supplies,Ink & Toner,HP Ink Cartridge,6,2070.0,0,12420.0,2096.6
5240,2022-04-11,North,Uttar Pradesh,Kanpur,Electronics,Mobile Phones,Redmi Note 13,5,15045.6,20,75228.0,10161.1
5241,2022-02-13,North,Rajasthan,Udaipur,Clothing,Footwear,Sandals,6,4719.0,0,28314.0,3147.73
5242,2024-11-29,North,Haryana,Gurugram,Office Supplies,Ink & Toner,Canon Toner,4,594.4,20,2377.6,423.19
5243,2022-04-16,West,Madhya Pradesh,Bhopal,Office Supplies,Stationery,A4 Paper Ream,6,7944.3,10,47665.8,8021.35
5244,2024-08-24,North,Rajasthan,Jaipur,Clothing,Womenswear,Dress,2,2874.6,40,5749.2,1017.98
5245,2022-07-05,East,Odisha,Cuttack,Furniture,Sofas,L-Shaped Sofa,5,21120.8,20,105604.0,21727.17
5246,2022-08-07,North,Haryana,Faridabad,Office Supplies,Printers,Canon Laser Printer,2,8962.3,5,17924.6,4635.87
5247,2023-01-25,West,Madhya Pradesh,Indore,Electronics,Mobile Phones,OnePlus 12R,3,51767.1,10,155301.3,17454.47
5248,2024-03-07,West,Maharashtra,Nagpur,Clothing,Menswear,Formal Shirt,4,931.5,10,3726.0,930.87
5249,2022-12-27,North,Haryana,Faridabad,Electronics,Televisions,"LG 55"" UHD",5,31124.4,40,155622.0,20142.07
5250,2024-01-12,West,Goa,Panaji,Clothing,Menswear,Casual T-Shirt,5,3485.0,0,17425.0,3007.89
5251,2024-10-12,East,Bihar,Gaya,Clothing,Footwear,Running Shoes,4,347.0,0,1388.0,360.33
5252,2022-04-07,West,Maharashtra,Nashik,Clothing,Womenswear,Ethnic Set,4,2686.0,0,10744.0,1937.41
5253,2024-07-23,West,Goa,Panaji,Electronics,Laptops,HP Pavilion,2,43832.05,5,87664.1,13720.88
5254,2024-09-24,East,Odisha,Bhubaneswar,Office Supplies,Stationery,Notebook Bundle,3,6559.0,0,19677.0,1537.56
5255,2022-11-08,North,Uttar Pradesh,Lucknow,Electronics,Televisions,"Samsung 50"" Crystal",5,36467.2,30,182336.0,10828.01
5256,2022-10-16,West,Goa,Panaji,Electronics,Mobile Phones,Samsung Galaxy A54,5,47239.5,25,236197.5,10170.44
5257,2022-04-05,South,Karnataka,Hubballi,Clothing,Footwear,Formal Shoes,6,602.0,30,3612.0,752.72
5258,2022-09-16,West,Maharashtra,Pune,Electronics,Accessories,Smart Watch,6,23738.4,10,142430.4,7034.57
5259,2023-06-23,West,Madhya Pradesh,Indore,Clothing,Footwear,Sandals,2,1605.75,25,3211.5,371.5
5260,2024-08-01,East,Odisha,Cuttack,Office Supplies,Ink & Toner,Canon Toner,5,11422.0,0,57110.0,8663.9
5261,2022-09-20,East,Assam,Guwahati,Furniture,Sofas,L-Shaped Sofa,3,12117.6,10,36352.8,6743.27
5262,2024-07-14,South,Karnataka,Hubballi,Electronics,Accessories,Bluetooth Speaker,5,55998.0,10,279990.0,13230.08
5263,2023-05-14,South,Tamil Nadu,Chennai,Furniture,Storage,Bookshelf,3,18036.9,10,54110.7,3171.97
5264,2022-02-01,South,Andhra Pradesh,Tirupati,Office Supplies,Printers,Canon Laser Printer,6,9017.6,20,54105.6,11621.84
5265,2023-01-19,North,Punjab,Amritsar,Electronics,Televisions,"Samsung 50"" Crystal",5,8066.4,40,40332.0,4357.77
5266,2022-02-03,North,Uttar Pradesh,Lucknow,Electronics,Mobile Phones,Redmi Note 13,4,22571.1,10,90284.4,2838.87
5267,2023-11-16,North,Punjab,Ludhiana,Clothing,Womenswear,Dress,3,1741.35,5,5224.05,434.88
5268,2023-11-05,West,Madhya Pradesh,Bhopal,Office Supplies,Ink & Toner,HP Ink Cartridge,3,7600.0,5,22800.0,1178.7
5269,2022-09-19,North,Uttar Pradesh,Varanasi,Furniture,Storage,Wardrobe 4-Door,3,15141.0,30,45423.0,2899.44
5270,2022-09-09,East,Odisha,Cuttack,Furniture,Chairs,Ergonomic Office Chair,6,32081.25,25,192487.5,19492.01
5271,2023-11-21,East,Bihar,Patna,Furniture,Tables,Dining Table 6-Seater,4,6038.9,30,24155.6,4726.98
5272,2022-04-08,South,Telangana,Hyderabad,Furniture,Chairs,Gaming Chair,6,16319.7,10,97918.2,22501.09
5273,2023-01-26,South,Andhra Pradesh,Tirupati,Office Supplies,Stationery,Notebook Bundle,6,2322.9,10,13937.4,2493.18
5274,2024-01-12,South,Tamil Nadu,Madurai,Furniture,Tables,Dining Table 6-Seater,1,6830.4,40,6830.4,531.86
5275,2022-07-26,West,Goa,Margao,Electronics,Accessories,Wireless Earbuds,5,26154.4,20,130772.0,7634.34
5276,2022-07-21,South,Andhra Pradesh,Visakhapatnam,Furniture,Tables,Coffee Table,1,13817.0,0,13817.0,938.45
5277,2022-09-18,North,Uttar Pradesh,Lucknow,Furniture,Tables,Office Desk,5,34432.75,5,172163.75,28205.46
5278,2023-10-12,North,Delhi,Dwarka,Electronics,Televisions,"Sony Bravia 43""",1,17154.9,10,17154.9,1982.38
5279,2022-07-08,East,Bihar,Patna,Electronics,Accessories,Smart Watch,6,50424.0,0,302544.0,32516.65
5280,2022-06-27,North,Delhi,New Delhi,Electronics,Mobile Phones,iPhone 14,3,35394.0,0,106182.0,3288.42
5281,2023-08-22,South,Karnataka,Hubballi,Furniture,Sofas,L-Shaped Sofa,3,27932.0,0,83796.0,16065.01
5282,2024-10-10,West,Gujarat,Vadodara,Furniture,Storage,Wardrobe 4-Door,3,5092.8,20,15278.4,1996.54
5283,2024-08-08,South,Tamil Nadu,Coimbatore,Electronics,Laptops,Asus Vivobook,5,48725.0,0,243625.0,12658.58
5284,2024-07-11,North,Uttar Pradesh,Kanpur,Office Supplies,Ink & Toner,Canon Toner,1,291.9,30,291.9,43.15
5285,2024-11-09,East,West Bengal,Siliguri,Furniture,Sofas,Recliner Sofa,6,11015.1,10,66090.6,3990.1
5286,2022-01-29,South,Tamil Nadu,Coimbatore,Office Supplies,Printers,HP Inkjet Printer,1,10298.0,5,10298.0,1326.01
5287,2023-06-21,South,Tamil Nadu,Chennai,Office Supplies,Printers,HP Inkjet Printer,6,910.5,25,5463.0,1499.45
5288,2023-12-01,East,Bihar,Gaya,Electronics,Televisions,"Sony Bravia 43""",5,16963.1,30,84815.5,2827.03
5289,2023-05-15,West,Gujarat,Ahmedabad,Office Supplies,Stationery,A4 Paper Ream,5,7001.4,30,35007.0,5855.73
5290,2023-02-08,South,Telangana,Hyderabad,Office Supplies,Ink & Toner,HP Ink Cartridge,1,2633.4,40,2633.4,448.8
5291,2023-01-23,South,Karnataka,Hubballi,Office Supplies,Printers,Canon Laser Printer,6,8745.3,10,52471.8,11058.16
5292,2022-10-14,South,Kerala,Thiruvananthapuram,Office Supplies,Printers,Canon Laser Printer,3,8772.0,0,26316.0,6368.05
5293,2022-09-27,North,Uttar Pradesh,Varanasi,Clothing,Womenswear,Saree,4,1517.4,40,6069.6,1501.26
5294,2023-11-30,West,Madhya Pradesh,Bhopal,Office Supplies,Stationery,Gel Pen Pack,2,11132.0,0,22264.0,6221.2
5295,2023-11-20,North,Haryana,Gurugram,Furniture,Sofas,3-Seater Fabric Sofa,5,27978.0,0,139890.0,37934.67
5296,2024-02-10,West,Madhya Pradesh,Indore,Clothing,Menswear,Formal Shirt,1,1721.4,40,1721.4,423.76
5297,2022-03-25,East,Bihar,Patna,Clothing,Footwear,Sandals,3,2590.0,0,7770.0,861.43
5298,2023-11-28,North,Rajasthan,Jaipur,Clothing,Menswear,Casual T-Shirt,4,864.8,20,3459.2,270.46
5299,2024-01-16,East,Bihar,Gaya,Clothing,Womenswear,Kurti,4,2702.15,15,10808.6,1805.18
5300,2022-08-23,South,Andhra Pradesh,Tirupati,Clothing,Womenswear,Ethnic Set,5,1529.4,40,7647.0,1512.54
5301,2022-11-13,West,Gujarat,Surat,Furniture,Chairs,Ergonomic Office Chair,3,13648.5,10,40945.5,11457.56
5302,2023-08-06,West,Maharashtra,Nashik,Furniture,Tables,Office Desk,2,4992.0,25,9984.0,2677.78
5303,2024-05-20,South,Karnataka,Bengaluru,Office Supplies,Ink & Toner,Canon Toner,1,7297.6,20,7297.6,1493.58
5304,2024-03-15,West,Madhya Pradesh,Bhopal,Clothing,Womenswear,Kurti,5,2204.0,20,11020.0,2576.5
5305,2022-02-22,East,Odisha,Bhubaneswar,Office Supplies,Stationery,Notebook Bundle,4,2503.0,0,10012.0,2609.12
5306,2022-10-18,North,Punjab,Ludhiana,Office Supplies,Printers,Canon Laser Printer,4,1065.0,0,4260.0,1125.68
5307,2022-11-22,East,Odisha,Bhubaneswar,Clothing,Womenswear,Ethnic Set,4,3033.6,20,12134.4,1590.89
5308,2024-08-19,East,Bihar,Patna,Furniture,Tables,Coffee Table,1,13455.5,15,13455.5,2922.68
5309,2022-12-23,West,Maharashtra,Nashik,Clothing,Womenswear,Saree,4,848.0,0,3392.0,620.76
5310,2023-11-28,East,West Bengal,Siliguri,Furniture,Tables,Office Desk,6,31666.5,10,189999.0,42219.04
5311,2023-12-20,East,Assam,Guwahati,Office Supplies,Stationery,A4 Paper Ream,6,3316.2,40,19897.2,3445.78
5312,2024-02-29,East,Odisha,Cuttack,Office Supplies,Printers,HP Inkjet Printer,1,222.0,40,222.0,33.61
5313,2023-03-13,South,Karnataka,Bengaluru,Office Supplies,Printers,HP Inkjet Printer,4,6118.2,10,24472.8,5724.51
5314,2024-03-24,West,Goa,Panaji,Clothing,Menswear,Formal Shirt,3,254.15,15,762.45,186.31
5315,2024-12-06,East,Bihar,Gaya,Electronics,Laptops,Lenovo IdeaPad,5,35962.2,10,179811.0,17151.23
5316,2022-10-19,North,Haryana,Faridabad,Office Supplies,Ink & Toner,Canon Toner,3,7320.0,0,21960.0,5954.51
5317,2023-10-23,South,Karnataka,Hubballi,Office Supplies,Ink & Toner,Canon Toner,6,4940.0,20,29640.0,3038.47
5318,2023-03-15,South,Telangana,Karimnagar,Electronics,Televisions,"Sony Bravia 43""",4,58566.6,10,234266.4,11139.36
5319,2023-12-23,North,Punjab,Amritsar,Office Supplies,Printers,HP Inkjet Printer,6,4989.6,10,29937.6,3359.24
5320,2024-05-27,North,Uttar Pradesh,Varanasi,Clothing,Menswear,Formal Shirt,2,2458.5,25,4917.0,345.86
5321,2022-12-21,West,Madhya Pradesh,Bhopal,Furniture,Sofas,3-Seater Fabric Sofa,6,3011.5,5,18069.0,3109.21
5322,2024-11-12,North,Haryana,Faridabad,Clothing,Womenswear,Dress,2,2107.2,40,4214.4,890.98
5323,2024-09-05,East,West Bengal,Siliguri,Clothing,Womenswear,Dress,3,1890.0,10,5670.0,758.16
5324,2024-10-06,East,West Bengal,Howrah,Clothing,Menswear,Jeans,4,914.0,0,3656.0,813.75
5325,2022-12-02,North,Uttar Pradesh,Lucknow,Furniture,Storage,Bookshelf,2,32411.7,10,64823.4,18125.65
5326,2022-03-22,East,West Bengal,Kolkata,Office Supplies,Stationery,A4 Paper Ream,6,824.6,5,4947.6,825.02
5327,2023-12-05,South,Karnataka,Bengaluru,Office Supplies,Ink & Toner,Canon Toner,1,7882.2,10,7882.2,1454.16
5328,2023-10-02,East,Assam,Dibrugarh,Clothing,Menswear,Jeans,6,3361.6,20,20169.6,5332.8
5329,2024-03-28,North,Delhi,New Delhi,Clothing,Menswear,Sherwani,1,3867.3,10,3867.3,946.93
5330,2023-07-05,West,Maharashtra,Pune,Office Supplies,Ink & Toner,Canon Toner,1,5104.8,10,5104.8,447.53
5331,2023-05-19,East,Bihar,Patna,Electronics,Mobile Phones,iPhone 14,2,8322.6,40,16645.2,1844.44
5332,2024-11-12,South,Kerala,Thiruvananthapuram,Electronics,Mobile Phones,OnePlus 12R,3,31320.8,15,93962.4,11961.86
5333,2023-06-01,South,Kerala,Kozhikode,Furniture,Storage,Bookshelf,3,31089.1,30,93267.3,18507.08
5334,2024-01-22,East,Odisha,Cuttack,Clothing,Footwear,Running Shoes,6,524.7,10,3148.2,722.7
5335,2022-05-07,West,Goa,Margao,Furniture,Tables,Coffee Table,5,18157.5,10,90787.5,15948.31
5336,2024-07-06,North,Delhi,New Delhi,Electronics,Mobile Phones,iPhone 14,5,42588.0,40,212940.0,26002.88
5337,2024-02-18,West,Maharashtra,Nashik,Office Supplies,Ink & Toner,Canon Toner,1,7695.8,30,7695.8,1580.68
5338,2023-10-02,South,Andhra Pradesh,Guntur,Clothing,Womenswear,Saree,2,3342.6,10,6685.2,1767.14
5339,2022-03-07,West,Madhya Pradesh,Bhopal,Office Supplies,Stationery,Gel Pen Pack,4,5901.3,10,23605.2,3495.93
5340,2022-02-27,North,Delhi,New Delhi,Furniture,Chairs,Gaming Chair,5,6282.0,25,31410.0,5986.46
5341,2024-11-04,West,Goa,Panaji,Office Supplies,Stationery,Notebook Bundle,5,2612.25,25,13061.25,2881.93
5342,2022-10-17,South,Kerala,Kochi,Furniture,Storage,Wardrobe 4-Door,1,39720.45,5,39720.45,3788.78
5343,2024-11-09,East,Odisha,Bhubaneswar,Clothing,Menswear,Jeans,3,4676.0,0,14028.0,1032.5
5344,2022-10-02,East,Assam,Guwahati,Office Supplies,Stationery,A4 Paper Ream,3,6224.0,20,18672.0,1803.51
5345,2023-10-09,North,Rajasthan,Jaipur,Clothing,Menswear,Sherwani,5,2698.2,40,13491.0,877.76
5346,2022-12-04,West,Goa,Panaji,Furniture,Storage,TV Unit,6,25626.3,30,153757.8,39429.64
5347,2024-08-09,North,Haryana,Faridabad,Electronics,Accessories,Bluetooth Speaker,2,7367.4,10,14734.8,2199.95
5348,2023-11-26,West,Gujarat,Vadodara,Clothing,Womenswear,Kurti,3,1183.5,10,3550.5,844.17
5349,2023-02-20,North,Uttar Pradesh,Noida,Office Supplies,Stationery,Notebook Bundle,1,2906.4,40,2906.4,788.31
5350,2022-10-26,West,Gujarat,Surat,Furniture,Chairs,Wooden Dining Chair,5,34396.95,15,171984.75,27448.29
5351,2024-11-04,West,Goa,Panaji,Clothing,Menswear,Jeans,1,3324.0,25,3324.0,187.12
5352,2022-09-04,East,Odisha,Cuttack,Clothing,Womenswear,Saree,1,3392.45,5,3392.45,366.58
5353,2023-03-25,North,Rajasthan,Jaipur,Electronics,Televisions,"LG 55"" UHD",3,31597.5,25,94792.5,2610.82
5354,2023-01-24,South,Tamil Nadu,Chennai,Electronics,Mobile Phones,iPhone 14,6,39095.0,30,234570.0,33603.44
5355,2024-07-16,North,Punjab,Chandigarh,Electronics,Televisions,"Samsung 50"" Crystal",1,53933.0,0,53933.0,6498.79
5356,2022-06-15,East,Bihar,Patna,Office Supplies,Ink & Toner,HP Ink Cartridge,5,3010.5,25,15052.5,2547.18
5357,2022-04-27,East,West Bengal,Siliguri,Office Supplies,Printers,HP Inkjet Printer,3,1889.0,0,5667.0,1363.21
5358,2023-08-20,West,Madhya Pradesh,Bhopal,Electronics,Mobile Phones,Redmi Note 13,4,7686.9,10,30747.6,2435.92
5359,2022-04-21,East,Bihar,Patna,Furniture,Storage,TV Unit,2,30757.0,0,61514.0,13314.65
5360,2023-07-18,South,Telangana,Warangal,Electronics,Accessories,Power Bank,6,22852.0,20,137112.0,14029.17
5361,2023-04-24,South,Andhra Pradesh,Visakhapatnam,Office Supplies,Stationery,A4 Paper Ream,3,7312.0,0,21936.0,1839.63
5362,2024-10-22,North,Rajasthan,Jaipur,Electronics,Mobile Phones,Redmi Note 13,1,53280.0,10,53280.0,3786.1
5363,2022-05-22,West,Gujarat,Vadodara,Clothing,Menswear,Sherwani,6,3175.2,30,19051.2,4901.72
5364,2023-09-01,South,Kerala,Kozhikode,Clothing,Footwear,Running Shoes,6,927.0,25,5562.0,468.17
5365,2022-09-24,North,Uttar Pradesh,Kanpur,Clothing,Womenswear,Dress,1,556.75,15,556.75,146.0
5366,2023-11-19,East,Bihar,Gaya,Furniture,Tables,Coffee Table,1,22943.25,25,22943.25,1327.7
5367,2022-11-20,West,Maharashtra,Nagpur,Electronics,Mobile Phones,OnePlus 12R,1,41917.2,40,41917.2,3307.22
5368,2023-12-31,East,West Bengal,Kolkata,Office Supplies,Printers,Canon Laser Printer,3,3576.75,25,10730.25,2662.76
5369,2023-04-17,East,Odisha,Bhubaneswar,Clothing,Footwear,Sandals,3,2109.6,10,6328.8,715.25
5370,2024-09-02,South,Telangana,Hyderabad,Clothing,Footwear,Formal Shoes,1,2196.0,40,2196.0,191.72
5371,2022-04-06,South,Telangana,Warangal,Office Supplies,Stationery,Gel Pen Pack,6,10005.0,0,60030.0,10015.45
5372,2023-12-28,East,West Bengal,Howrah,Office Supplies,Stationery,A4 Paper Ream,2,7386.4,20,14772.8,3570.01
5373,2022-09-24,North,Punjab,Ludhiana,Furniture,Chairs,Gaming Chair,1,14812.2,40,14812.2,2942.89
5374,2022-08-17,South,Karnataka,Hubballi,Office Supplies,Printers,Canon Laser Printer,1,11441.0,0,11441.0,1449.48
5375,2023-07-14,East,West Bengal,Kolkata,Office Supplies,Printers,HP Inkjet Printer,4,1177.25,15,4709.0,278.33
5376,2022-07-22,South,Kerala,Kozhikode,Office Supplies,Stationery,Gel Pen Pack,2,8062.0,0,16124.0,2875.53
5377,2024-12-10,East,Bihar,Patna,Electronics,Mobile Phones,iPhone 14,6,41463.0,10,248778.0,12448.45
5378,2024-12-18,North,Punjab,Ludhiana,Electronics,Mobile Phones,OnePlus 12R,3,15237.6,30,45712.8,5938.36
5379,2024-10-02,East,West Bengal,Siliguri,Clothing,Menswear,Jeans,1,2319.0,25,2319.0,558.02
5380,2022-07-12,West,Maharashtra,Pune,Electronics,Mobile Phones,Redmi Note 13,2,23606.4,20,47212.8,2120.19
5381,2024-05-10,East,Odisha,Bhubaneswar,Clothing,Menswear,Casual T-Shirt,6,4152.45,5,24914.7,4665.14
5382,2024-11-12,North,Punjab,Ludhiana,Furniture,Sofas,3-Seater Fabric Sofa,1,9530.4,5,9530.4,2106.05
5383,2023-10-08,South,Tamil Nadu,Coimbatore,Furniture,Tables,Coffee Table,4,21560.7,30,86242.8,6436.07
5384,2023-04-01,North,Uttar Pradesh,Varanasi,Furniture,Storage,Wardrobe 4-Door,1,44621.0,0,44621.0,11350.28
5385,2024-09-10,South,Andhra Pradesh,Visakhapatnam,Furniture,Sofas,3-Seater Fabric Sofa,3,30217.0,0,90651.0,5787.31
5386,2022-03-06,West,Goa,Panaji,Electronics,Accessories,Wireless Earbuds,1,18482.0,0,18482.0,1201.67
5387,2023-10-24,West,Maharashtra,Pune,Furniture,Chairs,Ergonomic Office Chair,1,11827.75,15,11827.75,754.53
5388,2024-12-03,East,West Bengal,Kolkata,Electronics,Televisions,"Sony Bravia 43""",5,8176.5,10,40882.5,4281.25
5389,2023-05-08,South,Kerala,Kochi,Electronics,Accessories,Bluetooth Speaker,1,33399.1,30,33399.1,3013.81
5390,2023-10-14,South,Andhra Pradesh,Guntur,Furniture,Chairs,Wooden Dining Chair,6,23975.15,5,143850.9,22662.44
5391,2023-01-14,East,West Bengal,Howrah,Furniture,Tables,Office Desk,2,20535.6,40,41071.2,10088.69
5392,2024-09-18,West,Madhya Pradesh,Indore,Clothing,Womenswear,Kurti,6,3076.5,30,18459.0,1233.13
5393,2024-01-31,East,West Bengal,Howrah,Electronics,Televisions,"LG 55"" UHD",3,52434.0,25,157302.0,4716.62
5394,2024-03-09,South,Karnataka,Bengaluru,Electronics,Laptops,Dell Inspiron 15,4,28079.2,20,112316.8,10563.45
5395,2024-10-22,East,West Bengal,Kolkata,Clothing,Footwear,Sandals,4,255.0,0,1020.0,243.72
5396,2023-10-13,East,Bihar,Gaya,Electronics,Televisions,"LG 55"" UHD",5,18931.5,10,94657.5,12000.67
5397,2023-06-21,North,Punjab,Ludhiana,Furniture,Storage,Wardrobe 4-Door,5,9276.0,0,46380.0,9941.69
5398,2023-04-13,North,Uttar Pradesh,Varanasi,Office Supplies,Stationery,Gel Pen Pack,3,7696.5,25,23089.5,3603.46
5399,2024-07-18,West,Madhya Pradesh,Indore,Clothing,Menswear,Formal Shirt,1,1677.0,25,1677.0,277.31
5400,2024-08-23,East,Odisha,Bhubaneswar,Electronics,Mobile Phones,OnePlus 12R,4,26451.0,0,105804.0,14198.05
5401,2022-04-17,South,Tamil Nadu,Chennai,Office Supplies,Stationery,Notebook Bundle,3,11072.0,0,33216.0,4214.58
5402,2022-01-04,South,Telangana,Warangal,Office Supplies,Ink & Toner,HP Ink Cartridge,5,6918.3,10,34591.5,1932.9
5403,2022-01-23,South,Kerala,Kochi,Furniture,Chairs,Ergonomic Office Chair,4,31943.7,10,127774.8,34165.76
5404,2022-03-07,South,Karnataka,Bengaluru,Furniture,Sofas,3-Seater Fabric Sofa,6,19685.6,20,118113.6,13572.49
5405,2022-02-10,West,Goa,Panaji,Furniture,Tables,Dining Table 6-Seater,2,16688.25,25,33376.5,2592.01
5406,2024-01-04,East,West Bengal,Howrah,Electronics,Mobile Phones,OnePlus 12R,3,25931.5,30,77794.5,3132.23
5407,2022-04-24,South,Telangana,Karimnagar,Electronics,Accessories,Smart Watch,4,23058.75,25,92235.0,9238.2
5408,2024-10-05,East,West Bengal,Siliguri,Clothing,Footwear,Formal Shoes,2,2293.8,40,4587.6,721.33
5409,2024-05-17,East,Bihar,Patna,Furniture,Sofas,Recliner Sofa,3,10215.0,0,30645.0,7216.63
5410,2024-11-15,North,Haryana,Faridabad,Electronics,Mobile Phones,Redmi Note 13,6,46289.25,25,277735.5,43850.66
5411,2024-11-04,North,Punjab,Ludhiana,Electronics,Televisions,"Sony Bravia 43""",6,57009.5,15,342057.0,39831.73
5412,2024-07-12,West,Gujarat,Vadodara,Electronics,Televisions,"Samsung 50"" Crystal",2,56628.0,10,113256.0,6541.72
5413,2023-07-14,West,Maharashtra,Pune,Office Supplies,Ink & Toner,Canon Toner,5,6393.75,25,31968.75,2394.43
5414,2023-10-05,East,Odisha,Cuttack,Clothing,Footwear,Running Shoes,2,2606.8,30,5213.6,502.77
5415,2022-05-05,North,Rajasthan,Udaipur,Clothing,Womenswear,Dress,2,1190.35,5,2380.7,647.0
5416,2022-10-01,East,Assam,Guwahati,Furniture,Chairs,Wooden Dining Chair,4,25205.4,10,100821.6,7403.11
5417,2022-09-27,North,Delhi,New Delhi,Office Supplies,Printers,HP Inkjet Printer,5,5365.6,5,26828.0,6687.0
5418,2022-08-28,East,Bihar,Gaya,Clothing,Womenswear,Dress,4,464.4,10,1857.6,171.33
5419,2023-07-01,East,Odisha,Cuttack,Office Supplies,Printers,Canon Laser Printer,4,1295.1,10,5180.4,983.65
5420,2024-07-01,West,Maharashtra,Nagpur,Office Supplies,Printers,HP Inkjet Printer,1,10389.6,10,10389.6,1911.79
5421,2022-04-08,North,Rajasthan,Jodhpur,Clothing,Womenswear,Saree,2,790.2,10,1580.4,423.14
5422,2023-04-11,East,Bihar,Gaya,Furniture,Storage,TV Unit,2,30753.0,10,61506.0,10012.0
5423,2023-11-11,West,Goa,Margao,Clothing,Footwear,Formal Shoes,4,3542.0,0,14168.0,1557.41
5424,2022-07-09,South,Tamil Nadu,Chennai,Clothing,Footwear,Sandals,3,4360.5,10,13081.5,2406.86
5425,2022-12-22,South,Andhra Pradesh,Guntur,Furniture,Chairs,Gaming Chair,6,33763.0,0,202578.0,11825.79
5426,2022-06-30,South,Kerala,Kochi,Clothing,Footwear,Running Shoes,3,3099.0,25,9297.0,1302.54
5427,2023-02-10,North,Rajasthan,Jaipur,Clothing,Footwear,Formal Shoes,5,4128.3,10,20641.5,5501.3
5428,2023-09-27,West,Madhya Pradesh,Bhopal,Electronics,Mobile Phones,Samsung Galaxy A54,2,43337.0,0,86674.0,6862.09
5429,2024-05-15,West,Madhya Pradesh,Indore,Electronics,Mobile Phones,OnePlus 12R,2,69642.6,5,139285.2,4160.35
5430,2024-02-02,North,Uttar Pradesh,Noida,Electronics,Televisions,"Sony Bravia 43""",3,12627.9,10,37883.7,4001.93
5431,2024-09-01,North,Haryana,Gurugram,Electronics,Mobile Phones,OnePlus 12R,3,47149.5,15,141448.5,11738.13
5432,2022-08-24,North,Punjab,Ludhiana,Electronics,Mobile Phones,iPhone 14,2,23359.0,30,46718.0,2495.72
5433,2022-12-11,North,Uttar Pradesh,Lucknow,Electronics,Televisions,"LG 55"" UHD",6,12540.6,10,75243.6,9445.01
5434,2024-03-02,West,Gujarat,Ahmedabad,Furniture,Storage,Bookshelf,1,22739.2,5,22739.2,4237.45
5435,2022-11-19,West,Madhya Pradesh,Indore,Furniture,Tables,Dining Table 6-Seater,3,13393.0,0,40179.0,9154.58
5436,2023-03-21,North,Punjab,Ludhiana,Clothing,Menswear,Sherwani,6,2475.0,10,14850.0,3035.87
5437,2023-03-25,South,Kerala,Kochi,Furniture,Chairs,Wooden Dining Chair,6,12808.8,40,76852.8,11572.85
5438,2023-04-09,East,Bihar,Patna,Furniture,Tables,Dining Table 6-Seater,1,24947.4,40,24947.4,4387.29
5439,2022-12-27,East,Assam,Dibrugarh,Office Supplies,Stationery,Gel Pen Pack,3,8894.7,10,26684.1,3011.96
5440,2023-09-19,East,Odisha,Cuttack,Furniture,Storage,TV Unit,2,12702.9,30,25405.8,2516.08
5441,2024-09-20,West,Madhya Pradesh,Indore,Clothing,Footwear,Formal Shoes,1,875.0,0,875.0,217.83
5442,2024-03-08,South,Telangana,Warangal,Office Supplies,Printers,Canon Laser Printer,6,5917.0,0,35502.0,4668.44
5443,2024-09-07,South,Kerala,Kochi,Furniture,Tables,Dining Table 6-Seater,3,11846.45,15,35539.35,1916.85
5444,2023-02-26,West,Maharashtra,Mumbai,Furniture,Chairs,Ergonomic Office Chair,1,31908.0,0,31908.0,8455.79
5445,2022-09-20,South,Tamil Nadu,Chennai,Furniture,Tables,Office Desk,4,20303.5,30,81214.0,17056.16
5446,2024-04-27,South,Tamil Nadu,Chennai,Clothing,Womenswear,Ethnic Set,2,2636.2,30,5272.4,1411.78
5447,2022-12-13,West,Maharashtra,Mumbai,Electronics,Laptops,Lenovo IdeaPad,5,35209.0,0,176045.0,23620.69
5448,2023-05-17,East,Bihar,Patna,Furniture,Storage,TV Unit,3,28972.0,0,86916.0,18275.6
5449,2023-10-24,North,Uttar Pradesh,Kanpur,Clothing,Footwear,Running Shoes,1,1158.0,0,1158.0,148.18
5450,2024-02-29,West,Madhya Pradesh,Bhopal,Furniture,Tables,Office Desk,4,39888.6,5,159554.4,23850.48
5451,2022-02-08,South,Andhra Pradesh,Guntur,Clothing,Menswear,Jeans,2,248.5,30,497.0,82.46
5452,2024-12-24,North,Rajasthan,Jaipur,Furniture,Chairs,Wooden Dining Chair,4,9641.7,10,38566.8,6915.09
5453,2024-12-19,North,Delhi,New Delhi,Electronics,Accessories,Bluetooth Speaker,2,73913.0,0,147826.0,11883.81
5454,2022-06-24,East,Odisha,Bhubaneswar,Furniture,Sofas,3-Seater Fabric Sofa,6,5570.0,0,33420.0,1714.7
5455,2023-09-12,South,Karnataka,Hubballi,Furniture,Sofas,Recliner Sofa,4,29566.0,0,118264.0,32344.34
5456,2022-04-14,West,Goa,Panaji,Electronics,Accessories,Smart Watch,2,34334.9,5,68669.8,5919.2
5457,2023-12-10,East,Odisha,Bhubaneswar,Furniture,Tables,Coffee Table,3,37001.7,10,111005.1,26431.78
5458,2023-06-16,South,Tamil Nadu,Madurai,Office Supplies,Ink & Toner,HP Ink Cartridge,4,5339.2,20,21356.8,4579.15
5459,2024-02-25,South,Tamil Nadu,Chennai,Clothing,Menswear,Jeans,6,4244.4,10,25466.4,4381.42
5460,2024-04-05,South,Tamil Nadu,Chennai,Electronics,Laptops,Dell Inspiron 15,1,18774.7,30,18774.7,1741.23
5461,2023-11-21,North,Uttar Pradesh,Varanasi,Furniture,Tables,Dining Table 6-Seater,3,12448.0,0,37344.0,2010.29
5462,2022-10-17,South,Karnataka,Mysuru,Clothing,Womenswear,Ethnic Set,4,1077.3,5,4309.2,569.45
5463,2022-09-12,North,Haryana,Gurugram,Electronics,Mobile Phones,iPhone 14,2,34204.0,0,68408.0,5536.79
5464,2024-04-23,East,West Bengal,Kolkata,Clothing,Footwear,Sandals,5,3080.0,0,15400.0,3000.8
5465,2022-07-30,East,Assam,Guwahati,Furniture,Chairs,Gaming Chair,6,31324.0,20,187944.0,27801.92
5466,2024-05-26,East,Bihar,Patna,Furniture,Tables,Coffee Table,4,20935.6,30,83742.4,7717.17
5467,2024-08-16,West,Goa,Margao,Furniture,Sofas,3-Seater Fabric Sofa,1,24595.2,30,24595.2,2627.92
5468,2024-12-05,East,Odisha,Cuttack,Furniture,Sofas,L-Shaped Sofa,4,17896.0,0,71584.0,14369.6
5469,2024-08-31,East,Assam,Guwahati,Electronics,Mobile Phones,Redmi Note 13,6,12975.3,10,77851.8,3745.3
5470,2024-09-21,South,Andhra Pradesh,Vijayawada,Furniture,Sofas,L-Shaped Sofa,2,17217.0,10,34434.0,2215.34
5471,2023-11-25,South,Tamil Nadu,Chennai,Clothing,Menswear,Formal Shirt,1,3933.8,15,3933.8,454.46
5472,2022-04-21,East,Assam,Dibrugarh,Clothing,Menswear,Formal Shirt,6,2990.3,15,17941.8,1249.43
5473,2024-04-01,West,Madhya Pradesh,Indore,Clothing,Menswear,Casual T-Shirt,2,3064.7,5,6129.4,638.58
5474,2024-07-10,East,West Bengal,Kolkata,Electronics,Accessories,Bluetooth Speaker,3,13039.0,15,39117.0,4207.79
5475,2024-03-27,North,Rajasthan,Udaipur,Electronics,Laptops,HP Pavilion,3,37552.8,20,112658.4,2989.46
5476,2024-03-15,North,Punjab,Ludhiana,Electronics,Laptops,Dell Inspiron 15,6,54964.5,25,329787.0,17552.72
5477,2024-03-21,South,Telangana,Hyderabad,Clothing,Footwear,Sandals,4,328.5,10,1314.0,336.65
5478,2024-06-02,West,Goa,Panaji,Electronics,Accessories,Smart Watch,3,34532.0,20,103596.0,3310.82
5479,2022-03-31,East,Odisha,Cuttack,Furniture,Tables,Coffee Table,3,19315.8,40,57947.4,15047.59
5480,2022-03-31,South,Tamil Nadu,Coimbatore,Electronics,Laptops,Asus Vivobook,2,34254.4,20,68508.8,9783.24
5481,2023-03-23,North,Uttar Pradesh,Noida,Furniture,Chairs,Gaming Chair,2,18552.6,10,37105.2,3373.58
5482,2024-03-02,West,Goa,Panaji,Clothing,Womenswear,Dress,4,3504.8,20,14019.2,2479.47
5483,2022-08-12,East,Bihar,Patna,Clothing,Footwear,Sandals,3,391.2,20,1173.6,63.11
5484,2022-07-23,East,West Bengal,Howrah,Electronics,Laptops,HP Pavilion,2,42805.0,0,85610.0,5452.58
5485,2024-09-26,East,Bihar,Patna,Electronics,Mobile Phones,Redmi Note 13,1,60381.0,10,60381.0,7939.06
5486,2024-06-30,West,Madhya Pradesh,Indore,Electronics,Televisions,"LG 55"" UHD",4,13671.2,20,54684.8,2123.46
5487,2023-12-12,West,Maharashtra,Nashik,Furniture,Sofas,3-Seater Fabric Sofa,4,14705.6,30,58822.4,15404.34
5488,2023-08-22,East,Assam,Dibrugarh,Electronics,Laptops,Asus Vivobook,5,17656.0,0,88280.0,9692.35
5489,2022-10-02,East,Odisha,Bhubaneswar,Clothing,Menswear,Casual T-Shirt,1,1037.4,40,1037.4,61.57
5490,2023-12-11,West,Maharashtra,Pune,Clothing,Footwear,Sandals,6,1973.0,0,11838.0,2698.97
5491,2023-09-10,East,West Bengal,Howrah,Electronics,Laptops,Lenovo IdeaPad,2,15552.6,30,31105.2,4780.89
5492,2022-12-02,North,Delhi,New Delhi,Office Supplies,Stationery,A4 Paper Ream,1,3145.2,40,3145.2,657.53
5493,2022-01-18,North,Delhi,New Delhi,Electronics,Televisions,"Samsung 50"" Crystal",1,44257.5,10,44257.5,2400.07
5494,2023-07-22,South,Telangana,Karimnagar,Furniture,Storage,TV Unit,5,20717.0,0,103585.0,15619.29
5495,2022-06-14,East,Assam,Dibrugarh,Furniture,Storage,Wardrobe 4-Door,1,41335.0,0,41335.0,7135.45
5496,2024-09-22,East,Odisha,Bhubaneswar,Furniture,Chairs,Ergonomic Office Chair,1,27733.0,0,27733.0,1946.73
5497,2024-04-30,South,Tamil Nadu,Chennai,Furniture,Sofas,Recliner Sofa,4,33014.25,25,132057.0,21509.17
5498,2022-06-01,South,Tamil Nadu,Coimbatore,Office Supplies,Ink & Toner,HP Ink Cartridge,6,5467.5,10,32805.0,3749.58
5499,2022-02-17,North,Punjab,Amritsar,Clothing,Menswear,Sherwani,1,3310.75,15,3310.75,343.75
5500,2023-11-09,North,Delhi,Dwarka,Electronics,Mobile Phones,OnePlus 12R,5,22542.0,0,112710.0,10255.08
5501,2023-05-10,South,Karnataka,Hubballi,Office Supplies,Ink & Toner,HP Ink Cartridge,2,7348.0,20,14696.0,2861.48
5502,2022-09-13,West,Madhya Pradesh,Indore,Electronics,Mobile Phones,Samsung Galaxy A54,5,21420.75,25,107103.75,10412.55
5503,2024-06-13,West,Madhya Pradesh,Indore,Office Supplies,Printers,Canon Laser Printer,2,4047.3,10,8094.6,1422.01
5504,2023-10-05,East,Assam,Guwahati,Clothing,Menswear,Sherwani,2,385.6,20,771.2,205.72
5505,2023-12-07,North,Delhi,New Delhi,Electronics,Accessories,Wireless Earbuds,6,13391.2,5,80347.2,8633.81
5506,2024-12-15,West,Madhya Pradesh,Indore,Furniture,Sofas,3-Seater Fabric Sofa,1,18288.75,25,18288.75,2871.27
5507,2022-06-25,South,Telangana,Hyderabad,Office Supplies,Ink & Toner,Canon Toner,6,4766.4,40,28598.4,7429.54
5508,2024-02-11,West,Goa,Panaji,Office Supplies,Ink & Toner,Canon Toner,4,6637.65,5,26550.6,6378.61
5509,2022-04-07,East,Odisha,Cuttack,Furniture,Storage,TV Unit,3,4544.95,15,13634.85,881.63
5510,2024-07-21,North,Uttar Pradesh,Noida,Furniture,Storage,Wardrobe 4-Door,3,24638.1,15,73914.3,11315.59
5511,2023-03-31,South,Telangana,Warangal,Clothing,Footwear,Sandals,6,3515.6,15,21093.6,3211.07
5512,2022-05-26,South,Telangana,Warangal,Office Supplies,Stationery,Notebook Bundle,1,2082.6,40,2082.6,223.95
5513,2024-07-13,South,Karnataka,Hubballi,Clothing,Womenswear,Dress,5,2883.6,10,14418.0,1818.45
5514,2022-11-02,North,Uttar Pradesh,Lucknow,Electronics,Laptops,HP Pavilion,6,44972.0,0,269832.0,42055.93
5515,2023-10-03,South,Andhra Pradesh,Visakhapatnam,Furniture,Chairs,Ergonomic Office Chair,3,24974.4,40,74923.2,8961.46
5516,2022-09-06,East,Bihar,Patna,Furniture,Tables,Dining Table 6-Seater,3,5608.8,40,16826.4,3611.26
5517,2024-07-13,North,Haryana,Gurugram,Electronics,Televisions,"Samsung 50"" Crystal",5,26084.1,30,130420.5,16621.41
5518,2024-08-06,East,Bihar,Gaya,Clothing,Footwear,Running Shoes,1,2959.6,30,2959.6,267.51
5519,2022-10-07,South,Andhra Pradesh,Tirupati,Office Supplies,Printers,Canon Laser Printer,2,3811.5,25,7623.0,2016.73
5520,2024-07-29,South,Andhra Pradesh,Visakhapatnam,Office Supplies,Printers,HP Inkjet Printer,3,3712.8,20,11138.4,2589.33
5521,2023-08-19,North,Delhi,New Delhi,Furniture,Sofas,Recliner Sofa,3,5667.2,30,17001.6,1576.02
5522,2022-10-25,South,Karnataka,Mysuru,Electronics,Accessories,Power Bank,6,62641.1,5,375846.6,22659.5
5523,2022-08-11,East,West Bengal,Howrah,Electronics,Accessories,Wireless Earbuds,3,28935.0,0,86805.0,6098.26
5524,2022-11-29,South,Tamil Nadu,Madurai,Furniture,Storage,Wardrobe 4-Door,2,4261.6,20,8523.2,2075.27
5525,2022-11-30,North,Punjab,Chandigarh,Electronics,Televisions,"Samsung 50"" Crystal",5,18429.0,0,92145.0,7968.64
5526,2024-05-11,East,Assam,Guwahati,Clothing,Footwear,Formal Shoes,5,3200.55,5,16002.75,2276.7
5527,2024-09-29,West,Maharashtra,Nashik,Furniture,Storage,TV Unit,6,41048.0,0,246288.0,37532.53
5528,2022-10-10,North,Delhi,Dwarka,Electronics,Televisions,"Samsung 50"" Crystal",1,60835.0,0,60835.0,7991.74
5529,2024-08-30,West,Gujarat,Vadodara,Office Supplies,Stationery,Gel Pen Pack,4,6732.9,10,26931.6,1404.45
5530,2023-09-07,South,Telangana,Hyderabad,Clothing,Menswear,Jeans,6,1716.75,25,10300.5,544.95
5531,2023-07-08,East,Assam,Guwahati,Office Supplies,Ink & Toner,HP Ink Cartridge,4,6847.2,40,27388.8,4556.85
5532,2022-06-07,North,Punjab,Amritsar,Clothing,Womenswear,Saree,1,1075.2,20,1075.2,70.22
5533,2024-12-16,East,Assam,Dibrugarh,Clothing,Footwear,Formal Shoes,2,3668.4,10,7336.8,1949.38
5534,2022-11-18,West,Gujarat,Surat,Clothing,Womenswear,Ethnic Set,2,1205.1,10,2410.2,309.15
5535,2022-10-08,West,Gujarat,Surat,Electronics,Televisions,"Sony Bravia 43""",6,48981.6,20,293889.6,16551.17
5536,2024-12-18,West,Madhya Pradesh,Indore,Office Supplies,Printers,Canon Laser Printer,1,9403.2,20,9403.2,1339.21
5537,2024-10-12,West,Goa,Panaji,Furniture,Chairs,Gaming Chair,1,5593.7,30,5593.7,297.92
5538,2022-05-27,East,Bihar,Gaya,Electronics,Laptops,Asus Vivobook,2,20465.25,25,40930.5,2665.9
5539,2023-08-25,North,Punjab,Chandigarh,Furniture,Storage,TV Unit,3,11958.4,20,35875.2,9227.91
5540,2024-11-24,East,Bihar,Gaya,Office Supplies,Ink & Toner,Canon Toner,6,2737.5,25,16425.0,3232.54
5541,2022-05-14,West,Madhya Pradesh,Bhopal,Electronics,Mobile Phones,OnePlus 12R,4,38432.8,20,153731.2,13731.89
5542,2023-10-14,West,Maharashtra,Nashik,Office Supplies,Stationery,Gel Pen Pack,6,5688.75,25,34132.5,9335.91
5543,2023-06-14,East,Odisha,Bhubaneswar,Electronics,Accessories,Wireless Earbuds,5,59677.0,0,298385.0,41791.5
5544,2023-02-05,West,Goa,Panaji,Electronics,Televisions,"Sony Bravia 43""",1,26527.65,15,26527.65,3906.19
5545,2024-05-14,North,Punjab,Ludhiana,Furniture,Chairs,Ergonomic Office Chair,3,30042.0,10,90126.0,15345.2
5546,2022-03-28,East,Bihar,Gaya,Electronics,Accessories,Power Bank,5,16755.6,40,83778.0,4283.2
5547,2024-01-13,South,Telangana,Hyderabad,Clothing,Womenswear,Ethnic Set,1,4135.0,0,4135.0,719.19
5548,2023-08-31,North,Rajasthan,Jaipur,Office Supplies,Stationery,Notebook Bundle,1,2206.8,10,2206.8,271.45
5549,2023-11-02,South,Karnataka,Bengaluru,Clothing,Menswear,Jeans,1,734.35,5,734.35,93.38
5550,2023-11-18,West,Gujarat,Vadodara,Furniture,Chairs,Ergonomic Office Chair,2,30164.0,0,60328.0,8923.56
5551,2023-10-31,South,Kerala,Kochi,Furniture,Chairs,Gaming Chair,1,7652.25,5,7652.25,433.32
5552,2024-01-05,East,West Bengal,Howrah,Office Supplies,Printers,HP Inkjet Printer,4,10727.0,0,42908.0,10959.63
5553,2023-10-01,North,Rajasthan,Udaipur,Clothing,Womenswear,Dress,6,255.0,40,1530.0,85.41
5554,2023-10-19,South,Karnataka,Hubballi,Electronics,Accessories,Bluetooth Speaker,6,43796.25,25,262777.5,10599.81
5555,2022-08-08,North,Uttar Pradesh,Lucknow,Office Supplies,Printers,Canon Laser Printer,2,7989.5,5,15979.0,3034.67
5556,2024-01-23,West,Madhya Pradesh,Bhopal,Furniture,Storage,Bookshelf,4,6384.0,5,25536.0,4353.14
5557,2023-08-17,North,Uttar Pradesh,Lucknow,Electronics,Mobile Phones,OnePlus 12R,1,37122.0,40,37122.0,4505.09
5558,2024-06-07,East,West Bengal,Howrah,Electronics,Mobile Phones,Samsung Galaxy A54,2,69320.55,5,138641.1,5181.16
5559,2024-11-15,South,Andhra Pradesh,Tirupati,Clothing,Footwear,Formal Shoes,4,2365.6,20,9462.4,774.01
5560,2023-08-05,West,Madhya Pradesh,Indore,Office Supplies,Printers,Canon Laser Printer,5,6963.0,40,34815.0,4433.46
5561,2022-03-01,South,Karnataka,Mysuru,Electronics,Laptops,HP Pavilion,4,61190.0,0,244760.0,6771.14
5562,2022-07-18,North,Delhi,Dwarka,Electronics,Laptops,HP Pavilion,1,21947.25,25,21947.25,1726.1
5563,2024-05-10,East,West Bengal,Howrah,Office Supplies,Stationery,A4 Paper Ream,5,10981.0,0,54905.0,8678.56
5564,2022-11-16,East,Assam,Guwahati,Furniture,Chairs,Wooden Dining Chair,3,10566.0,0,31698.0,8428.13
5565,2023-06-13,West,Maharashtra,Nashik,Electronics,Mobile Phones,Samsung Galaxy A54,2,44984.55,15,89969.1,12915.19
5566,2023-07-30,East,Bihar,Gaya,Office Supplies,Stationery,Gel Pen Pack,2,3403.8,40,6807.6,1316.67
5567,2023-02-24,North,Haryana,Gurugram,Electronics,Accessories,Smart Watch,3,53431.0,15,160293.0,24258.87
5568,2023-08-31,North,Delhi,Dwarka,Office Supplies,Stationery,Notebook Bundle,4,1250.2,30,5000.8,412.02
5569,2022-12-28,West,Madhya Pradesh,Indore,Furniture,Sofas,3-Seater Fabric Sofa,5,13166.0,0,65830.0,10470.57
5570,2022-08-31,North,Punjab,Ludhiana,Furniture,Sofas,Recliner Sofa,4,11282.05,15,45128.2,3628.6
5571,2022-11-22,North,Punjab,Chandigarh,Clothing,Menswear,Sherwani,2,2155.0,0,4310.0,238.82
5572,2023-05-08,East,Assam,Guwahati,Office Supplies,Ink & Toner,Canon Toner,1,260.1,15,260.1,35.67
5573,2024-07-09,North,Punjab,Amritsar,Clothing,Menswear,Sherwani,3,3274.2,10,9822.6,1639.4
5574,2024-01-16,South,Telangana,Hyderabad,Furniture,Sofas,Recliner Sofa,1,14247.1,30,14247.1,3737.81
5575,2023-10-01,West,Maharashtra,Pune,Furniture,Storage,TV Unit,3,22907.7,10,68723.1,6330.38
5576,2024-01-16,North,Uttar Pradesh,Noida,Electronics,Laptops,Dell Inspiron 15,4,42899.4,10,171597.6,19626.09
5577,2024-02-28,East,Odisha,Bhubaneswar,Office Supplies,Printers,HP Inkjet Printer,5,7619.2,20,38096.0,5706.65
5578,2024-07-08,East,Odisha,Bhubaneswar,Office Supplies,Ink & Toner,HP Ink Cartridge,5,4787.0,0,23935.0,1538.55
5579,2023-10-13,North,Delhi,New Delhi,Furniture,Tables,Office Desk,4,39153.3,5,156613.2,23761.17
5580,2023-09-01,West,Maharashtra,Pune,Furniture,Chairs,Gaming Chair,4,41569.15,5,166276.6,35470.66
5581,2023-01-20,West,Gujarat,Vadodara,Clothing,Womenswear,Dress,2,3871.0,0,7742.0,1064.37
5582,2023-06-08,West,Maharashtra,Nagpur,Office Supplies,Printers,Canon Laser Printer,2,4895.1,10,9790.2,1622.67
5583,2023-12-18,West,Maharashtra,Mumbai,Furniture,Chairs,Gaming Chair,4,17785.4,15,71141.6,16411.69
5584,2023-11-16,South,Andhra Pradesh,Vijayawada,Furniture,Sofas,Recliner Sofa,2,6697.6,20,13395.2,981.55
5585,2024-07-15,West,Maharashtra,Nashik,Furniture,Sofas,Recliner Sofa,1,40321.8,10,40321.8,4042.36
5586,2022-07-12,West,Gujarat,Vadodara,Electronics,Mobile Phones,Samsung Galaxy A54,4,31605.0,30,126420.0,11009.18
5587,2022-01-20,West,Maharashtra,Nagpur,Furniture,Sofas,3-Seater Fabric Sofa,5,20867.0,30,104335.0,28129.75
5588,2022-06-08,North,Rajasthan,Jaipur,Clothing,Menswear,Jeans,2,3062.7,10,6125.4,1396.34
5589,2023-12-17,West,Madhya Pradesh,Bhopal,Furniture,Sofas,L-Shaped Sofa,3,6050.55,5,18151.65,2444.84
5590,2022-06-29,South,Tamil Nadu,Coimbatore,Furniture,Storage,TV Unit,2,15216.0,0,30432.0,5735.38
5591,2024-04-09,East,Odisha,Cuttack,Electronics,Televisions,"Sony Bravia 43""",1,23158.8,10,23158.8,611.48
5592,2024-11-28,North,Uttar Pradesh,Noida,Furniture,Chairs,Wooden Dining Chair,3,6076.65,15,18229.95,3029.17
5593,2024-10-31,East,Odisha,Cuttack,Electronics,Accessories,Smart Watch,5,44922.0,25,224610.0,18819.39
5594,2023-01-24,East,Assam,Guwahati,Electronics,Laptops,Asus Vivobook,4,21652.2,10,86608.8,10029.98
5595,2022-06-30,West,Madhya Pradesh,Indore,Furniture,Tables,Office Desk,5,30164.4,30,150822.0,15178.36
5596,2022-04-10,East,Odisha,Cuttack,Furniture,Storage,Bookshelf,3,15579.0,25,46737.0,7068.49
5597,2023-08-24,West,Maharashtra,Pune,Clothing,Footwear,Sandals,1,1611.0,0,1611.0,243.16
5598,2024-03-09,South,Tamil Nadu,Coimbatore,Office Supplies,Stationery,Gel Pen Pack,6,1050.6,15,6303.6,781.35
5599,2023-10-20,South,Telangana,Hyderabad,Clothing,Menswear,Sherwani,4,3372.0,25,13488.0,848.45
5600,2023-05-27,South,Karnataka,Hubballi,Furniture,Storage,Wardrobe 4-Door,1,37309.05,15,37309.05,6368.55
5601,2024-05-28,West,Gujarat,Vadodara,Clothing,Menswear,Casual T-Shirt,5,962.5,30,4812.5,999.96
5602,2023-10-11,South,Kerala,Thiruvananthapuram,Clothing,Menswear,Formal Shirt,6,3079.0,0,18474.0,4519.17
5603,2023-04-22,South,Karnataka,Bengaluru,Clothing,Womenswear,Saree,1,3792.8,20,3792.8,835.12
5604,2024-02-13,South,Andhra Pradesh,Tirupati,Electronics,Laptops,Asus Vivobook,4,33352.8,20,133411.2,8746.05
5605,2023-10-18,North,Uttar Pradesh,Lucknow,Clothing,Footwear,Running Shoes,4,967.5,10,3870.0,1043.83
5606,2022-09-01,West,Madhya Pradesh,Indore,Furniture,Tables,Dining Table 6-Seater,5,9690.0,5,48450.0,8895.33
5607,2022-03-13,North,Haryana,Faridabad,Electronics,Accessories,Wireless Earbuds,6,41169.75,25,247018.5,15228.39
5608,2024-01-22,South,Andhra Pradesh,Visakhapatnam,Office Supplies,Ink & Toner,HP Ink Cartridge,6,5588.8,30,33532.8,3191.49
5609,2022-11-14,South,Telangana,Hyderabad,Clothing,Footwear,Running Shoes,6,3243.6,10,19461.6,1633.61
5610,2024-04-04,West,Madhya Pradesh,Indore,Furniture,Tables,Dining Table 6-Seater,1,3430.7,30,3430.7,734.13
5611,2024-02-01,South,Andhra Pradesh,Guntur,Electronics,Laptops,Dell Inspiron 15,3,31954.5,10,95863.5,2659.55
5612,2022-05-28,East,West Bengal,Kolkata,Furniture,Tables,Dining Table 6-Seater,2,26076.55,5,52153.1,11700.96
5613,2024-10-19,East,Odisha,Bhubaneswar,Office Supplies,Stationery,Gel Pen Pack,4,5697.0,0,22788.0,3643.41
5614,2022-11-05,West,Maharashtra,Nashik,Furniture,Chairs,Ergonomic Office Chair,6,7205.0,0,43230.0,11178.49
5615,2023-10-21,North,Delhi,New Delhi,Office Supplies,Stationery,Notebook Bundle,2,4829.6,20,9659.2,698.07
5616,2023-11-13,East,West Bengal,Siliguri,Furniture,Tables,Office Desk,5,40706.55,5,203532.75,39444.53
5617,2022-12-14,North,Punjab,Ludhiana,Clothing,Menswear,Casual T-Shirt,2,594.75,25,1189.5,75.89
5618,2023-10-11,South,Telangana,Hyderabad,Office Supplies,Printers,Canon Laser Printer,2,9590.0,0,19180.0,4819.51
5619,2024-10-31,North,Delhi,New Delhi,Clothing,Menswear,Formal Shirt,3,1735.0,0,5205.0,1051.06
5620,2024-02-28,South,Tamil Nadu,Madurai,Electronics,Mobile Phones,Redmi Note 13,6,35461.2,40,212767.2,18245.03
5621,2024-11-13,West,Gujarat,Ahmedabad,Clothing,Menswear,Jeans,6,2763.35,15,16580.1,2513.38
5622,2022-03-02,East,Bihar,Gaya,Electronics,Televisions,"LG 55"" UHD",1,34938.4,30,34938.4,3512.54
5623,2024-02-10,North,Uttar Pradesh,Varanasi,Clothing,Footwear,Formal Shoes,2,912.9,15,1825.8,477.78
5624,2024-05-11,North,Uttar Pradesh,Noida,Furniture,Chairs,Ergonomic Office Chair,1,28101.6,10,28101.6,4716.95
5625,2023-05-31,West,Gujarat,Ahmedabad,Clothing,Menswear,Formal Shirt,1,3502.8,10,3502.8,772.87
5626,2023-01-10,East,West Bengal,Howrah,Furniture,Chairs,Wooden Dining Chair,5,30750.3,10,153751.5,11335.16
5627,2024-03-05,North,Rajasthan,Jaipur,Office Supplies,Ink & Toner,Canon Toner,1,4886.0,0,4886.0,886.71
5628,2023-12-28,North,Haryana,Faridabad,Clothing,Footwear,Formal Shoes,3,2655.9,10,7967.7,2091.46
5629,2024-10-06,West,Goa,Margao,Clothing,Footwear,Running Shoes,1,1735.2,20,1735.2,397.3
5630,2024-12-10,South,Kerala,Kozhikode,Clothing,Womenswear,Saree,3,510.0,0,1530.0,266.32
5631,2024-09-28,South,Telangana,Karimnagar,Office Supplies,Ink & Toner,Canon Toner,6,6215.0,0,37290.0,10158.88
5632,2022-08-09,East,West Bengal,Howrah,Furniture,Storage,Bookshelf,2,22374.0,25,44748.0,3523.94
5633,2023-07-25,South,Kerala,Kozhikode,Clothing,Womenswear,Dress,3,3596.7,5,10790.1,1117.45
5634,2022-11-14,West,Gujarat,Surat,Office Supplies,Ink & Toner,Canon Toner,3,5196.8,30,15590.4,1219.33
5635,2022-11-30,South,Andhra Pradesh,Guntur,Clothing,Womenswear,Dress,3,2314.0,0,6942.0,1116.96
5636,2023-07-24,North,Rajasthan,Jodhpur,Furniture,Storage,Wardrobe 4-Door,4,38442.6,10,153770.4,20137.28
5637,2022-12-27,North,Rajasthan,Jodhpur,Office Supplies,Ink & Toner,HP Ink Cartridge,2,9811.0,0,19622.0,4338.35
5638,2022-05-09,North,Punjab,Amritsar,Electronics,Mobile Phones,OnePlus 12R,5,35834.4,10,179172.0,8373.17
5639,2024-10-19,South,Telangana,Karimnagar,Office Supplies,Stationery,A4 Paper Ream,5,4326.7,30,21633.5,3390.0
5640,2022-01-14,South,Kerala,Kochi,Electronics,Televisions,"Sony Bravia 43""",2,23134.8,40,46269.6,6862.31
5641,2022-04-17,North,Uttar Pradesh,Kanpur,Office Supplies,Printers,HP Inkjet Printer,6,8362.9,30,50177.4,10954.77
5642,2023-04-26,North,Uttar Pradesh,Noida,Clothing,Menswear,Jeans,3,943.8,40,2831.4,551.19
5643,2024-12-23,West,Maharashtra,Nagpur,Electronics,Accessories,Bluetooth Speaker,1,48486.6,10,48486.6,3707.84
5644,2022-10-01,North,Punjab,Chandigarh,Electronics,Mobile Phones,OnePlus 12R,2,53379.9,10,106759.8,14163.27
5645,2024-09-07,North,Rajasthan,Udaipur,Electronics,Accessories,Wireless Earbuds,5,19851.0,25,99255.0,7849.11
5646,2024-07-21,North,Rajasthan,Jaipur,Office Supplies,Printers,HP Inkjet Printer,1,2730.4,20,2730.4,677.19
5647,2023-07-08,South,Tamil Nadu,Madurai,Clothing,Menswear,Casual T-Shirt,4,291.9,30,1167.6,72.4
5648,2022-12-21,South,Telangana,Warangal,Furniture,Tables,Coffee Table,3,22260.0,40,66780.0,3481.15
5649,2022-11-01,South,Andhra Pradesh,Visakhapatnam,Clothing,Footwear,Sandals,6,3800.0,0,22800.0,5758.11
5650,2023-09-24,West,Madhya Pradesh,Indore,Office Supplies,Stationery,Gel Pen Pack,5,9333.0,15,46665.0,9822.24
5651,2023-12-17,West,Maharashtra,Nagpur,Furniture,Chairs,Gaming Chair,3,31472.7,30,94418.1,6154.25
5652,2022-04-13,North,Haryana,Faridabad,Clothing,Womenswear,Kurti,2,1304.0,20,2608.0,403.16
5653,2023-10-23,North,Rajasthan,Jodhpur,Furniture,Chairs,Wooden Dining Chair,5,30287.9,5,151439.5,24321.03
5654,2023-10-12,North,Punjab,Chandigarh,Clothing,Footwear,Running Shoes,6,3660.0,20,21960.0,1661.91
5655,2024-08-16,South,Telangana,Karimnagar,Furniture,Chairs,Wooden Dining Chair,1,30787.0,15,30787.0,2625.43
5656,2023-10-19,West,Madhya Pradesh,Indore,Office Supplies,Printers,HP Inkjet Printer,1,8119.5,25,8119.5,1560.62
5657,2024-03-19,West,Goa,Panaji,Electronics,Accessories,Power Bank,5,64724.4,10,323622.0,10223.31
5658,2023-11-30,East,West Bengal,Kolkata,Electronics,Televisions,"LG 55"" UHD",4,45905.1,15,183620.4,23294.7
5659,2023-04-30,South,Andhra Pradesh,Tirupati,Clothing,Womenswear,Saree,2,1363.0,0,2726.0,538.69
5660,2022-11-24,West,Madhya Pradesh,Indore,Office Supplies,Stationery,Notebook Bundle,3,850.5,10,2551.5,364.35
5661,2022-10-10,South,Kerala,Kozhikode,Furniture,Tables,Office Desk,1,28196.25,25,28196.25,3504.79
5662,2023-04-09,West,Goa,Margao,Office Supplies,Stationery,A4 Paper Ream,1,2051.0,0,2051.0,368.64
5663,2024-11-30,West,Madhya Pradesh,Indore,Clothing,Footwear,Formal Shoes,2,1243.5,25,2487.0,455.44
5664,2024-10-10,West,Gujarat,Ahmedabad,Office Supplies,Ink & Toner,HP Ink Cartridge,4,4042.2,40,16168.8,841.22
5665,2024-07-05,South,Tamil Nadu,Coimbatore,Office Supplies,Printers,Canon Laser Printer,3,8568.8,20,25706.4,6515.49
5666,2024-11-20,East,Odisha,Cuttack,Clothing,Womenswear,Kurti,6,1138.1,5,6828.6,382.18
5667,2023-03-07,South,Kerala,Thiruvananthapuram,Electronics,Accessories,Power Bank,4,47153.7,10,188614.8,27417.49
5668,2024-10-22,South,Telangana,Warangal,Furniture,Sofas,Recliner Sofa,2,23122.0,0,46244.0,7842.85
5669,2023-09-04,East,West Bengal,Siliguri,Office Supplies,Printers,HP Inkjet Printer,1,8252.1,10,8252.1,676.11
5670,2022-07-24,East,Odisha,Cuttack,Furniture,Storage,Bookshelf,5,39765.6,10,198828.0,33127.08
5671,2023-12-04,East,Bihar,Patna,Furniture,Chairs,Gaming Chair,4,21156.3,10,84625.2,11283.56
5672,2023-06-02,South,Tamil Nadu,Madurai,Office Supplies,Printers,HP Inkjet Printer,2,2199.25,5,4398.5,1124.21
5673,2022-10-08,South,Telangana,Hyderabad,Clothing,Footwear,Running Shoes,6,966.0,30,5796.0,958.37
5674,2024-12-29,East,West Bengal,Siliguri,Furniture,Storage,Wardrobe 4-Door,1,12105.0,0,12105.0,690.16
5675,2024-12-09,South,Tamil Nadu,Madurai,Clothing,Womenswear,Ethnic Set,3,3800.0,20,11400.0,1072.62
5676,2024-09-18,East,Bihar,Patna,Electronics,Televisions,"Samsung 50"" Crystal",3,69775.0,0,209325.0,28023.2
5677,2023-04-03,South,Tamil Nadu,Madurai,Office Supplies,Stationery,Notebook Bundle,2,4374.0,40,8748.0,2427.93
5678,2024-12-06,South,Tamil Nadu,Coimbatore,Office Supplies,Printers,HP Inkjet Printer,6,7953.0,25,47718.0,11827.73
5679,2022-02-19,South,Andhra Pradesh,Visakhapatnam,Furniture,Tables,Coffee Table,2,17416.0,20,34832.0,8800.08
5680,2022-09-15,South,Telangana,Karimnagar,Furniture,Sofas,Recliner Sofa,2,17927.1,10,35854.2,5353.71
5681,2023-11-02,East,Assam,Guwahati,Furniture,Sofas,Recliner Sofa,1,4721.75,15,4721.75,1278.64
5682,2023-07-11,East,Bihar,Gaya,Clothing,Menswear,Jeans,5,3790.8,10,18954.0,3055.77
5683,2024-08-29,North,Uttar Pradesh,Varanasi,Furniture,Tables,Coffee Table,2,10705.75,15,21411.5,4811.68
5684,2024-04-01,South,Tamil Nadu,Chennai,Clothing,Womenswear,Saree,1,1668.0,0,1668.0,444.09
5685,2024-06-10,North,Rajasthan,Jodhpur,Clothing,Menswear,Casual T-Shirt,6,1210.5,10,7263.0,703.68
5686,2023-08-22,North,Haryana,Gurugram,Clothing,Footwear,Running Shoes,4,1892.1,30,7568.4,744.49
5687,2023-05-30,South,Karnataka,Mysuru,Office Supplies,Ink & Toner,Canon Toner,1,2882.25,25,2882.25,664.33
5688,2022-12-13,East,Bihar,Gaya,Clothing,Footwear,Sandals,1,2266.5,25,2266.5,547.02
5689,2022-02-17,East,West Bengal,Howrah,Office Supplies,Printers,HP Inkjet Printer,2,7556.3,5,15112.6,1456.65
5690,2022-04-05,East,Assam,Dibrugarh,Clothing,Footwear,Formal Shoes,4,819.0,10,3276.0,389.42
5691,2023-08-30,East,Assam,Dibrugarh,Furniture,Tables,Coffee Table,6,22298.25,25,133789.5,23601.86
5692,2024-05-25,South,Karnataka,Mysuru,Clothing,Womenswear,Ethnic Set,4,3105.0,0,12420.0,1751.89
5693,2022-12-08,South,Kerala,Kozhikode,Electronics,Mobile Phones,iPhone 14,6,34141.2,40,204847.2,28760.42
5694,2022-09-12,East,Odisha,Cuttack,Electronics,Accessories,Power Bank,4,48684.3,30,194737.2,10348.1
5695,2023-11-27,South,Telangana,Karimnagar,Clothing,Footwear,Formal Shoes,6,1022.4,10,6134.4,1595.98
5696,2023-04-13,South,Telangana,Karimnagar,Clothing,Footwear,Formal Shoes,1,379.0,0,379.0,25.4
5697,2022-02-19,East,Odisha,Cuttack,Office Supplies,Stationery,Notebook Bundle,2,7755.0,0,15510.0,1187.88
5698,2023-12-02,West,Madhya Pradesh,Indore,Office Supplies,Stationery,A4 Paper Ream,5,1108.65,5,5543.25,393.28
5699,2023-06-26,East,Assam,Dibrugarh,Clothing,Footwear,Formal Shoes,6,2748.0,20,16488.0,1922.81
5700,2023-02-17,North,Punjab,Chandigarh,Furniture,Sofas,3-Seater Fabric Sofa,4,28530.0,10,114120.0,7969.38
5701,2024-08-19,North,Haryana,Gurugram,Furniture,Storage,Bookshelf,1,17427.75,25,17427.75,4041.26
5702,2024-01-27,South,Telangana,Warangal,Furniture,Sofas,Recliner Sofa,5,24696.0,0,123480.0,10561.35
5703,2024-12-22,West,Goa,Margao,Clothing,Womenswear,Kurti,1,3552.0,25,3552.0,213.0
5704,2024-11-28,East,West Bengal,Kolkata,Office Supplies,Stationery,A4 Paper Ream,4,7011.0,0,28044.0,1989.5
5705,2024-12-21,South,Karnataka,Bengaluru,Office Supplies,Ink & Toner,HP Ink Cartridge,4,5504.0,0,22016.0,3677.24
5706,2024-04-15,West,Maharashtra,Nashik,Furniture,Chairs,Ergonomic Office Chair,5,16180.8,20,80904.0,15589.53
5707,2024-01-07,North,Uttar Pradesh,Kanpur,Electronics,Laptops,Lenovo IdeaPad,4,43705.9,30,174823.6,18330.32
5708,2023-01-24,North,Haryana,Gurugram,Office Supplies,Stationery,Gel Pen Pack,5,1064.4,40,5322.0,1395.7
5709,2024-08-06,West,Madhya Pradesh,Bhopal,Clothing,Footwear,Formal Shoes,6,2575.2,20,15451.2,2671.84
5710,2024-11-26,East,Assam,Dibrugarh,Furniture,Sofas,L-Shaped Sofa,2,29961.6,20,59923.2,13316.79
5711,2024-12-03,South,Karnataka,Bengaluru,Electronics,Accessories,Smart Watch,6,54312.45,5,325874.7,13197.5
5712,2022-04-14,North,Haryana,Faridabad,Clothing,Footwear,Sandals,1,3166.35,5,3166.35,687.27
5713,2024-07-05,North,Punjab,Ludhiana,Electronics,Televisions,"Samsung 50"" Crystal",6,57589.2,15,345535.2,55183.94
5714,2024-08-23,North,Punjab,Chandigarh,Electronics,Mobile Phones,iPhone 14,4,9525.0,40,38100.0,2028.83
5715,2023-01-06,North,Punjab,Ludhiana,Furniture,Storage,TV Unit,3,4594.5,25,13783.5,1367.69
5716,2022-05-23,North,Delhi,New Delhi,Clothing,Menswear,Jeans,1,3825.9,10,3825.9,779.91
5717,2022-07-15,North,Rajasthan,Udaipur,Furniture,Storage,Wardrobe 4-Door,2,2821.7,30,5643.4,794.91
5718,2023-10-18,North,Uttar Pradesh,Kanpur,Clothing,Womenswear,Saree,3,2982.4,20,8947.2,2133.73
5719,2024-07-07,East,Assam,Guwahati,Furniture,Sofas,3-Seater Fabric Sofa,2,2706.75,25,5413.5,339.31
5720,2024-04-19,North,Delhi,Dwarka,Electronics,Televisions,"Samsung 50"" Crystal",2,36562.5,10,73125.0,7489.62
5721,2023-06-11,West,Madhya Pradesh,Bhopal,Electronics,Accessories,Smart Watch,2,50101.1,5,100202.2,6886.73
5722,2024-02-23,South,Telangana,Hyderabad,Furniture,Tables,Coffee Table,6,40969.0,0,245814.0,25849.56
5723,2024-03-12,North,Rajasthan,Jaipur,Electronics,Accessories,Smart Watch,2,49367.7,5,98735.4,13215.39
5724,2024-05-17,South,Andhra Pradesh,Visakhapatnam,Electronics,Accessories,Smart Watch,6,52910.1,10,317460.6,45177.34
5725,2024-03-04,South,Telangana,Warangal,Clothing,Footwear,Sandals,1,2885.75,15,2885.75,406.8
5726,2022-10-24,East,Bihar,Gaya,Furniture,Storage,Bookshelf,2,16034.9,30,32069.8,5634.28
5727,2024-06-19,East,Bihar,Patna,Clothing,Womenswear,Ethnic Set,6,2567.85,5,15407.1,1132.56
5728,2024-11-11,North,Delhi,Dwarka,Furniture,Tables,Office Desk,4,18065.2,5,72260.8,14912.53
5729,2022-03-01,East,West Bengal,Howrah,Furniture,Chairs,Ergonomic Office Chair,4,22596.7,5,90386.8,17435.17
5730,2022-01-16,South,Telangana,Warangal,Electronics,Mobile Phones,Samsung Galaxy A54,3,64994.0,0,194982.0,3958.8
5731,2022-02-17,West,Maharashtra,Mumbai,Clothing,Menswear,Sherwani,3,866.4,20,2599.2,669.78
5732,2023-12-20,South,Karnataka,Hubballi,Furniture,Chairs,Gaming Chair,1,21355.8,40,21355.8,3503.58
5733,2023-01-15,East,Bihar,Patna,Office Supplies,Ink & Toner,HP Ink Cartridge,5,6564.8,20,32824.0,9126.88
5734,2022-07-03,West,Madhya Pradesh,Bhopal,Clothing,Menswear,Formal Shirt,4,3389.4,30,13557.6,2272.68
5735,2024-09-17,West,Maharashtra,Nashik,Furniture,Storage,Wardrobe 4-Door,6,11165.35,5,66992.1,16852.1
5736,2024-10-25,North,Uttar Pradesh,Lucknow,Office Supplies,Stationery,Notebook Bundle,6,5873.0,0,35238.0,1855.78
5737,2024-11-24,West,Gujarat,Vadodara,Clothing,Footwear,Sandals,5,4465.95,5,22329.75,5662.63
5738,2023-04-30,East,West Bengal,Siliguri,Clothing,Footwear,Sandals,6,663.2,20,3979.2,260.62
5739,2022-08-30,South,Tamil Nadu,Madurai,Electronics,Televisions,"Samsung 50"" Crystal",2,44566.5,25,89133.0,5133.66
5740,2022-10-14,North,Uttar Pradesh,Varanasi,Office Supplies,Printers,Canon Laser Printer,1,8508.6,10,8508.6,1587.68
5741,2022-06-20,South,Karnataka,Hubballi,Office Supplies,Ink & Toner,Canon Toner,6,3302.0,0,19812.0,2164.76
5742,2022-05-28,North,Delhi,New Delhi,Furniture,Sofas,Recliner Sofa,5,24935.4,10,124677.0,29914.78
5743,2024-09-23,South,Tamil Nadu,Coimbatore,Office Supplies,Stationery,Gel Pen Pack,3,7110.0,0,21330.0,5962.63
5744,2022-04-16,West,Goa,Margao,Electronics,Laptops,HP Pavilion,4,18456.2,30,73824.8,7895.49
5745,2022-06-04,East,Assam,Dibrugarh,Clothing,Menswear,Casual T-Shirt,5,2163.0,25,10815.0,1287.12
5746,2023-03-25,East,Bihar,Patna,Furniture,Chairs,Gaming Chair,5,16576.0,0,82880.0,13715.55
5747,2022-08-17,West,Madhya Pradesh,Bhopal,Office Supplies,Printers,HP Inkjet Printer,5,8595.2,20,42976.0,7280.35
5748,2024-08-25,East,Assam,Dibrugarh,Electronics,Laptops,Dell Inspiron 15,3,33383.25,25,100149.75,11191.77
5749,2022-11-06,East,West Bengal,Howrah,Furniture,Chairs,Wooden Dining Chair,5,15351.75,25,76758.75,6224.17
5750,2023-12-28,East,Assam,Dibrugarh,Office Supplies,Stationery,A4 Paper Ream,5,8865.9,10,44329.5,9532.7
5751,2023-03-06,East,West Bengal,Kolkata,Office Supplies,Printers,Canon Laser Printer,1,7159.5,25,7159.5,1442.01
5752,2022-06-04,West,Goa,Margao,Clothing,Menswear,Casual T-Shirt,1,658.0,30,658.0,75.5
5753,2022-10-19,West,Maharashtra,Nagpur,Furniture,Chairs,Ergonomic Office Chair,5,11538.4,20,57692.0,10673.51
5754,2024-09-21,South,Karnataka,Mysuru,Furniture,Sofas,Recliner Sofa,4,23849.75,5,95399.0,19194.41
5755,2022-06-06,West,Gujarat,Vadodara,Office Supplies,Printers,HP Inkjet Printer,2,1789.0,0,3578.0,470.43
5756,2022-04-15,East,Assam,Guwahati,Electronics,Laptops,Asus Vivobook,6,22443.3,10,134659.8,7077.47
5757,2024-07-15,North,Punjab,Chandigarh,Furniture,Tables,Coffee Table,2,3000.2,30,6000.4,928.97
5758,2022-12-20,West,Maharashtra,Nashik,Clothing,Footwear,Formal Shoes,5,1492.0,0,7460.0,851.52
5759,2022-07-07,East,Assam,Guwahati,Electronics,Televisions,"LG 55"" UHD",3,27054.9,10,81164.7,7057.0
5760,2024-08-21,North,Punjab,Ludhiana,Electronics,Accessories,Wireless Earbuds,6,40677.7,30,244066.2,5156.28
5761,2024-01-28,East,Bihar,Gaya,Electronics,Accessories,Bluetooth Speaker,5,69105.0,0,345525.0,30272.22
5762,2023-03-19,West,Goa,Margao,Furniture,Tables,Dining Table 6-Seater,5,44774.0,0,223870.0,39442.65
5763,2022-10-20,South,Kerala,Thiruvananthapuram,Electronics,Laptops,HP Pavilion,3,63821.7,10,191465.1,14122.33
5764,2023-04-20,West,Goa,Margao,Electronics,Televisions,"LG 55"" UHD",6,18329.4,10,109976.4,12827.97
5765,2022-07-22,East,Assam,Dibrugarh,Clothing,Womenswear,Saree,2,1586.9,30,3173.8,535.11
5766,2022-12-05,South,Tamil Nadu,Madurai,Clothing,Womenswear,Ethnic Set,4,2667.6,5,10670.4,1954.56
5767,2024-11-01,South,Tamil Nadu,Coimbatore,Electronics,Laptops,HP Pavilion,4,15761.6,20,63046.4,8183.62
5768,2022-10-17,South,Karnataka,Mysuru,Clothing,Menswear,Jeans,1,1604.55,5,1604.55,278.24
5769,2023-01-23,West,Maharashtra,Nagpur,Furniture,Storage,TV Unit,6,8321.5,15,49929.0,10529.45
5770,2024-10-29,North,Delhi,New Delhi,Furniture,Sofas,L-Shaped Sofa,6,9652.0,0,57912.0,10479.54
5771,2024-04-21,West,Gujarat,Ahmedabad,Electronics,Accessories,Smart Watch,3,70205.0,0,210615.0,16296.75
5772,2024-08-22,North,Rajasthan,Jaipur,Electronics,Televisions,"Samsung 50"" Crystal",3,45785.25,5,137355.75,15881.8
5773,2023-12-10,South,Karnataka,Bengaluru,Clothing,Menswear,Sherwani,3,2590.2,10,7770.6,1506.94
5774,2022-07-17,East,Odisha,Cuttack,Furniture,Tables,Office Desk,2,21556.0,0,43112.0,7503.88
5775,2023-07-12,East,Odisha,Bhubaneswar,Clothing,Womenswear,Saree,1,2546.25,25,2546.25,624.08
5776,2022-01-27,West,Madhya Pradesh,Bhopal,Clothing,Footwear,Sandals,6,3947.2,20,23683.2,1312.07
5777,2022-06-29,South,Kerala,Thiruvananthapuram,Clothing,Womenswear,Dress,6,2474.4,20,14846.4,1336.93
5778,2022-09-13,North,Rajasthan,Udaipur,Electronics,Accessories,Smart Watch,4,15072.4,30,60289.6,2784.79
5779,2022-05-03,South,Andhra Pradesh,Tirupati,Office Supplies,Stationery,Gel Pen Pack,6,2524.0,0,15144.0,2344.45
5780,2022-01-19,East,Assam,Dibrugarh,Electronics,Laptops,Dell Inspiron 15,6,11757.2,30,70543.2,10838.75
5781,2023-07-11,East,Odisha,Bhubaneswar,Clothing,Menswear,Formal Shirt,2,3244.45,15,6488.9,1006.91
5782,2024-08-11,East,West Bengal,Siliguri,Office Supplies,Ink & Toner,HP Ink Cartridge,6,5738.4,10,34430.4,5754.93
5783,2022-11-20,East,West Bengal,Siliguri,Office Supplies,Printers,HP Inkjet Printer,5,11262.0,0,56310.0,14195.5
5784,2023-07-25,South,Karnataka,Mysuru,Electronics,Accessories,Wireless Earbuds,2,35267.8,5,70535.6,6532.83
5785,2022-12-09,South,Andhra Pradesh,Visakhapatnam,Office Supplies,Printers,HP Inkjet Printer,6,6534.0,10,39204.0,6813.31
5786,2024-05-14,West,Maharashtra,Nashik,Office Supplies,Stationery,Gel Pen Pack,4,3090.0,25,12360.0,1475.66
5787,2022-06-25,North,Rajasthan,Jodhpur,Office Supplies,Stationery,Gel Pen Pack,2,9351.9,10,18703.8,4488.35
5788,2023-08-24,East,West Bengal,Howrah,Electronics,Mobile Phones,Redmi Note 13,4,13385.7,10,53542.8,6483.18
5789,2022-05-12,South,Karnataka,Bengaluru,Clothing,Womenswear,Dress,3,1365.0,40,4095.0,1014.28
5790,2022-09-24,West,Gujarat,Surat,Clothing,Womenswear,Dress,4,677.0,0,2708.0,736.08
5791,2022-11-05,East,Assam,Dibrugarh,Office Supplies,Printers,Canon Laser Printer,2,1268.4,40,2536.8,244.03
5792,2024-05-02,South,Tamil Nadu,Chennai,Furniture,Storage,Bookshelf,1,23218.0,5,23218.0,4103.64
5793,2022-07-30,West,Goa,Panaji,Office Supplies,Printers,Canon Laser Printer,3,9994.95,5,29984.85,3418.72
5794,2024-06-15,North,Rajasthan,Udaipur,Clothing,Footwear,Sandals,5,1794.1,30,8970.5,754.21
5795,2022-12-10,East,Odisha,Cuttack,Clothing,Footwear,Formal Shoes,6,3669.0,0,22014.0,1711.73
5796,2022-06-25,West,Madhya Pradesh,Bhopal,Electronics,Mobile Phones,iPhone 14,1,27422.5,30,27422.5,943.57
5797,2022-04-15,South,Karnataka,Mysuru,Clothing,Womenswear,Saree,6,395.0,0,2370.0,411.52
5798,2023-03-14,South,Tamil Nadu,Chennai,Furniture,Storage,TV Unit,2,30649.0,0,61298.0,11570.61
5799,2024-10-19,East,Odisha,Bhubaneswar,Electronics,Televisions,"Sony Bravia 43""",6,7538.65,15,45231.9,1483.0
5800,2022-03-27,East,Odisha,Bhubaneswar,Office Supplies,Stationery,Gel Pen Pack,4,8661.5,15,34646.0,5785.1
5801,2022-06-14,South,Telangana,Hyderabad,Electronics,Accessories,Bluetooth Speaker,6,39071.9,30,234431.4,19494.29
5802,2024-12-19,South,Karnataka,Bengaluru,Office Supplies,Stationery,A4 Paper Ream,2,9923.4,10,19846.8,3942.35
5803,2023-06-12,North,Uttar Pradesh,Lucknow,Furniture,Chairs,Ergonomic Office Chair,1,22225.5,10,22225.5,4650.64
5804,2023-03-23,South,Telangana,Hyderabad,Furniture,Storage,Bookshelf,6,17755.2,10,106531.2,12630.73
5805,2023-04-16,South,Andhra Pradesh,Vijayawada,Clothing,Footwear,Sandals,5,2947.2,20,14736.0,2365.31
5806,2023-09-17,North,Haryana,Gurugram,Furniture,Chairs,Wooden Dining Chair,4,17359.0,0,69436.0,14313.44
5807,2024-11-05,South,Telangana,Hyderabad,Clothing,Menswear,Jeans,4,2922.0,0,11688.0,1717.72
5808,2023-10-03,North,Haryana,Gurugram,Electronics,Televisions,"Sony Bravia 43""",6,53046.0,25,318276.0,34222.72
5809,2023-04-27,North,Haryana,Gurugram,Electronics,Laptops,Lenovo IdeaPad,6,18352.5,25,110115.0,15084.33
5810,2024-07-11,East,West Bengal,Kolkata,Furniture,Chairs,Wooden Dining Chair,1,35274.15,15,35274.15,2423.29
5811,2022-05-23,North,Rajasthan,Jaipur,Office Supplies,Stationery,Notebook Bundle,5,4898.6,30,24493.0,4425.84
5812,2023-12-28,South,Tamil Nadu,Chennai,Furniture,Sofas,3-Seater Fabric Sofa,2,37765.35,5,75530.7,16286.21
5813,2022-08-08,West,Gujarat,Ahmedabad,Furniture,Sofas,3-Seater Fabric Sofa,2,6315.3,10,12630.6,2757.98
5814,2022-12-06,East,West Bengal,Kolkata,Electronics,Laptops,HP Pavilion,6,6171.0,25,37026.0,4070.14
5815,2022-02-24,East,Bihar,Patna,Electronics,Mobile Phones,Redmi Note 13,3,54818.0,0,164454.0,15064.3
5816,2024-06-04,North,Uttar Pradesh,Lucknow,Office Supplies,Stationery,Notebook Bundle,4,3540.6,10,14162.4,730.9
5817,2024-05-09,East,Assam,Guwahati,Electronics,Mobile Phones,OnePlus 12R,4,36157.0,5,144628.0,12164.09
5818,2023-05-16,East,Assam,Dibrugarh,Electronics,Laptops,Dell Inspiron 15,3,23095.35,15,69286.05,8909.27
5819,2023-09-28,West,Gujarat,Ahmedabad,Office Supplies,Stationery,A4 Paper Ream,2,3124.2,40,6248.4,841.19
5820,2024-08-04,West,Gujarat,Vadodara,Office Supplies,Stationery,Notebook Bundle,6,4825.1,30,28950.6,1501.48
5821,2023-11-19,North,Delhi,New Delhi,Office Supplies,Ink & Toner,HP Ink Cartridge,4,11618.0,0,46472.0,11527.74
5822,2024-01-24,East,Bihar,Gaya,Electronics,Laptops,HP Pavilion,1,68714.0,0,68714.0,8360.97
5823,2024-11-24,North,Haryana,Faridabad,Electronics,Laptops,Dell Inspiron 15,4,12531.6,10,50126.4,3406.13
5824,2024-03-08,East,Odisha,Bhubaneswar,Office Supplies,Ink & Toner,Canon Toner,4,4492.0,20,17968.0,1401.13
5825,2024-10-02,North,Uttar Pradesh,Varanasi,Office Supplies,Stationery,Gel Pen Pack,2,10288.8,10,20577.6,3184.05
5826,2023-01-16,West,Goa,Margao,Clothing,Menswear,Sherwani,2,567.2,20,1134.4,241.02
5827,2024-10-17,South,Tamil Nadu,Madurai,Clothing,Womenswear,Kurti,5,469.3,5,2346.5,460.44
5828,2022-04-22,East,West Bengal,Kolkata,Electronics,Televisions,"LG 55"" UHD",5,12704.1,15,63520.5,7257.31
5829,2024-11-07,South,Andhra Pradesh,Vijayawada,Office Supplies,Ink & Toner,Canon Toner,5,10259.1,10,51295.5,3434.32
5830,2022-05-20,North,Uttar Pradesh,Noida,Electronics,Televisions,"Samsung 50"" Crystal",1,30542.25,25,30542.25,3654.89
5831,2023-10-03,South,Kerala,Thiruvananthapuram,Clothing,Womenswear,Saree,2,2829.0,25,5658.0,818.98
5832,2024-03-24,East,Bihar,Gaya,Clothing,Menswear,Formal Shirt,5,4499.0,0,22495.0,3867.73
5833,2024-06-27,East,Odisha,Bhubaneswar,Clothing,Footwear,Sandals,4,2717.25,25,10869.0,2346.74
5834,2024-11-28,East,West Bengal,Howrah,Furniture,Storage,Bookshelf,1,27243.15,5,27243.15,7299.02
5835,2022-03-01,West,Madhya Pradesh,Indore,Office Supplies,Stationery,Notebook Bundle,2,5489.1,5,10978.2,1155.25
5836,2022-05-30,South,Karnataka,Bengaluru,Electronics,Accessories,Smart Watch,3,37307.7,10,111923.1,5671.77
5837,2023-03-23,North,Haryana,Gurugram,Electronics,Televisions,"Samsung 50"" Crystal",5,24639.0,0,123195.0,5797.52
5838,2022-06-03,West,Gujarat,Vadodara,Furniture,Chairs,Wooden Dining Chair,3,35047.4,5,105142.2,15958.5
5839,2024-05-08,East,West Bengal,Howrah,Clothing,Womenswear,Dress,2,843.75,25,1687.5,427.48
5840,2022-04-06,North,Haryana,Gurugram,Furniture,Tables,Coffee Table,1,32955.0,0,32955.0,8912.56
5841,2022-08-04,South,Karnataka,Bengaluru,Office Supplies,Printers,Canon Laser Printer,1,2759.0,0,2759.0,443.43
5842,2022-03-19,West,Maharashtra,Pune,Clothing,Menswear,Casual T-Shirt,2,1209.0,0,2418.0,542.12
5843,2024-09-30,East,Odisha,Cuttack,Clothing,Footwear,Running Shoes,3,3359.3,30,10077.9,2712.73
5844,2023-11-24,West,Goa,Margao,Clothing,Menswear,Sherwani,2,3821.4,10,7642.8,1445.15
5845,2022-05-18,East,West Bengal,Kolkata,Furniture,Storage,Wardrobe 4-Door,3,13972.5,10,41917.5,11251.17
5846,2024-09-28,East,Bihar,Gaya,Office Supplies,Printers,HP Inkjet Printer,5,5778.0,40,28890.0,6185.88
5847,2022-02-07,North,Uttar Pradesh,Noida,Electronics,Televisions,"Sony Bravia 43""",5,41516.0,20,207580.0,16911.97
5848,2024-05-27,South,Kerala,Kochi,Electronics,Accessories,Power Bank,4,51035.2,20,204140.8,20826.84
5849,2022-11-11,South,Karnataka,Mysuru,Furniture,Storage,Wardrobe 4-Door,3,14980.7,30,44942.1,11150.12
5850,2023-11-22,West,Goa,Margao,Office Supplies,Stationery,A4 Paper Ream,5,8111.7,10,40558.5,9264.72
5851,2023-12-21,East,Odisha,Cuttack,Furniture,Tables,Office Desk,1,5736.0,40,5736.0,1079.2
5852,2022-04-02,North,Rajasthan,Udaipur,Electronics,Mobile Phones,Samsung Galaxy A54,4,21765.0,40,87060.0,9448.12
5853,2023-12-22,East,West Bengal,Howrah,Electronics,Accessories,Power Bank,5,41566.8,40,207834.0,5884.58
5854,2023-04-07,South,Andhra Pradesh,Visakhapatnam,Electronics,Mobile Phones,Samsung Galaxy A54,1,26728.8,40,26728.8,1050.56
5855,2024-11-13,West,Madhya Pradesh,Indore,Furniture,Storage,Bookshelf,4,44209.0,0,176836.0,33782.09
5856,2022-03-14,North,Rajasthan,Udaipur,Furniture,Tables,Office Desk,2,13476.6,10,26953.2,4189.01
5857,2023-10-30,North,Punjab,Amritsar,Electronics,Accessories,Smart Watch,6,34682.9,30,208097.4,29024.81
5858,2024-06-28,East,Assam,Dibrugarh,Clothing,Womenswear,Ethnic Set,4,4112.0,0,16448.0,1540.04
5859,2024-10-26,East,Odisha,Bhubaneswar,Electronics,Televisions,"Samsung 50"" Crystal",4,28705.6,20,114822.4,10464.63
5860,2024-02-09,West,Gujarat,Surat,Clothing,Footwear,Running Shoes,4,3654.15,15,14616.6,758.47
5861,2023-03-22,West,Maharashtra,Nagpur,Furniture,Sofas,3-Seater Fabric Sofa,3,7595.0,0,22785.0,5080.69
5862,2024-12-27,North,Haryana,Faridabad,Office Supplies,Stationery,Gel Pen Pack,3,3496.5,25,10489.5,2807.95
5863,2023-09-10,East,Assam,Guwahati,Electronics,Laptops,HP Pavilion,3,56500.0,20,169500.0,17542.24
5864,2024-01-20,East,Odisha,Cuttack,Electronics,Accessories,Smart Watch,3,10795.0,0,32385.0,3433.24
5865,2023-10-03,South,Kerala,Kozhikode,Office Supplies,Stationery,Notebook Bundle,2,5472.9,10,10945.8,2628.77
5866,2023-10-01,West,Goa,Panaji,Furniture,Tables,Office Desk,4,8631.7,30,34526.8,3000.54
5867,2022-04-11,East,Bihar,Patna,Electronics,Mobile Phones,Samsung Galaxy A54,6,67915.0,0,407490.0,19689.5
5868,2024-08-03,West,Goa,Panaji,Office Supplies,Ink & Toner,HP Ink Cartridge,2,381.65,15,763.3,146.04
5869,2024-10-29,West,Goa,Margao,Furniture,Tables,Office Desk,4,14026.0,0,56104.0,9819.28
5870,2023-12-28,East,Odisha,Cuttack,Electronics,Accessories,Smart Watch,3,29229.6,20,87688.8,9145.13
5871,2022-09-07,North,Delhi,Dwarka,Electronics,Laptops,Asus Vivobook,6,43013.4,40,258080.4,33416.08
5872,2024-08-29,North,Delhi,New Delhi,Office Supplies,Ink & Toner,HP Ink Cartridge,4,5473.3,30,21893.2,5085.13
5873,2022-07-10,West,Goa,Margao,Electronics,Accessories,Smart Watch,5,21211.0,0,106055.0,10572.55
5874,2022-12-10,West,Madhya Pradesh,Indore,Office Supplies,Printers,HP Inkjet Printer,1,3086.0,0,3086.0,833.23
5875,2023-12-10,West,Gujarat,Ahmedabad,Office Supplies,Stationery,A4 Paper Ream,4,9048.0,0,36192.0,8636.06
5876,2023-04-14,South,Kerala,Kozhikode,Clothing,Womenswear,Dress,1,738.0,10,738.0,104.92
5877,2023-06-17,South,Kerala,Kozhikode,Furniture,Tables,Dining Table 6-Seater,1,6285.75,15,6285.75,1557.37
5878,2022-06-13,South,Tamil Nadu,Coimbatore,Clothing,Footwear,Formal Shoes,1,509.0,0,509.0,126.25
5879,2024-03-30,West,Maharashtra,Mumbai,Clothing,Womenswear,Dress,5,1791.3,30,8956.5,1776.48
5880,2022-12-31,North,Punjab,Chandigarh,Office Supplies,Ink & Toner,Canon Toner,4,8376.8,20,33507.2,5013.64
5881,2024-01-05,East,Bihar,Patna,Clothing,Menswear,Jeans,1,4155.3,5,4155.3,340.83
5882,2022-06-25,East,West Bengal,Kolkata,Clothing,Menswear,Casual T-Shirt,6,661.6,20,3969.6,753.86
5883,2024-04-22,East,West Bengal,Kolkata,Office Supplies,Stationery,Notebook Bundle,6,6740.5,15,40443.0,4112.67
5884,2023-10-13,North,Punjab,Amritsar,Office Supplies,Stationery,Notebook Bundle,2,1536.8,15,3073.6,349.79
5885,2022-02-18,South,Kerala,Kozhikode,Office Supplies,Stationery,Notebook Bundle,4,10535.0,0,42140.0,6460.91
5886,2023-12-26,North,Uttar Pradesh,Kanpur,Electronics,Laptops,Dell Inspiron 15,4,29105.1,10,116420.4,15134.6
5887,2024-11-10,North,Rajasthan,Jaipur,Furniture,Chairs,Wooden Dining Chair,4,29061.9,10,116247.6,9684.2
5888,2024-02-11,South,Telangana,Karimnagar,Furniture,Sofas,3-Seater Fabric Sofa,5,14345.0,0,71725.0,14671.55
5889,2023-10-16,South,Kerala,Kozhikode,Clothing,Menswear,Casual T-Shirt,2,3248.25,25,6496.5,349.55
5890,2022-02-11,West,Madhya Pradesh,Indore,Electronics,Accessories,Bluetooth Speaker,3,25915.0,0,77745.0,5902.23
5891,2022-07-30,West,Madhya Pradesh,Bhopal,Office Supplies,Stationery,Notebook Bundle,5,3262.2,40,16311.0,999.72
5892,2023-10-22,East,Odisha,Bhubaneswar,Office Supplies,Stationery,Notebook Bundle,5,5193.6,20,25968.0,1739.21
5893,2022-01-28,South,Andhra Pradesh,Tirupati,Electronics,Mobile Phones,Redmi Note 13,1,26283.2,20,26283.2,3838.75
5894,2023-10-12,East,Odisha,Cuttack,Furniture,Chairs,Wooden Dining Chair,3,21030.4,20,63091.2,17423.11
5895,2023-09-20,South,Karnataka,Mysuru,Furniture,Storage,Bookshelf,3,16202.2,30,48606.6,2665.65
5896,2023-08-29,South,Telangana,Hyderabad,Furniture,Storage,TV Unit,2,3417.3,10,6834.6,847.98
5897,2023-05-11,North,Rajasthan,Jaipur,Office Supplies,Stationery,Notebook Bundle,1,4881.6,40,4881.6,612.38
5898,2024-11-12,South,Tamil Nadu,Chennai,Office Supplies,Printers,Canon Laser Printer,1,11875.0,0,11875.0,2366.75
5899,2022-07-18,North,Punjab,Amritsar,Electronics,Accessories,Power Bank,2,14911.0,0,29822.0,2104.54
5900,2024-04-25,East,Odisha,Bhubaneswar,Clothing,Womenswear,Saree,4,3335.0,0,13340.0,2212.97
5901,2023-01-22,North,Rajasthan,Jodhpur,Office Supplies,Stationery,Gel Pen Pack,2,4466.25,25,8932.5,1181.6
5902,2022-05-29,East,Odisha,Bhubaneswar,Furniture,Sofas,Recliner Sofa,5,8205.6,40,41028.0,11200.71
5903,2022-06-23,South,Andhra Pradesh,Visakhapatnam,Clothing,Womenswear,Kurti,4,3824.15,15,15296.6,4123.17
5904,2024-06-13,South,Tamil Nadu,Coimbatore,Office Supplies,Ink & Toner,Canon Toner,3,4752.0,25,14256.0,1650.45
5905,2024-12-17,South,Telangana,Hyderabad,Electronics,Mobile Phones,Samsung Galaxy A54,2,50382.9,10,100765.8,6485.38
5906,2023-01-23,East,Bihar,Patna,Clothing,Menswear,Casual T-Shirt,6,531.0,10,3186.0,475.4
5907,2024-02-01,West,Maharashtra,Nagpur,Office Supplies,Printers,Canon Laser Printer,3,750.6,40,2251.8,141.67
5908,2024-05-14,North,Rajasthan,Jodhpur,Clothing,Menswear,Jeans,4,516.0,0,2064.0,387.58
5909,2022-09-06,South,Telangana,Hyderabad,Furniture,Storage,TV Unit,4,24710.45,5,98841.8,12833.94
5910,2022-06-22,East,Bihar,Patna,Furniture,Tables,Dining Table 6-Seater,5,32619.6,10,163098.0,14581.62
5911,2024-09-15,South,Telangana,Warangal,Electronics,Televisions,"Sony Bravia 43""",6,18224.1,10,109344.6,5690.66
5912,2024-04-03,East,Bihar,Patna,Clothing,Menswear,Formal Shirt,4,3339.2,20,13356.8,1560.72
5913,2024-11-07,East,Bihar,Patna,Furniture,Storage,Wardrobe 4-Door,4,28785.75,25,115143.0,24343.8
5914,2023-08-04,South,Andhra Pradesh,Visakhapatnam,Electronics,Televisions,"Sony Bravia 43""",1,26085.0,0,26085.0,3974.98
5915,2024-09-30,South,Karnataka,Hubballi,Clothing,Footwear,Sandals,6,1890.7,30,11344.2,695.82
5916,2022-10-05,East,West Bengal,Kolkata,Electronics,Televisions,"Sony Bravia 43""",5,57049.6,20,285248.0,32817.04
5917,2022-09-13,West,Maharashtra,Mumbai,Clothing,Womenswear,Kurti,5,3838.5,10,19192.5,1252.29
5918,2024-04-04,South,Tamil Nadu,Coimbatore,Office Supplies,Ink & Toner,Canon Toner,6,9951.3,10,59707.8,7671.56
5919,2024-11-04,West,Goa,Panaji,Clothing,Footwear,Sandals,3,3115.25,15,9345.75,2368.51
5920,2024-10-07,East,Assam,Guwahati,Electronics,Accessories,Bluetooth Speaker,2,34594.0,30,69188.0,10996.69
5921,2023-01-09,North,Punjab,Amritsar,Electronics,Televisions,"Samsung 50"" Crystal",3,9460.5,15,28381.5,4398.48
5922,2024-12-15,East,Assam,Dibrugarh,Electronics,Mobile Phones,iPhone 14,3,45885.6,20,137656.8,20426.88
5923,2023-04-29,West,Gujarat,Ahmedabad,Office Supplies,Ink & Toner,HP Ink Cartridge,5,398.05,5,1990.25,259.38
5924,2023-03-06,East,Odisha,Cuttack,Clothing,Menswear,Jeans,1,234.5,30,234.5,26.46
5925,2024-10-24,North,Punjab,Chandigarh,Office Supplies,Ink & Toner,Canon Toner,4,1209.35,5,4837.4,767.25
5926,2022-02-20,South,Kerala,Kochi,Clothing,Footwear,Sandals,3,3686.4,10,11059.2,3047.94
5927,2022-01-21,North,Uttar Pradesh,Varanasi,Furniture,Tables,Coffee Table,5,24739.2,10,123696.0,28994.92
5928,2024-11-22,South,Tamil Nadu,Coimbatore,Electronics,Televisions,"Samsung 50"" Crystal",5,19390.4,20,96952.0,3322.51
5929,2023-09-29,West,Maharashtra,Mumbai,Office Supplies,Stationery,Gel Pen Pack,2,3745.1,15,7490.2,1266.69
5930,2023-03-05,West,Madhya Pradesh,Indore,Clothing,Womenswear,Dress,2,2464.0,0,4928.0,839.49
5931,2024-08-18,East,Odisha,Bhubaneswar,Furniture,Storage,Bookshelf,6,20216.7,10,121300.2,28216.16
5932,2023-06-10,East,West Bengal,Howrah,Furniture,Storage,Wardrobe 4-Door,5,29242.8,10,146214.0,37104.58
5933,2022-11-27,East,Bihar,Patna,Electronics,Mobile Phones,Samsung Galaxy A54,6,13143.6,10,78861.6,8537.38
5934,2023-10-15,South,Telangana,Hyderabad,Office Supplies,Ink & Toner,Canon Toner,4,4201.0,0,16804.0,3741.13
5935,2023-06-01,East,West Bengal,Kolkata,Clothing,Womenswear,Kurti,4,1395.0,25,5580.0,357.88
5936,2022-09-10,North,Punjab,Chandigarh,Clothing,Footwear,Formal Shoes,1,3232.8,10,3232.8,481.17
5937,2022-04-24,West,Gujarat,Ahmedabad,Electronics,Laptops,Asus Vivobook,4,21862.8,10,87451.2,1887.23
5938,2024-10-09,South,Kerala,Kozhikode,Furniture,Sofas,L-Shaped Sofa,2,21293.0,0,42586.0,9414.4
5939,2022-05-02,East,Assam,Dibrugarh,Clothing,Womenswear,Dress,5,4475.7,10,22378.5,2389.53
5940,2023-09-24,South,Andhra Pradesh,Visakhapatnam,Furniture,Sofas,Recliner Sofa,5,26053.35,15,130266.75,12546.34
5941,2024-10-16,West,Goa,Margao,Furniture,Storage,Bookshelf,2,17277.65,5,34555.3,6065.05
5942,2023-05-08,North,Punjab,Chandigarh,Furniture,Storage,Bookshelf,2,36709.8,15,73419.6,11735.26
5943,2022-05-13,South,Telangana,Karimnagar,Office Supplies,Printers,HP Inkjet Printer,2,6562.0,0,13124.0,1792.08
5944,2023-03-22,West,Maharashtra,Mumbai,Clothing,Menswear,Jeans,3,3770.1,10,11310.3,1913.76
5945,2023-12-17,North,Haryana,Faridabad,Electronics,Televisions,"Sony Bravia 43""",5,15488.9,30,77444.5,5135.88
5946,2023-07-11,East,West Bengal,Siliguri,Furniture,Storage,Wardrobe 4-Door,1,23336.4,40,23336.4,5286.35
5947,2023-03-16,South,Tamil Nadu,Chennai,Clothing,Womenswear,Saree,2,3387.25,15,6774.5,451.49
5948,2023-05-06,East,Bihar,Gaya,Clothing,Footwear,Sandals,1,708.7,5,708.7,62.04
5949,2022-01-07,North,Uttar Pradesh,Lucknow,Office Supplies,Ink & Toner,Canon Toner,6,1085.4,10,6512.4,1275.63
5950,2024-09-27,South,Kerala,Thiruvananthapuram,Electronics,Accessories,Smart Watch,4,12739.8,40,50959.2,3690.28
5951,2024-08-14,North,Punjab,Chandigarh,Clothing,Footwear,Running Shoes,3,1904.0,0,5712.0,346.23
5952,2024-08-05,West,Gujarat,Ahmedabad,Clothing,Footwear,Running Shoes,5,1008.0,20,5040.0,815.65
5953,2022-05-15,West,Goa,Panaji,Office Supplies,Printers,HP Inkjet Printer,6,5787.0,0,34722.0,4252.96
5954,2022-04-11,North,Haryana,Faridabad,Office Supplies,Printers,Canon Laser Printer,5,1319.2,15,6596.0,867.35
5955,2022-05-27,South,Telangana,Karimnagar,Office Supplies,Ink & Toner,Canon Toner,5,310.5,25,1552.5,258.38
5956,2023-08-17,East,Assam,Guwahati,Furniture,Storage,TV Unit,2,31488.0,25,62976.0,5830.97
5957,2022-09-26,West,Gujarat,Ahmedabad,Electronics,Accessories,Wireless Earbuds,1,37795.5,10,37795.5,5432.3
5958,2023-04-11,North,Rajasthan,Jodhpur,Furniture,Chairs,Wooden Dining Chair,2,21782.7,10,43565.4,8262.73
5959,2024-09-25,South,Andhra Pradesh,Guntur,Electronics,Televisions,"LG 55"" UHD",2,51579.0,0,103158.0,15597.15
5960,2022-05-25,South,Karnataka,Bengaluru,Furniture,Storage,TV Unit,4,7392.7,30,29570.8,1616.49
5961,2022-03-17,South,Andhra Pradesh,Guntur,Furniture,Sofas,Recliner Sofa,5,13409.25,5,67046.25,15882.95
5962,2022-05-11,South,Andhra Pradesh,Tirupati,Clothing,Footwear,Formal Shoes,6,2448.0,25,14688.0,3240.92
5963,2023-11-08,South,Andhra Pradesh,Visakhapatnam,Office Supplies,Stationery,A4 Paper Ream,3,9998.0,0,29994.0,3287.76
5964,2023-04-21,North,Uttar Pradesh,Kanpur,Office Supplies,Ink & Toner,Canon Toner,2,2744.55,5,5489.1,1196.52
5965,2024-06-29,North,Rajasthan,Jaipur,Clothing,Womenswear,Saree,4,3530.25,25,14121.0,2984.42
5966,2023-04-24,South,Andhra Pradesh,Visakhapatnam,Office Supplies,Ink & Toner,Canon Toner,1,7838.25,25,7838.25,1153.55
5967,2022-05-13,East,Assam,Dibrugarh,Furniture,Tables,Office Desk,1,13867.75,15,13867.75,3040.37
5968,2024-06-10,South,Karnataka,Hubballi,Furniture,Sofas,3-Seater Fabric Sofa,1,30400.3,30,30400.3,2795.44
5969,2022-01-26,North,Uttar Pradesh,Kanpur,Office Supplies,Stationery,Gel Pen Pack,3,5792.4,10,17377.2,962.2
5970,2022-04-02,West,Maharashtra,Nagpur,Office Supplies,Stationery,Gel Pen Pack,4,6835.0,0,27340.0,3451.07
5971,2022-07-12,North,Uttar Pradesh,Lucknow,Electronics,Laptops,HP Pavilion,3,20908.3,15,62724.9,4134.4
5972,2022-03-26,North,Rajasthan,Udaipur,Furniture,Sofas,3-Seater Fabric Sofa,6,36939.6,10,221637.6,12617.45
5973,2022-04-18,South,Karnataka,Mysuru,Clothing,Womenswear,Kurti,2,3001.5,10,6003.0,716.39
5974,2022-11-10,South,Tamil Nadu,Madurai,Clothing,Footwear,Sandals,5,3651.0,25,18255.0,3362.52
5975,2024-10-21,West,Madhya Pradesh,Indore,Office Supplies,Printers,HP Inkjet Printer,2,4260.0,20,8520.0,491.32
5976,2024-07-26,South,Karnataka,Mysuru,Office Supplies,Ink & Toner,HP Ink Cartridge,1,5574.6,10,5574.6,867.82
5977,2022-05-11,West,Madhya Pradesh,Indore,Clothing,Footwear,Sandals,6,681.15,5,4086.9,958.76
5978,2023-04-02,East,West Bengal,Howrah,Clothing,Footwear,Running Shoes,4,1139.0,15,4556.0,925.05
5979,2024-01-09,North,Uttar Pradesh,Kanpur,Furniture,Tables,Office Desk,2,4608.7,15,9217.4,1067.51
5980,2024-03-16,North,Uttar Pradesh,Lucknow,Electronics,Laptops,Lenovo IdeaPad,2,21179.4,40,42358.8,4691.35
5981,2024-09-17,West,Madhya Pradesh,Indore,Electronics,Laptops,HP Pavilion,6,34600.5,25,207603.0,6462.85
5982,2024-03-17,North,Rajasthan,Udaipur,Electronics,Laptops,Dell Inspiron 15,2,59393.7,10,118787.4,16118.49
5983,2024-09-21,North,Delhi,Dwarka,Office Supplies,Ink & Toner,Canon Toner,3,1089.9,30,3269.7,246.47
5984,2022-10-19,East,Bihar,Gaya,Furniture,Sofas,Recliner Sofa,3,21533.6,20,64600.8,14512.56
5985,2023-05-19,South,Kerala,Kozhikode,Electronics,Accessories,Bluetooth Speaker,1,31644.65,15,31644.65,1616.08
5986,2023-10-23,West,Gujarat,Vadodara,Clothing,Menswear,Formal Shirt,6,220.0,20,1320.0,281.13
5987,2022-10-19,East,Odisha,Cuttack,Clothing,Menswear,Sherwani,1,430.0,0,430.0,95.0
5988,2022-01-09,North,Uttar Pradesh,Kanpur,Furniture,Chairs,Wooden Dining Chair,3,14426.1,10,43278.3,5335.57
5989,2023-11-18,North,Punjab,Ludhiana,Office Supplies,Stationery,A4 Paper Ream,1,7629.3,10,7629.3,932.9
5990,2024-09-25,West,Gujarat,Vadodara,Clothing,Footwear,Sandals,6,3362.0,0,20172.0,4699.13
5991,2022-06-12,South,Karnataka,Hubballi,Electronics,Televisions,"Sony Bravia 43""",6,13457.2,15,80743.2,3876.41
5992,2023-12-01,West,Maharashtra,Nagpur,Furniture,Tables,Dining Table 6-Seater,6,35636.4,10,213818.4,24076.15
5993,2023-11-10,South,Karnataka,Bengaluru,Electronics,Mobile Phones,OnePlus 12R,3,46206.75,25,138620.25,15542.65
5994,2023-01-14,East,Bihar,Patna,Clothing,Menswear,Sherwani,5,2960.8,20,14804.0,2681.49
5995,2022-03-11,East,Assam,Dibrugarh,Furniture,Chairs,Wooden Dining Chair,3,8610.7,30,25832.1,1828.54
5996,2024-11-19,North,Haryana,Faridabad,Electronics,Laptops,Asus Vivobook,4,15767.15,5,63068.6,8694.94
5997,2022-11-18,North,Delhi,New Delhi,Clothing,Footwear,Sandals,1,1547.55,5,1547.55,286.0
5998,2023-04-14,West,Maharashtra,Mumbai,Furniture,Chairs,Ergonomic Office Chair,3,12516.0,25,37548.0,5484.86
5999,2024-09-26,East,Assam,Dibrugarh,Furniture,Storage,Bookshelf,1,31843.05,5,31843.05,1909.42
